ticker,sector,date,open,high,low,close,volume,daily_return_pct,pct_change,ma_7,ma_30,ma_50,rsi,macd,volatility_10d,signal,next_day_return
GOOGL,Technology,2021-02-01,3012.49,3059.21,3010.74,1237.6000000000001,44229925,1.2392,1.8998,271.57,3049.82,3049.82,50.39,0.0,37.6418,Sell,-1.9572
JNJ,Healthcare,2021-09-01,139.77,139.88,135.07,137.25,57603424,-1.803,-1.6834,137.69,148.86,155.74,51.68,-5.98,3.3942,Sell,-1.655
JPM,Finance,2021-07-16,196.4,200.71,195.36,198.92,75133357,1.2831,2.3304,189.96,178.73,170.64,67.75,7.57,5.015,Buy,1.2738
AMZN,E-Commerce,2021-10-15,3937.66,3988.52,3936.09,1237.6000000000001,61647398,0.0691,0.123,1240.1075,3994.66,3961.19,42.77,11.09,47.9441375,Buy,-0.7131
JNJ,Healthcare,2021-09-28,125.96,126.36,122.38,123.82,73525480,-1.699,-1.7068,125.01,134.06,142.12,36.86,-5.22,2.0929,Sell,-1.554
GOOGL,Technology,2021-02-22,3144.27,3164.99,3053.98,1237.6000000000001,42218142,-2.1843,-2.1871,1240.1075,3058.08,3075.59,55.0,20.84125,42.4349,Buy,2.118
JPM,Finance,2021-08-31,228.39,228.63,227.1,228.31,7061680,-0.035,0.6569,231.32,222.48,207.79,45.01,3.99,3.9888,Buy,0.7086
TSLA,Automotive,2021-07-01,102.28,109.74,99.42,106.4,54316242,4.0282,4.70215,87.54,77.31,82.93,50.49,0.28,15.4574,Buy,3.6082
AAPL,Technology,2021-04-09,144.44,144.96,141.07,142.22,42661003,-1.537,-1.8496,149.24,152.05,153.73,60.38,-1.47,3.7707,Sell,-1.1948
GOOGL,Technology,2021-02-11,3120.76,3134.11,3112.93,1237.6000000000001,9313158,0.0769,-0.0048,1240.1075,2996.52,3123.16,71.95,20.84125,47.9441375,Hold,-0.3367
JNJ,Healthcare,2021-09-17,126.28,126.6,126.14,126.45,21773959,0.1346,-0.079,131.9,139.48,147.04,43.02,-4.48,3.9003,Sell,-0.1528
JPM,Finance,2021-07-09,184.22,184.52,181.2,183.37,73185331,-0.4614,-0.4452,184.32,174.23,166.74,65.54,6.09,2.5159,Buy,-0.2343
GOOGL,Technology,2021-12-13,2689.5,2697.16,2675.12,1237.6000000000001,61668945,-0.2766,-0.2863,1240.1075,2696.21,2701.65,56.65,-0.35,28.5586,Buy,-4.1903
NFLX,Entertainment,2021-04-12,446.58,450.9,435.08,437.58,58905704,-2.0153,-3.1045,447.64,436.71,431.58,53.33,6.67,9.511,Buy,-2.7243
AMZN,E-Commerce,2021-07-05,3541.64,3614.24,3540.37,1237.6000000000001,7637878,1.6077,1.3539,1240.1075,3393.95,3260.54,60.49,20.84125,47.9441375,Buy,-0.8647
GOOGL,Technology,2021-09-23,2640.83,2693.35,2636.02,1237.6000000000001,43312141,1.403,1.1364,1240.1075,2701.73,2742.43,57.77,-7.88,29.0645,Sell,5.6016
JPM,Finance,2021-03-12,129.0,130.01,126.52,128.4,75383103,-0.4651,0.9513,130.05,137.73,142.28,36.3,-3.99,4.2386,Sell,-0.7147
JPM,Finance,2021-11-01,238.68,240.4,238.04,239.83,29553925,0.4818,0.5872,242.03,239.92,235.98,40.18,-0.19,3.1962,Buy,0.5074
AAPL,Technology,2021-10-04,135.8,139.32,134.51,138.17,12109332,1.7452,2.0684,135.58,140.31,142.8,49.89,-3.0,1.8478,Sell,2.0485
AAPL,Technology,2021-06-03,133.54,134.19,132.49,133.62,30017068,0.0599,-0.0748,135.19,137.78,140.44,62.16,-1.34,3.3049,Sell,0.3841
NFLX,Entertainment,2021-01-05,521.74,532.24,520.22,524.58,12682126,0.5443,0.5463,524.58,524.58,524.58,32.43,0.0,0.01,Hold,-0.3736
MSFT,Technology,2021-07-13,285.38,290.0,284.4,287.87,59701179,0.8725,0.7525,281.95,282.62,279.55,23.3,-0.68,3.8272,Hold,0.9966
GOOGL,Technology,2021-02-23,3076.19,3099.08,3071.49,1237.6000000000001,56844834,-0.0842,-0.0647,1240.1075,3061.29,3073.6,58.81,20.84125,42.6064,Buy,2.2393
MSFT,Technology,2021-09-13,338.06,338.22,335.31,335.8,71201760,-0.6685,-0.9381,342.93,340.92,323.1,53.5,-1.64,4.2616,Buy,-0.4059
MSFT,Technology,2021-02-18,314.95,315.94,314.92,315.81,25944009,0.2731,0.0697,319.51,316.07,315.81,29.26,4.24,4.3298,Buy,0.7711
GOOGL,Technology,2021-04-26,2686.41,2693.94,2624.2,1237.6000000000001,48803057,-0.9775,-1.2312,1240.1075,2849.35,2932.47,32.55,-19.588749999999997,34.7063,Sell,-2.1553
JNJ,Healthcare,2021-06-16,178.83,181.87,177.79,179.95,37785820,0.6263,0.8519,177.73,181.88,181.56,49.3,-3.53,1.8808,Sell,0.8478
NFLX,Entertainment,2021-08-05,527.1,555.48,526.88,547.9,11643728,3.9461,3.6668,522.76,475.11,473.95,69.42,20.84125,21.2018,Buy,3.513
AAPL,Technology,2021-06-07,131.32,132.75,130.34,131.66,15401947,0.2589,-0.4009,133.38,137.43,139.67,59.16,-1.51,2.7504,Sell,0.0749
JPM,Finance,2021-12-23,238.0,243.91,237.09,242.28,41094462,1.7983,1.7,242.65,249.73,246.55,39.83,-3.94,3.6184,Sell,1.4872
JPM,Finance,2021-03-19,127.49,129.18,126.93,128.0,22956190,0.4,-0.3426,128.06,135.49,139.19,46.02,-5.73,1.5105,Sell,0.5479
NFLX,Entertainment,2021-04-14,431.2,435.84,417.27,419.86,46591422,-2.6299,-3.4627,439.81,436.65,431.43,54.44,3.28,11.8705,Buy,-1.9048
JPM,Finance,2021-12-21,241.69,243.08,240.09,242.48,41590292,0.3269,0.2356,245.35,250.09,246.62,23.84,-3.54,3.0142,Hold,0.6979
TSLA,Automotive,2021-09-15,126.41,140.58,121.54,131.71,22412816,4.1927,4.70215,133.51,144.56,135.18,34.4,-6.73,11.5996,Sell,3.823
AMZN,E-Commerce,2021-10-01,4056.38,4092.13,4055.7,1237.6000000000001,65421655,0.2147,0.3411,1240.1075,3944.76,3929.16,56.16,20.84125,31.5054,Buy,-0.1176
TSLA,Automotive,2021-03-23,172.0,173.16,154.62,160.49,40572292,-4.3987125,-4.145,171.22,173.25,166.19,37.71,4.18,8.5283,Sell,-5.8069749999999996
JNJ,Healthcare,2021-04-09,173.63,173.95,173.61,173.75,33514380,0.0691,0.9353,170.56,166.08,162.68,61.96,1.5,3.017,Buy,0.3171
JNJ,Healthcare,2021-04-27,183.47,187.0,182.67,186.33,11361409,1.5588,1.9534,182.46,173.55,167.73,68.44,6.92,2.2229,Buy,1.3152
GOOGL,Technology,2021-03-05,3064.19,3085.08,2983.53,1237.6000000000001,59066464,-1.8015,-1.8245,1240.1075,3095.04,3008.99,55.3,-12.32,33.604,Sell,0.4042
GOOGL,Technology,2021-05-31,2424.41,2502.18,2414.25,1237.6000000000001,67214480,1.7493,1.0578,1240.1075,2595.72,2707.27,35.1,-19.588749999999997,47.9441375,Sell,-2.3205
GOOGL,Technology,2021-08-31,2622.62,2645.01,2610.13,1237.6000000000001,48059483,-0.2803,-1.014,1240.1075,2778.85,2776.7,55.44,-12.67,47.9441375,Sell,-0.8268
GOOGL,Technology,2021-03-26,2956.59,3010.4,2943.92,1237.6000000000001,27009377,1.727,1.5141,1240.1075,3022.05,3030.76,43.12,-19.588749999999997,47.9441375,Sell,-1.8043
MSFT,Technology,2021-07-08,277.67,283.2,275.05,282.86,52363299,1.8691,1.8728,279.15,281.25,279.7,33.89,1.45,6.8512,Sell,2.0425
TSLA,Automotive,2021-03-25,173.73,174.2,167.76,169.74,55119779,-2.2967,-1.3942,169.66,171.73,165.66,43.68,1.66,7.6913,Sell,-1.9065
JPM,Finance,2021-08-26,234.43,237.72,229.55,229.99,51158430,-1.894,-2.3853,230.19,219.85,204.37,56.27,4.98,4.9154,Buy,-2.0359
JPM,Finance,2021-03-29,135.96,140.55,134.72,140.0,52829846,2.9715,2.444,131.86,133.97,137.76,53.04,-2.32,4.7807,Sell,3.002
GOOGL,Technology,2021-10-13,2714.0,2727.83,2703.89,1237.6000000000001,68213135,0.1415,-0.0853,1240.1075,2682.02,2711.85,40.72,13.5,20.7191,Buy,0.6416
GOOGL,Technology,2021-10-22,2688.49,2694.18,2624.18,1237.6000000000001,56356260,-2.1194,-2.5764,1240.1075,2699.0,2702.58,42.03,4.22,40.3113,Buy,0.7818
AMZN,E-Commerce,2021-10-12,4026.04,4039.1,4009.12,1237.6000000000001,10327554,0.2037,0.9234,1240.1075,3985.57,3956.23,53.85,20.84125,34.5175,Buy,-5.8069749999999996
JPM,Finance,2021-06-24,164.75,172.59,162.82,170.75,44814652,3.6419,3.579,171.43,165.06,160.57,48.62,3.64,3.2498,Buy,3.1996
NFLX,Entertainment,2021-09-22,573.51,578.84,569.59,569.76,17549000,-0.6539,0.3505,557.2,544.22,525.93,58.97,6.76,10.2482,Buy,-2.652
JPM,Finance,2021-01-13,150.64,151.09,140.66,142.97,57803872,-4.3987125,-4.5594,153.28,142.97,142.97,54.17,0.0,0.01,Buy,-5.4937
AMZN,E-Commerce,2021-03-10,3125.6,3173.7,3093.82,1237.6000000000001,65066086,0.8782,0.683,1240.1075,3328.52,3153.05,46.21,-19.588749999999997,47.9441375,Sell,-5.8069749999999996
GOOGL,Technology,2021-03-08,3006.74,3052.11,2951.95,1237.6000000000001,77938426,-1.7215,-1.795,1240.1075,3092.72,2954.98,51.31,-19.588749999999997,47.9441375,Sell,2.6511
GOOGL,Technology,2021-08-12,2786.73,2836.01,2779.14,1237.6000000000001,23728335,1.6503,2.0418,1240.1075,2819.57,2737.1,67.08,-19.588749999999997,44.3495,Sell,2.8645
JNJ,Healthcare,2021-07-20,157.35,159.85,155.95,159.43,66932872,1.3219,0.8923,160.13,171.23,175.37,28.45,-6.94,4.1068,Hold,0.7976
TSLA,Automotive,2021-02-01,137.96,141.22,129.7,135.03,76377252,-2.1238,-0.3469,132.05,135.03,135.03,37.39,7.39,10.0558,Sell,-1.8784
AMZN,E-Commerce,2021-05-17,3068.8,3114.47,3051.78,1237.6000000000001,76688082,1.0362,1.4667,1240.1075,3120.2,3149.19,57.68,0.0,38.4864,Sell,3.9475
TSLA,Automotive,2021-07-26,125.59,130.82,121.26,124.77,9131386,-0.6529,-3.2115,128.47,99.09,92.07,37.01,19.21,5.8899,Buy,-0.6326
MSFT,Technology,2021-08-13,342.06,344.29,341.08,343.64,27597187,0.4619,0.1545,337.06,307.04,297.89,64.59,17.67,9.5308,Buy,0.4209
AAPL,Technology,2021-07-09,138.41,139.43,138.34,138.49,57755843,0.0578,0.7933,137.13,133.22,135.51,50.85,2.78,2.2098,Buy,0.3092
JPM,Finance,2021-04-29,157.74,159.21,155.25,157.01,31519217,-0.4628,-0.6266,155.94,146.94,141.51,65.07,3.94,3.4016,Buy,0.018
TSLA,Automotive,2021-05-17,83.61,85.63,74.97,76.98,67299667,-4.3987125,-4.73485,82.66,105.71,131.24,44.48,-14.23,6.7545,Sell,-5.8069749999999996
GOOGL,Technology,2021-08-23,2800.9,2844.87,2791.89,1237.6000000000001,40082917,0.5056,1.0507,1240.1075,2815.5,2766.55,70.02,0.35,26.4753,Sell,-4.6768
AMZN,E-Commerce,2021-06-03,3396.0,3407.8,3357.17,1237.6000000000001,27281338,-1.0412,-1.1271,1240.1075,3120.0,3141.86,66.17,20.84125,47.9441375,Buy,-2.9464
NFLX,Entertainment,2021-06-29,482.5,492.18,481.11,489.69,46032434,1.4902,0.3916,479.71,474.61,461.21,59.13,3.98,7.4296,Buy,0.5451
AAPL,Technology,2021-06-30,134.99,138.62,134.86,137.52,11572345,1.8742,2.1922,134.36,133.57,135.46,51.02,-0.82,2.7042,Buy,1.6524
AAPL,Technology,2021-04-06,152.26,154.61,150.91,151.97,49698533,-0.1905,-0.2691,151.65,152.87,154.81,58.97,-0.29,2.028,Sell,0.1066
TSLA,Automotive,2021-05-10,78.75,96.03,72.63,89.41,57411292,4.4427875,4.70215,89.64,117.85,140.2,47.66,-15.89,9.6568,Sell,5.763225
AAPL,Technology,2021-09-16,134.67,136.01,134.44,135.93,29321184,0.9356,-0.2349,140.84,144.86,143.96,43.05,-3.5,3.2835,Sell,1.0228
JPM,Finance,2021-08-12,223.58,226.29,222.14,223.44,41489787,-0.0626,0.5626,222.95,206.11,192.86,67.25,12.68,1.9968,Buy,0.1958
MSFT,Technology,2021-11-11,352.32,356.23,350.11,353.13,59767976,0.2299,0.1134,353.85,348.6,344.81,46.81,4.46,2.3618,Buy,0.7642
TSLA,Automotive,2021-03-30,183.86,188.06,166.08,168.68,49670127,-4.3987125,-4.73485,169.63,171.38,166.17,43.07,0.35,8.1921,Sell,-5.8069749999999996
AAPL,Technology,2021-02-11,156.46,156.54,153.67,156.41,31657920,-0.032,-0.4012,157.23,158.66,156.41,35.61,-0.81,2.6962,Sell,-0.1152
MSFT,Technology,2021-12-29,329.89,330.08,327.11,327.5,77802954,-0.7245,-0.4438,329.97,345.56,347.8,35.72,-9.59,5.3713,Sell,-0.3
GOOGL,Technology,2021-08-16,2796.43,2804.86,2790.03,1237.6000000000001,56936075,-0.0161,-0.5393,1240.1075,2821.94,2746.33,66.02,-19.588749999999997,46.3167,Sell,-4.1883
AAPL,Technology,,143.76,145.77,142.44,144.6,42270407,0.5843,0.8157,143.63,137.32,138.34,61.38,5.01,1.9305,Buy,0.6799
JNJ,Healthcare,2021-11-29,113.34,118.28,112.71,118.27,9390093,4.3497,3.9371,115.27,117.13,118.81,64.86,-0.6,2.4704,Sell,4.2905
JPM,Finance,2021-06-21,173.74,175.4,169.72,170.96,66759984,-1.6001,-2.152,172.46,163.35,159.56,47.52,5.68,2.4824,Buy,-1.331
JNJ,Healthcare,2021-10-06,122.31,122.57,120.98,121.34,21955201,-0.7931,-0.5654,123.67,130.27,137.64,39.53,-4.78,1.7125,Sell,-0.564
JNJ,Healthcare,2021-01-04,170.2,173.65,169.88,173.63,50112614,2.0153,2.34,173.63,173.63,173.63,67.73,0.0,0.01,Hold,1.5923
AAPL,Technology,2021-11-22,143.0,143.98,141.28,143.36,59822639,0.2517,1.1001,141.66,139.13,138.03,48.82,3.11,1.545,Buy,0.0369
AMZN,E-Commerce,2021-09-29,4069.3,4138.63,4065.87,1237.6000000000001,50796565,0.9545,0.5699,1240.1075,3934.42,3921.12,64.17,20.84125,44.3942,Buy,-3.1156
GOOGL,Technology,2021-11-29,2694.01,2722.36,2655.47,1237.6000000000001,1000,-1.3816,-1.0481,1240.1075,2695.87,2701.36,50.6,-19.588749999999997,28.5945,Sell,-0.0667
JPM,Finance,2021-11-22,257.44,259.54,252.67,253.51,71238054,-1.5266,-1.538,254.23,244.71,241.22,55.13,4.76,5.414,Buy,-1.297
MSFT,Technology,2021-01-26,312.16,314.18,310.17,311.96,46041025,-0.0641,-0.3673,311.53,311.96,311.96,66.09,-3.05,1.9109,Sell,0.2189
MSFT,Technology,2021-04-29,285.35,287.31,282.79,285.12,17064156,-0.0806,-0.61,288.22,300.85,300.55,42.26,-9.83,2.9962,Sell,0.5386
AAPL,Technology,2021-03-15,152.79,153.77,151.31,152.25,50788639,-0.3534,-0.1705,150.92,154.53,156.71,55.02,-1.92,1.8097,Sell,-0.246
AMZN,E-Commerce,2021-04-19,3190.41,3313.32,3142.71,1237.6000000000001,19393634,3.7158,3.9148,1240.1075,3193.84,3230.49,64.75,-19.588749999999997,46.0796,Buy,5.763225
GOOGL,Technology,2021-08-20,2761.07,2811.51,2730.76,1237.6000000000001,13526193,0.8953,0.4087,1240.1075,2819.62,2763.03,71.67,-11.58,26.3228,Sell,4.0771
NFLX,Entertainment,2021-11-22,527.88,533.27,524.36,525.47,10937105,-0.4565,-0.8902,537.19,548.2,554.64,58.26,0.0,10.631,Sell,-2.2539
TSLA,Automotive,2021-01-12,184.43,189.14,179.27,184.71,44367279,0.1518,-1.5353,195.44,184.71,184.71,37.16,0.0,0.01,Buy,1.2706
JPM,Finance,2021-07-27,209.19,213.94,207.91,213.39,47710778,2.0077,2.7395,207.06,187.38,178.62,50.7,11.51,6.1341,Buy,2.5379
GOOGL,Technology,2021-11-08,2761.24,2782.26,2750.16,1237.6000000000001,63751699,0.6439,0.8404,1240.1075,2711.3,2691.49,47.91,-3.63,32.35,Buy,0.3944
TSLA,Automotive,2021-06-25,80.27,80.69,70.9,72.15,13965480,-4.3987125,-4.73485,68.21,76.19,84.61,48.66,-9.22,11.1126,Sell,-5.8069749999999996
NFLX,Entertainment,2021-03-19,429.78,444.61,422.23,440.5,31673092,2.4943,4.0682,423.51,423.05,435.43,62.05,-1.03,8.3992,Buy,1.9513
MSFT,Technology,2021-08-19,349.42,354.97,347.99,354.31,43517570,1.3995,1.8893,345.07,316.1,302.96,62.85,18.87,6.8132,Buy,1.8419
GOOGL,Technology,2021-03-31,3047.74,3060.43,3039.01,1237.6000000000001,21750028,0.2047,0.3819,1240.1075,3009.4,3037.38,42.17,-19.588749999999997,47.9441375,Sell,5.3462
TSLA,Automotive,2021-12-17,106.81,114.12,100.82,110.77,28212221,3.7075,3.9411,110.94,109.29,107.67,37.05,2.8,3.9051,Buy,3.7742
MSFT,Technology,2021-01-15,309.84,313.49,304.21,308.59,66526630,-0.4034,-0.4741,302.38,308.59,308.59,50.49,0.0,7.6548,Sell,-0.6695
GOOGL,Technology,2021-07-28,2850.03,2867.88,2838.68,1237.6000000000001,27510176,0.3719,0.5179,1240.1075,2767.34,2675.2,57.78,20.84125,19.9104,Buy,0.4119
JNJ,Healthcare,2021-03-11,167.74,168.31,164.74,165.55,56983281,-1.3056,-1.046,162.83,158.92,161.39,44.44,1.09,3.9148,Buy,-0.9316
JPM,Finance,2021-03-31,142.17,146.15,138.58,145.04,1000,2.0187,1.3911,136.85,134.05,137.84,53.87,-0.21,6.6593,Buy,2.2875
TSLA,Automotive,2021-11-19,107.77,109.85,91.86,99.06,79196545,-4.3987125,-4.73485,97.41,102.7,110.52,40.65,-0.61,6.4133,Sell,-5.8069749999999996
MSFT,Technology,2021-10-11,344.23,345.1,341.05,341.19,36474033,-0.8831,-1.4016,344.9,340.46,340.47,55.84,1.13,4.1944,Buy,-0.6807
GOOGL,Technology,2021-11-11,2731.68,2773.87,2700.41,1237.6000000000001,47851204,1.0957,1.0539,1240.1075,2714.41,2698.33,43.62,10.74,33.8812,Buy,-1.1914
AAPL,Technology,2021-12-23,143.77,146.84,141.68,144.63,21010063,0.5982,1.3454,140.56,136.93,137.58,55.45,0.57,4.7774,Buy,0.9005
TSLA,Automotive,2021-01-13,185.01,190.52,181.74,186.56,75535822,0.8378,1.0016,193.24,186.56,186.56,57.86,0.0,0.01,Buy,0.2364
TSLA,Automotive,2021-06-30,96.86,101.31,96.71,101.18,47602316,4.4427875,4.70215,81.33,76.71,83.22,48.46,-3.65,14.5259,Buy,5.2702
NFLX,Entertainment,2021-01-26,445.55,447.67,444.89,445.97,15596525,0.0943,0.6591,454.07,445.97,445.97,35.56,20.84125,16.2006,Buy,-0.3356
TSLA,Automotive,2021-12-07,114.8,119.39,107.43,108.16,42661003,-4.3987125,-4.73485,122.18,107.6,107.73,44.71,9.37,6.8773,Buy,-5.8069749999999996
AAPL,Technology,2021-12-20,139.83,142.52,138.07,138.44,43611531,-0.9941,-1.0365,135.48,136.95,137.21,57.54,-2.12,3.5346,Sell,-1.1917
AMZN,E-Commerce,2021-10-19,3980.25,3983.37,3942.82,1237.6000000000001,74257125,-0.5741,-0.4578,1240.1075,4000.72,3961.35,39.08,-10.8,47.9441375,Sell,-2.116
GOOGL,Technology,2021-07-27,2871.24,2875.59,2831.2,1237.6000000000001,32780569,-0.8829,-0.4725,1240.1075,2759.69,2670.72,60.08,20.84125,26.3023,Buy,2.158
AAPL,Technology,2021-10-25,131.06,136.08,128.46,134.84,25858145,2.8842,2.6648,135.2,136.17,139.99,56.78,-0.14,2.5219,Sell,2.7209
AAPL,Technology,2021-12-03,133.12,134.2,131.19,132.24,62936740,-0.6611,-0.4367,133.56,138.77,137.68,36.52,-2.7,3.3497,Sell,-0.5571
AAPL,Technology,2021-05-21,135.18,141.62,134.87,141.26,69735954,4.4427875,4.3433,136.43,138.19,143.75,58.36,0.25,2.5936,Sell,4.1128
NFLX,Entertainment,2021-06-30,489.7,490.35,480.73,485.98,23715400,-0.7596,-0.7576,480.94,475.35,462.33,62.69,4.18,7.7208,Buy,-0.6737
TSLA,Automotive,2021-12-30,114.89,117.06,110.89,115.56,49798866,0.5832,-2.2004,120.14,115.45,109.5,62.95,-1.22,7.1867,Buy,0.1472
JPM,Finance,2021-03-15,126.51,131.59,126.18,131.48,69205302,3.9285,2.3988,129.48,137.4,141.63,41.06,-4.25,4.0043,Sell,3.5515
AMZN,E-Commerce,2021-05-31,3246.98,3347.23,3240.84,1237.6000000000001,34572953,2.3881,3.0987,1240.1075,3100.74,3136.77,72.3,20.84125,47.9441375,Hold,3.0347
GOOGL,Technology,2021-07-29,2852.48,2864.21,2778.84,1237.6000000000001,32500544,-1.7683,-2.0482,1240.1075,2772.55,2680.36,50.19,20.84125,22.3176,Buy,5.763225
AMZN,E-Commerce,2021-06-23,3504.24,3525.02,3417.57,1237.6000000000001,61616659,-2.4602,-1.9203,1240.1075,3274.04,3207.35,48.5,20.84125,27.4083,Buy,-4.9319
NFLX,Entertainment,2021-06-11,461.47,486.91,461.26,485.2,18631178,4.4427875,4.70215,469.66,464.62,451.16,49.78,1.97,8.4699,Buy,5.763225
JPM,Finance,2021-10-06,234.94,236.74,234.8,235.23,25645369,0.1234,-0.1104,240.23,232.86,229.82,61.29,4.39,3.0946,Buy,0.5958
JPM,Finance,2021-10-18,239.57,243.08,239.39,241.74,25956311,0.9058,0.9311,241.6,236.02,232.86,54.31,3.94,2.6996,Buy,0.6141
JPM,Finance,2021-10-14,241.45,243.09,238.59,242.2,13159386,0.3106,0.0951,241.16,235.28,232.08,55.23,4.86,2.7251,Buy,0.3464
MSFT,Technology,2021-05-25,278.15,279.27,272.66,257.31500000000005,42661003,-1.6142,-1.7767,276.17,283.8,292.16,51.82,-7.19,4.5214,Sell,-1.6456
AMZN,E-Commerce,2021-03-19,3237.66,3308.14,3219.23,1237.6000000000001,54526522,2.0468,2.3104,1240.1075,3267.1,3362.68,44.44,-19.588749999999997,47.9441375,Sell,4.0581
TSLA,Automotive,2021-02-25,154.51,163.73,150.18,156.52,45151646,1.3009,3.69,166.9,160.92,156.52,33.23,12.58,9.0334,Buy,-0.5915
JNJ,Healthcare,2021-06-29,170.14,171.47,168.36,169.22,16664899,-0.5407,-1.341,176.5,178.78,181.49,46.13,0.06,4.5306,Sell,-0.1156
JNJ,Healthcare,2021-02-10,161.07,161.47,156.95,157.31,62211939,-2.3344,-2.2616,160.62,157.31,157.31,43.79,-2.6,1.8552,Buy,-2.4932
GOOGL,Technology,2021-01-21,2919.47,2987.22,2918.42,1237.6000000000001,9072062,0.9779,0.9769,1240.1075,2948.02,2948.02,50.49,3.04,35.44,Buy,1.7604
AMZN,E-Commerce,2021-06-04,3337.25,3339.44,3202.95,1237.6000000000001,15181890,-3.1799,-3.8537,1240.1075,3123.51,3140.98,53.29,20.84125,47.9441375,Buy,-2.6357
TSLA,Automotive,2021-07-28,113.33,114.54,106.18,108.73,32809204,-4.0589,-4.73485,122.68,103.21,93.0,39.52,15.63,8.5885,Buy,-2.9124
JPM,Finance,2021-06-10,169.65,172.31,169.21,171.96,25601682,1.3616,1.04,167.96,159.04,156.46,57.3,6.75,2.5028,Buy,1.8116
AAPL,Technology,2021-06-18,130.22,131.68,127.77,128.39,36648764,-1.4053,-1.2688,128.61,134.36,136.09,53.12,0.0,2.971,Sell,-1.6694
JPM,Finance,2021-04-30,156.95,158.55,153.59,155.35,75763846,-1.0194,-1.0573,155.96,147.86,141.8,65.02,3.42,3.2055,Buy,-1.2792
AMZN,E-Commerce,2021-02-19,3306.88,3324.16,3264.65,1237.6000000000001,53522482,-0.433,-0.3794,1240.1075,3484.45,3292.56,36.79,-19.588749999999997,47.9441375,Sell,-3.695
TSLA,Automotive,2021-01-25,143.54,145.63,124.54,128.3,47290008,-4.3987125,-4.73485,150.73,128.3,128.3,33.8,20.84125,19.2201,Buy,-5.8069749999999996
AAPL,Technology,2021-03-22,154.43,156.94,154.1,156.41,55475584,1.2821,1.664,155.26,154.18,156.9,53.18,-0.55,3.0297,Buy,1.6932
AAPL,Technology,2021-12-14,129.97,133.24,129.07,131.96,12592285,1.5311,1.7346,131.5,137.58,137.11,52.59,-4.3,1.5343,Sell,1.0048
JPM,Finance,2021-03-18,124.92,129.41,123.06,128.44,64629327,2.8178,2.3834,127.92,135.8,139.75,43.13,-5.85,2.3758,Sell,3.0844
NFLX,Entertainment,2021-01-27,443.22,459.0,435.97,436.09,67414895,-1.6087,-2.2154,450.42,436.09,436.09,36.06,20.84125,14.7796,Buy,-2.0394
JPM,Finance,2021-10-07,236.19,244.16,233.44,242.9,21362980,2.8409,3.2606,240.16,233.3,230.31,66.86,5.62,2.8817,Buy,3.034
NFLX,Entertainment,2021-05-24,473.97,478.05,469.18,469.91,51712931,-0.8566,-1.8752,476.56,442.16,442.96,51.57,20.32,15.1922,Buy,-1.3122
TSLA,Automotive,2021-03-02,168.21,181.15,167.61,257.31500000000005,72792223,4.4427875,4.70215,164.97,161.44,178.23,31.3,3.79,8.3806,Buy,5.638
TSLA,Automotive,2021-09-22,125.64,127.22,123.82,126.67,16630936,0.8198,1.0128,128.47,144.38,136.79,40.72,-11.69,5.77,Sell,0.8079
MSFT,Technology,2021-05-12,269.98,272.18,262.23,266.33,59189930,-1.352,-1.5525,279.79,295.13,295.99,39.77,-9.34,7.5499,Sell,-2.0376
TSLA,Automotive,,158.94,159.09,146.02,147.21,42661003,-4.3987125,-4.73485,170.34,147.21,147.21,34.28,20.84125,17.5177,Buy,-5.8069749999999996
JNJ,Healthcare,2021-05-31,180.48,182.32,179.55,182.0,5003252,0.8422,0.6248,180.67,184.2,179.24,38.57,-1.46,2.736,Sell,1.1886
TSLA,Automotive,2021-11-25,120.43,123.67,108.08,113.08,67114200,-4.3987125,-4.73485,107.51,102.07,109.16,43.02,0.26,10.9353,Buy,-5.8069749999999996
GOOGL,Technology,2021-05-06,2617.22,2631.53,2591.41,1237.6000000000001,31614521,0.1112,-0.6047,1240.1075,2777.94,2856.38,42.21,-19.588749999999997,25.967,Sell,-0.7473
MSFT,Technology,2021-05-04,290.2,290.59,282.82,286.18,7052787,-1.3853,-1.1878,287.63,300.49,298.77,35.14,-11.46,1.6242,Sell,-1.6642
JNJ,Healthcare,2021-05-19,187.65,188.14,186.33,187.25,47200444,-0.2132,0.1926,188.02,183.42,176.99,43.11,2.7,1.098,Buy,-0.3025
JPM,Finance,2021-03-08,134.31,135.69,126.97,129.29,41141710,-3.7376,-3.7089,135.32,140.23,129.29,40.46,-2.34,3.0381,Sell,-3.4865
GOOGL,Technology,2021-11-09,2770.86,2773.23,2688.43,1237.6000000000001,59598401,-2.2073,-2.4944,1240.1075,2712.06,2693.38,43.74,2.48,31.9404,Buy,-1.3577
JNJ,Healthcare,2021-08-11,146.59,148.02,146.01,147.37,5627089,0.5321,1.1115,151.12,159.52,166.6,41.74,-4.73,3.5536,Sell,0.1175
NFLX,Entertainment,2021-11-29,508.28,509.93,505.1,1.0,6388284,0.1594,-0.7622,516.4,532.78,550.56,48.25,1.19,13.6484,Sell,1.8485
GOOGL,Technology,2021-11-12,2774.81,2775.04,2731.31,1237.6000000000001,44483781,-1.0707,-0.5978,1240.1075,2715.36,2700.91,45.29,9.26,34.3646,Buy,-3.6831
MSFT,Technology,2021-02-25,312.71,315.14,303.67,308.25,45988964,-1.4262,-1.3095,315.04,318.22,308.25,29.26,-1.79,4.5054,Hold,-1.317
AAPL,Technology,2021-05-26,139.4,140.43,138.81,139.39,75598369,-0.0072,0.0934,138.8,138.38,142.83,48.8,-0.74,2.8052,Buy,0.075
MSFT,Technology,2021-07-05,278.97,280.05,276.71,279.48,1000,0.1828,0.8443,285.19,280.4,280.19,39.41,1.88,6.5605,Buy,0.2868
TSLA,Automotive,2021-02-02,139.07,144.43,135.16,144.1,10715734,3.6169,4.70215,132.34,144.1,144.1,46.63,-4.18,8.0091,Sell,3.102
NFLX,Entertainment,2021-08-17,547.93,557.58,544.43,554.66,28982633,1.2283,1.4616,544.08,492.95,485.85,67.25,20.84125,7.7847,Buy,1.2147
NFLX,Entertainment,2021-10-15,613.98,621.16,604.8,609.39,51123977,-0.7476,-1.1661,600.74,565.65,555.73,61.67,16.23,18.5036,Buy,-0.2138
AAPL,Technology,2021-04-08,145.58,146.29,144.77,144.9,6627013,-0.4671,-1.348,150.88,152.37,154.18,59.42,-0.91,2.9967,Sell,-0.8218
NFLX,Entertainment,2021-03-09,414.44,438.72,412.65,426.95,73774427,3.0185,2.6742,423.89,425.91,426.95,49.31,0.36,6.3024,Sell,2.2584
NFLX,Entertainment,2021-12-07,516.91,527.12,516.12,516.39,13082417,-0.1006,-0.3762,517.43,521.46,545.58,47.83,-5.27,7.514,Sell,0.3756
AAPL,Technology,2021-11-24,136.33,139.82,134.81,138.72,1000,1.7531,0.3109,140.84,139.18,138.08,30.57,2.11,1.4314,Buy,1.6117
NFLX,Entertainment,2021-07-29,516.07,525.11,508.09,514.21,67768503,-0.3604,-0.48,485.09,466.46,469.21,62.84,-0.23,28.0002,Buy,-0.959
GOOGL,Technology,2021-09-07,2616.4,2630.35,2613.93,1237.6000000000001,12849068,0.1743,0.1173,1240.1075,2738.96,2777.98,22.2,-19.588749999999997,47.9441375,Hold,3.5347
GOOGL,Technology,2021-10-05,2702.25,2740.72,2690.75,1237.6000000000001,28077414,1.095,1.2077,1240.1075,2676.1,2718.91,46.27,20.84125,28.3926,Buy,-2.7716
JPM,Finance,2021-05-25,159.94,164.24,158.46,162.06,41803462,1.3255,0.4899,156.23,153.95,148.71,53.63,-0.26,6.0515,Buy,1.4692
GOOGL,Technology,2021-01-29,2973.21,3009.81,2951.52,1237.6000000000001,15455396,0.6643,-0.0251,1240.1075,2992.96,2992.96,49.7,-18.55,35.3074,Sell,-2.0523
TSLA,Automotive,2021-03-31,171.98,172.55,158.75,257.31500000000005,60882379,-4.3987125,-4.0847,168.83,171.06,166.46,44.4,-0.56,6.8008,Sell,-5.8069749999999996
TSLA,Automotive,2021-09-29,128.11,128.51,114.41,119.6,37662506,-4.3987125,-4.73485,128.93,140.87,136.71,49.64,-9.15,4.9605,Sell,-5.8069749999999996
JNJ,Healthcare,2021-05-12,190.14,190.19,187.8,188.09,40817816,-1.0782,-1.2029,187.06,180.43,174.55,54.85,3.69,2.8842,Buy,-1.274
JPM,Finance,2021-05-21,161.08,163.77,159.39,161.98,67153483,0.5587,1.0733,153.19,153.48,147.42,52.29,-1.01,5.0647,Sell,0.5685
MSFT,Technology,2021-11-17,347.41,355.5,343.67,353.61,72085844,1.7846,2.3562,349.75,348.83,344.82,46.17,1.9,4.6153,Buy,2.2142
AMZN,E-Commerce,2021-03-24,3238.1,3317.03,3229.08,1.0,74049178,2.0676,2.0862,1240.1075,3243.74,3348.43,50.78,7.27,47.9441375,Buy,-3.9993
NFLX,Entertainment,2021-03-18,427.56,434.71,421.6,423.28,8444970,-1.001,-0.9338,420.18,422.65,436.8,54.21,-0.38,5.863,Sell,0.7123
TSLA,Automotive,2021-08-19,158.72,159.02,153.3,154.03,12083465,-2.9549,-1.0281,148.46,129.45,109.82,67.74,9.74,11.1515,Buy,-3.0082
TSLA,Automotive,2021-08-30,151.37,152.17,141.38,144.15,25820475,-4.3987125,-4.6375,156.43,137.08,123.43,50.49,16.85,5.5534,Buy,-5.5158
TSLA,Automotive,2021-04-15,114.68,122.11,112.73,114.17,21368226,-0.4447,-1.1001,127.91,158.94,165.42,65.11,-19.19,10.7368,Sell,-0.5856
AAPL,Technology,2021-05-20,136.55,137.71,135.36,135.38,60855371,-0.8568,-0.7696,135.78,138.22,143.97,51.89,0.56,3.3805,Sell,-0.8435
JNJ,Healthcare,2021-10-22,116.22,116.4,113.37,115.68,64921344,-0.4646,-0.4132,115.02,122.2,129.15,59.15,-4.34,1.5689,Sell,-0.6635
MSFT,Technology,2021-12-16,340.59,341.7,339.32,341.35,61945316,0.2231,-0.0527,342.15,351.0,349.87,42.33,-3.78,5.5749,Sell,0.3536
JNJ,Healthcare,2021-01-01,168.72,169.71,167.88,169.66,42204348,0.5571,0.0,169.66,169.66,169.66,50.87,0.0,0.01,Hold,0.7026
GOOGL,Technology,2021-02-24,3067.39,3098.87,3063.18,1237.6000000000001,44291425,0.8525,0.6488,1240.1075,3064.34,3093.54,59.06,20.84125,44.3536,Buy,3.574
NFLX,Entertainment,2021-07-27,494.06,501.98,492.53,500.29,12283386,1.261,1.6085,466.61,463.97,467.36,55.52,-11.15,24.4239,Buy,1.3533
AMZN,E-Commerce,2021-02-17,3408.96,3418.17,3314.97,1237.6000000000001,44180568,-2.6677,-2.6091,1240.1075,3499.43,3318.02,33.05,-18.82,47.9441375,Sell,2.2168
JNJ,Healthcare,2021-09-21,124.45,125.17,122.03,123.78,13544784,-0.5384,-0.4264,128.49,137.91,145.45,45.64,-4.63,4.7069,Sell,-0.8492
AAPL,Technology,2021-12-02,133.92,134.77,130.71,132.82,8644601,-0.8214,-1.3884,134.49,138.74,137.74,37.32,-2.16,3.6273,Sell,-1.045
NFLX,Entertainment,2021-09-30,569.19,574.59,561.48,561.93,24745951,-1.2755,-0.8872,560.45,547.45,539.52,52.98,11.53,7.1753,Buy,0.2748
AAPL,Technology,2021-06-24,134.98,137.37,134.54,135.9,11364621,0.6816,0.8235,131.86,133.77,135.8,49.32,-2.69,3.6295,Sell,0.7169
JNJ,Healthcare,2021-08-18,148.29,148.96,146.25,146.63,49669277,-1.1194,-0.6505,271.57,156.27,163.86,46.48,-4.82,1.9602,Sell,-0.6453
MSFT,Technology,2021-04-09,316.44,319.52,310.03,310.99,49036554,-1.7223,-1.8154,313.15,300.8,308.5,53.99,8.76,4.0579,Buy,-2.4444
GOOGL,Technology,2021-11-25,2681.59,2735.91,2680.29,1237.6000000000001,53949400,1.8455,1.9707,1240.1075,2702.84,2702.6,47.06,-11.71,36.8943,Sell,0.0251
NFLX,Entertainment,2021-08-30,529.35,552.26,526.36,547.87,56749312,3.4986,3.7043,545.27,524.29,498.42,63.96,9.63,8.3316,Buy,5.0033
JNJ,Healthcare,2021-05-25,180.12,182.39,177.93,178.17,42915804,-1.0826,-0.9506,183.61,184.03,178.22,47.28,1.0,3.6904,Sell,-0.8848
JPM,Finance,2021-02-12,141.35,142.89,140.08,140.49,13705883,-0.6084,-0.4111,139.38,146.18,140.49,40.79,-3.19,2.6541,Sell,-0.7788
NFLX,Entertainment,2021-03-16,424.31,430.55,419.85,425.24,32934553,0.2192,0.2617,419.07,423.04,440.74,51.38,-0.77,7.7197,Sell,-0.2707
GOOGL,Technology,2021-05-12,2534.57,2573.6,2526.13,1237.6000000000001,26761083,0.9086,0.4943,1240.1075,2716.56,2813.66,37.08,-19.588749999999997,46.7634,Sell,-0.108
AAPL,Technology,2021-04-02,154.47,154.79,151.14,152.66,56979615,-1.1717,-0.6508,152.18,152.84,155.26,50.49,0.2,2.4736,Sell,-0.9492
TSLA,Automotive,2021-06-02,83.61,86.95,75.1,77.67,55353856,-4.3987125,-4.73485,84.44,90.97,110.28,52.32,-0.51,5.2482,Sell,-5.8069749999999996
NFLX,Entertainment,2021-09-17,559.97,565.49,545.11,551.71,42661003,-1.4751,-1.9827,548.68,542.5,517.73,51.82,-0.51,8.464,Buy,0.033
JPM,Finance,2021-09-08,232.08,232.77,230.65,230.96,19981740,-0.4826,0.039,230.62,226.87,214.4,36.74,3.46,1.8563,Buy,-0.2836
JNJ,Healthcare,2021-11-12,117.62,117.64,116.13,116.36,41574089,-1.0712,-0.6659,117.22,117.74,122.24,44.9,0.61,1.3742,Sell,-0.9576
NFLX,Entertainment,2021-04-26,426.61,430.7,409.06,418.77,49730083,-1.8377,-1.4125,423.24,437.69,432.42,52.2,-10.94,6.2198,Sell,-3.9982
JNJ,Healthcare,2021-04-30,182.8,185.16,182.48,184.99,37283916,1.198,0.7296,184.03,175.08,169.41,67.01,6.08,2.067,Buy,0.7115
AMZN,E-Commerce,2021-07-28,3908.77,3928.44,3842.6,1237.6000000000001,77331602,-1.6849,-1.4697,1240.1075,3631.3,3491.17,53.3,20.84125,47.9441375,Buy,1.6769
TSLA,Automotive,2021-11-08,110.1,111.38,85.07,91.33,23383840,-4.3987125,-4.73485,101.58,107.23,118.94,51.07,-3.25,9.3641,Sell,-5.8069749999999996
NFLX,Entertainment,2021-03-25,449.4,454.41,446.23,448.27,67401280,-0.2514,-0.8537,445.75,428.61,432.68,60.97,4.11,18.3532,Buy,-0.7285
JPM,Finance,2021-04-19,150.77,155.03,149.17,151.64,72412640,0.577,0.3308,151.76,139.65,139.23,60.9,9.29,1.9401,Buy,0.7077
MSFT,Technology,2021-01-20,311.03,313.26,310.05,310.79,26391872,-0.0772,-0.3207,309.6,310.79,310.79,67.72,-7.51,7.3394,Sell,0.6755
JNJ,Healthcare,2021-03-05,159.62,160.61,158.91,160.53,56473397,0.5701,0.7405,157.51,157.95,160.53,33.57,-2.55,3.7281,Sell,0.3356
TSLA,Automotive,2021-08-31,142.91,147.92,132.62,144.29,42496120,0.9656,0.0971,153.77,137.46,125.05,52.46,15.61,6.5723,Buy,1.1456
TSLA,Automotive,2021-04-07,134.4,141.14,130.39,139.85,38197092,4.0551,4.70215,149.95,167.02,167.52,58.57,-8.74,15.0077,Sell,4.6442
JPM,Finance,2021-11-10,242.84,246.98,240.53,245.71,5951680,1.1818,0.9491,242.84,241.26,237.62,49.89,1.13,2.1719,Buy,1.0519
JNJ,Healthcare,2021-04-19,180.38,182.19,179.61,180.8,78205546,0.2328,0.5897,178.89,170.14,164.87,60.56,4.81,4.0276,Buy,0.1786
NFLX,Entertainment,2021-07-30,513.37,524.94,499.44,507.63,34670197,-1.1181,-1.2796,492.44,467.54,469.78,66.33,5.95,26.8765,Buy,-2.0398
MSFT,Technology,2021-06-09,285.75,289.9,284.19,284.28,21430066,-0.5144,-0.5458,277.37,277.15,286.93,53.84,-1.11,5.57,Buy,-1.0356
AAPL,Technology,2021-09-17,135.95,136.63,133.07,134.55,42114536,-1.0298,-1.0152,139.44,144.38,143.88,43.46,-3.63,3.7987,Sell,-1.1846
TSLA,Automotive,2021-06-08,73.78,77.91,71.1,72.5,10986128,-1.7349,-2.7498,78.66,86.22,102.64,46.9,-2.03,4.7844,Sell,-0.8954
AAPL,Technology,2021-10-26,135.01,135.41,129.96,132.34,37267092,-1.9776,-1.854,134.49,135.97,139.69,53.53,-0.47,2.6478,Sell,-1.9694
JPM,Finance,2021-02-25,135.88,139.46,134.63,137.23,30294829,0.9935,0.9564,140.25,142.53,137.23,50.17,-1.88,3.0023,Sell,0.7848
AMZN,E-Commerce,2021-07-16,3716.04,3801.78,3676.73,1237.6000000000001,20687757,1.9456,2.1251,1240.1075,3505.87,3364.1,65.27,20.84125,47.9441375,Buy,-0.1047
MSFT,Technology,2021-04-23,289.04,290.21,288.2,288.94,15327606,-0.0346,-0.4102,292.54,301.42,302.83,50.49,-2.61,8.9794,Sell,0.0736
AAPL,Technology,2021-07-08,137.65,139.5,136.89,137.4,29089451,-0.1816,-1.0158,136.99,133.14,135.52,53.52,2.66,2.3046,Buy,-0.1158
AAPL,Technology,2021-05-17,135.3,135.61,131.87,132.55,9680583,-2.0325,-1.7857,138.07,139.35,144.8,38.84,1.16,3.9662,Sell,-2.1935
JNJ,Healthcare,2021-09-27,126.91,127.35,125.03,125.97,72780861,-0.7407,-0.8735,125.38,134.85,142.84,38.35,-4.88,2.5223,Sell,-0.7109
JNJ,Healthcare,2021-11-18,119.91,120.56,117.23,119.07,22872119,-0.7005,-0.7833,118.58,117.36,120.91,48.03,0.59,1.3635,Buy,-0.5605
JPM,Finance,2021-06-23,168.08,169.99,164.6,164.85,22510359,-1.9217,-2.2764,171.7,164.48,160.11,43.59,4.11,3.2552,Buy,-1.8971
NFLX,Entertainment,2021-04-16,431.14,433.8,416.36,418.55,10199488,-2.9202,-2.6945,433.01,436.49,431.23,54.17,0.67,14.2783,Sell,-4.0663
AAPL,Technology,,135.58,138.03,134.67,137.75,69511785,1.6005,1.8409,136.39,143.6,143.69,50.67,-3.91,3.624,Sell,1.5188
NFLX,Entertainment,2021-12-15,527.1,529.94,502.04,507.2,40049056,-3.7754,-3.8957,518.33,522.44,539.92,47.78,-3.86,8.4376,Sell,-2.1925
JNJ,Healthcare,2021-10-13,118.27,118.55,115.96,116.82,20427044,-1.226,-1.0503,119.42,127.12,133.95,34.48,-4.14,2.8936,Sell,-1.3092
AMZN,E-Commerce,2021-07-21,3781.98,3883.51,3770.36,1237.6000000000001,6967502,2.0106,2.0951,1240.1075,3554.74,3411.63,59.8,20.84125,47.9441375,Buy,5.763225
NFLX,Entertainment,2021-02-16,409.27,430.61,401.24,424.0,47588291,3.5991,2.6162,415.54,451.51,424.0,49.61,-19.588749999999997,8.2281,Sell,4.3434
MSFT,Technology,2021-10-29,359.15,359.33,355.01,355.22,7373435,-1.0943,-0.6433,351.52,343.37,342.99,56.56,3.47,5.5304,Buy,-0.9999
NFLX,Entertainment,2021-12-21,502.91,517.85,496.93,507.48,30928768,0.9087,-0.2183,514.47,520.64,533.25,47.59,-4.31,9.5543,Sell,1.0881
JPM,Finance,2021-09-28,243.06,246.29,242.55,243.36,50364399,0.1234,0.4872,234.64,230.97,226.14,50.02,0.53,6.8727,Buy,0.1659
AMZN,E-Commerce,2021-12-20,4255.09,4299.7,4232.62,1237.6000000000001,71905334,0.6841,0.8446,1240.1075,4151.83,4085.99,49.37,20.84125,39.1679,Buy,-5.1889
GOOGL,Technology,2021-09-09,2605.78,2679.72,2601.45,1237.6000000000001,72321158,2.7055,2.1656,1240.1075,2726.73,2776.69,39.22,-19.588749999999997,19.7988,Sell,-0.7896
JNJ,Healthcare,2021-01-13,168.82,169.62,167.43,169.13,43167549,0.1836,0.2489,170.76,169.13,169.13,46.95,0.0,0.01,Buy,-0.1927
AAPL,Technology,2021-10-22,131.62,132.64,129.97,131.34,52622586,-0.2127,-0.3188,135.31,136.39,140.24,52.39,0.29,2.5122,Sell,-0.0828
JPM,Finance,2021-12-30,236.13,241.85,236.07,240.77,57319952,1.965,2.7307,239.33,247.26,246.53,45.86,-5.37,3.2564,Sell,1.7634
JPM,Finance,2021-09-16,228.0,230.53,224.14,226.69,78582112,-0.5746,-0.3078,229.57,228.08,219.79,38.22,1.2,2.391,Buy,-1.4458
MSFT,Technology,2021-07-28,307.77,311.52,305.75,308.81,37987129,0.3379,1.0636,304.87,288.93,284.61,51.94,7.59,8.727,Buy,0.4134
TSLA,Automotive,2021-08-10,142.04,147.19,134.55,135.46,55734575,-4.3987125,0.0665,128.49,118.96,99.55,46.2,0.66,10.1756,Buy,-4.5844
AMZN,E-Commerce,2021-04-05,3131.65,3134.19,3045.08,1237.6000000000001,23079481,-2.605,-2.2579,1240.1075,3180.29,3287.35,41.51,20.84125,47.9441375,Sell,-2.7175
MSFT,Technology,2021-08-05,328.95,334.67,325.85,333.13,11971781,1.2707,1.8372,318.63,296.72,290.11,66.82,15.94,8.5921,Buy,0.2565
JPM,Finance,2021-12-31,240.44,244.79,239.1,244.31,35102259,1.6095,1.4703,240.2,246.83,246.61,49.92,-5.33,3.3008,Sell,1.3167
JNJ,Healthcare,2021-02-18,157.79,157.93,157.2,157.31,21322890,-0.3042,-0.6191,158.3,161.37,157.31,28.46,-0.87,1.3716,Hold,-0.1596
AMZN,E-Commerce,2021-02-05,3480.93,3542.01,3434.58,1237.6000000000001,59191772,1.4413,1.3641,1240.1075,3531.1,3531.1,62.5,-19.588749999999997,28.5587,Sell,-5.8069749999999996
AAPL,Technology,2021-11-05,143.82,145.36,142.99,144.24,7833978,0.292,0.3967,140.09,136.86,138.15,57.3,0.2,3.53,Buy,0.1134
NFLX,Entertainment,2021-12-29,551.0,562.78,541.75,561.86,51345505,1.971,1.278,542.06,523.31,526.94,58.08,6.94,21.0669,Buy,2.4148
AAPL,Technology,2021-11-30,134.79,135.27,132.21,134.02,42630970,-0.5713,-0.3495,136.51,138.7,137.93,36.12,-1.03,3.7751,Sell,-0.3649
TSLA,Automotive,2021-10-05,108.57,109.81,104.91,107.41,48825436,-1.0684,-1.0137,118.1,134.71,135.69,48.45,-8.49,10.3093,Sell,-1.1664
AMZN,E-Commerce,2021-02-04,3425.44,3494.28,3410.82,1237.6000000000001,43375530,1.6973,1.6377,1240.1075,3483.58,3483.58,68.22,4.31,25.2422,Sell,-3.6566
GOOGL,Technology,2021-02-10,3082.06,3144.46,3053.31,1237.6000000000001,73562249,1.3384,1.578,1240.1075,3123.31,3123.31,66.42,20.84125,47.9441375,Sell,5.763225
TSLA,Automotive,2021-03-05,158.34,171.17,153.4,167.96,31861723,4.4427875,4.2453,166.53,163.66,167.96,31.74,-1.97,7.7513,Buy,5.2939
NFLX,Entertainment,2021-01-07,525.41,527.3,512.58,517.58,49057196,-1.4903,-2.301,517.58,517.58,517.58,30.77,0.0,0.01,Hold,-1.5194
GOOGL,Technology,2021-03-19,2865.77,2945.56,2856.49,1237.6000000000001,71570363,2.3582,2.249,1240.1075,3044.61,3031.39,38.27,-19.588749999999997,35.6003,Sell,-3.2766
AMZN,E-Commerce,2021-05-03,3028.99,3039.71,3018.74,1237.6000000000001,47931304,-0.1284,-0.44,1240.1075,3166.98,3171.27,60.98,-8.84,47.9441375,Sell,0.7032
JPM,Finance,2021-08-19,224.15,226.02,223.22,224.66,15998245,0.2275,0.8258,223.47,212.61,198.33,60.85,6.88,1.5041,Buy,0.0358
AAPL,Technology,2021-01-20,159.43,159.73,157.63,158.84,33604079,-0.3701,-0.1258,160.87,158.84,158.84,59.19,-0.58,2.8402,Buy,-0.5454
NFLX,Entertainment,2021-06-15,478.26,487.68,474.8,482.22,74351292,0.828,1.211,473.54,468.04,451.92,48.29,-0.11,9.5628,Buy,0.6596
AMZN,E-Commerce,2021-10-29,4027.99,4029.23,3986.89,1237.6000000000001,8818512,-0.7617,-0.3627,1240.1075,4015.02,3963.36,50.0,-19.588749999999997,41.473,Sell,-0.4694
TSLA,Automotive,2021-09-24,135.73,141.6,130.68,137.85,21457616,1.5619,4.70215,130.92,143.68,136.7,45.77,-11.86,5.2012,Sell,0.5864
JPM,Finance,2021-07-13,185.84,190.46,185.69,188.52,61915203,1.4421,0.8776,185.66,175.75,168.07,69.46,6.96,1.9606,Buy,1.143
GOOGL,Technology,2021-11-02,2676.98,2690.38,2663.52,1237.6000000000001,30058664,-0.198,-0.472,1240.1075,2704.62,2688.39,44.69,-6.65,31.6061,Sell,-2.9464
JPM,Finance,2021-02-09,140.02,142.09,134.35,135.2,17497064,-3.4424,-3.9227,140.54,135.2,135.2,42.05,-2.57,3.3853,Buy,-3.1657
NFLX,Entertainment,2021-07-05,461.96,473.35,454.32,458.23,7934527,-0.8074,-1.1093,479.62,474.8,465.22,50.89,2.99,11.2735,Buy,-1.7322
AMZN,E-Commerce,2021-08-20,3940.26,3975.38,3804.96,1237.6000000000001,34531218,-1.9638,-2.0379,1240.1075,3858.4,3713.34,51.27,20.84125,47.9441375,Buy,-0.8768
MSFT,Technology,2021-06-15,286.16,287.06,282.09,283.42,27474078,-0.9575,-1.5082,285.66,277.34,285.08,57.99,4.35,7.2634,Buy,-1.1182
JPM,Finance,2021-11-05,243.6,243.89,241.58,241.64,66404493,-0.8046,-1.0321,240.83,241.13,236.72,49.86,0.48,2.5975,Sell,-0.4527
AMZN,E-Commerce,2021-04-27,3100.04,3205.62,3099.91,1237.6000000000001,15998312,2.3564,2.3505,1240.1075,3191.61,3190.34,64.0,2.22,47.9441375,Sell,4.4291
MSFT,Technology,2021-04-26,288.45,292.21,285.42,287.34,73185723,-0.3848,-0.5537,290.26,300.97,302.21,34.21,-5.07,8.8175,Sell,-1.0941
GOOGL,Technology,2021-08-06,2708.8,2774.9,2681.0,1237.6000000000001,14845853,1.9477,2.1861,1240.1075,2800.77,2712.71,51.19,-19.588749999999997,47.9441375,Sell,4.347
JPM,Finance,2021-03-16,130.92,133.22,125.25,127.45,34517552,-2.6505,-3.0651,128.5,136.84,140.92,38.84,-4.73,2.9253,Sell,-2.7095
MSFT,Technology,2021-03-03,292.4,295.23,291.33,292.83,10730370,0.1471,-0.3912,303.39,316.44,292.83,35.7,-8.11,9.6041,Sell,-0.1301
JPM,Finance,2021-12-14,251.12,251.26,248.83,257.31500000000005,22662906,-0.6172,-0.1041,249.37,249.92,246.34,45.67,0.09,2.5522,Sell,-0.6874
TSLA,Automotive,2021-04-05,150.13,153.81,138.28,142.56,30604302,-4.3987125,-3.4212,160.88,168.63,167.08,59.01,-7.19,11.2254,Sell,-4.2022
JPM,Finance,2021-12-10,250.66,251.59,247.37,248.75,62502979,-0.762,-0.1044,249.88,249.31,245.89,40.27,0.76,2.8837,Buy,-0.9559
JNJ,Healthcare,2021-04-14,181.62,182.09,179.11,179.66,37971298,-1.0792,-0.7897,175.11,168.2,163.68,65.46,3.12,4.6687,Buy,-1.198
AMZN,E-Commerce,2021-10-28,4009.88,4021.91,4004.27,1237.6000000000001,35938605,0.0494,0.2361,1240.1075,4015.33,3960.67,48.83,-19.588749999999997,39.4485,Sell,2.8868
MSFT,Technology,2021-02-04,329.77,337.13,328.75,334.46,31544287,1.4222,1.2717,324.94,334.46,334.46,73.23,-15.24,8.0728,Sell,0.9528
AAPL,Technology,2021-06-21,129.19,132.27,128.33,131.25,28355378,1.5946,2.2276,128.54,134.08,135.86,56.07,-3.4,2.9491,Sell,1.7088
JPM,Finance,2021-02-18,142.02,144.37,140.82,143.26,64475377,0.8731,0.3292,141.98,144.01,143.26,48.91,-2.19,2.9759,Sell,0.8343
MSFT,Technology,2021-04-07,314.9,316.59,314.26,316.48,67698348,0.5017,0.7577,311.43,300.29,308.83,61.85,8.04,4.1589,Buy,0.7009
JPM,Finance,2021-08-16,221.16,225.32,219.28,225.1,39321334,1.7815,1.5565,222.76,208.76,195.11,65.73,10.97,2.1032,Buy,1.3233
AMZN,E-Commerce,2021-05-26,3139.66,3160.19,3110.69,1237.6000000000001,48095979,0.1198,0.2539,1240.1075,3098.97,3136.96,59.0,-0.28,36.6891,Sell,-2.8156
NFLX,Entertainment,2021-02-24,426.09,434.96,418.64,422.26,55153375,-0.8989,-0.2221,428.73,436.23,422.26,52.52,-8.65,10.0818,Sell,-0.7772
JPM,Finance,2021-03-22,127.84,128.32,122.32,125.17,58319652,-2.0885,-2.2109,127.77,134.98,138.72,42.39,-6.01,1.6917,Sell,-2.2083
AAPL,Technology,2021-06-11,130.82,131.64,128.63,130.99,25715991,0.1299,-0.524,132.45,136.88,138.1,39.64,-2.73,1.1326,Sell,0.4889
JPM,Finance,2021-11-09,242.99,244.95,242.5,243.4,62943861,0.1687,-0.0862,242.0,241.18,237.36,48.38,1.28,2.442,Buy,-0.3734
TSLA,Automotive,2021-11-09,93.12,103.19,91.44,101.48,69411098,4.4427875,4.70215,101.18,106.37,118.08,51.91,-2.04,9.3159,Sell,5.763225
GOOGL,Technology,2021-12-14,2691.71,2695.01,2666.95,1237.6000000000001,11380504,-0.6546,-0.2972,1240.1075,2696.29,2700.5,56.53,2.79,25.5857,Buy,4.2325
MSFT,Technology,2021-04-15,306.66,308.49,301.34,303.24,74429737,-1.1152,-1.4975,310.83,302.41,306.85,44.37,7.57,4.0946,Buy,-1.6735
JNJ,Healthcare,2021-01-29,161.83,162.68,160.84,160.94,33493684,-0.55,-0.4454,157.93,160.94,160.94,51.59,-0.57,2.8992,Sell,-0.6009
AMZN,E-Commerce,2021-09-10,3743.89,3851.91,3733.68,1237.6000000000001,25752466,2.8719,2.7898,1240.1075,3888.82,3831.67,51.08,-19.588749999999997,47.9441375,Sell,0.0145
AMZN,E-Commerce,2021-09-13,3850.07,3928.74,3832.15,1237.6000000000001,79762525,1.5522,1.5168,1240.1075,3891.01,3837.9,50.15,-19.588749999999997,47.4454,Sell,-0.689
JNJ,Healthcare,2021-07-12,168.52,169.72,164.42,165.18,75046236,-1.982,-1.848,167.25,174.65,178.68,27.51,-5.4,1.4984,Hold,-2.3514
NFLX,Entertainment,2021-06-09,472.81,473.42,456.63,458.27,35598682,-3.0752,-3.1101,467.17,461.67,449.93,41.58,4.63,8.2365,Buy,-2.202
NFLX,Entertainment,2021-11-23,521.97,526.84,513.73,517.04,66588476,-0.9445,-1.6043,534.32,545.47,554.0,59.01,-6.65,9.7845,Sell,-1.0709
NFLX,Entertainment,2021-06-22,471.12,473.71,459.16,462.83,38833780,-1.7596,-3.0438,475.79,472.04,455.26,51.54,0.7,8.9444,Buy,-2.2904
JNJ,Healthcare,2021-07-14,161.33,163.56,156.5,159.88,42661003,-0.8988,-1.6668,165.55,173.58,177.81,25.48,-6.32,2.8063,Hold,-0.8892
GOOGL,Technology,2021-11-03,2670.06,2694.28,2655.18,1237.6000000000001,73877272,0.6599,0.5989,1240.1075,2705.95,2687.19,44.16,-13.05,31.6226,Buy,-0.8345
JPM,Finance,2021-08-30,229.07,229.72,224.99,226.82,69418038,-0.9822,-1.4083,231.53,221.73,206.6,45.81,4.24,4.2807,Buy,-1.3526
JPM,Finance,2021-07-23,208.76,208.94,203.68,204.38,48215035,-2.0981,-2.0746,203.09,184.71,176.07,54.96,0.0,7.5065,Buy,-1.3819
JNJ,Healthcare,2021-12-29,116.83,118.35,115.19,117.73,39155770,0.7704,1.7809,113.64,116.09,116.78,40.23,-1.11,2.2867,Sell,1.1664
JNJ,Healthcare,2021-03-24,164.69,168.11,164.26,167.1,19575872,1.4634,1.2175,167.52,160.71,160.66,59.47,5.69,1.7812,Buy,1.2836
AMZN,E-Commerce,2021-08-10,3941.16,4004.49,3912.91,1237.6000000000001,30962970,0.9474,0.8103,1240.1075,3761.45,3618.42,54.62,20.84125,47.9441375,Buy,-2.0558
AMZN,E-Commerce,2021-08-16,4050.68,4076.05,3977.18,1237.6000000000001,75710307,-1.7158,-1.8059,1240.1075,3817.19,3672.59,56.47,20.84125,47.9441375,Buy,3.5341
MSFT,Technology,2021-11-02,347.89,353.79,346.86,352.56,68812368,1.3424,1.4912,352.39,344.31,343.19,52.0,3.42,5.0312,Buy,1.3467
JNJ,Healthcare,2021-06-21,182.49,182.81,180.8,181.87,46501346,-0.3397,-1.1092,180.61,181.28,182.04,54.94,-1.5,2.7753,Sell,-0.5795
MSFT,Technology,2021-03-05,298.98,299.11,294.36,257.31500000000005,31163966,-1.3345,-0.5931,298.66,315.5,294.99,46.3,-9.42,8.6958,Sell,-1.2777
JPM,Finance,2021-03-05,135.02,135.19,134.01,134.27,64368736,-0.5555,-0.9224,136.45,141.05,134.27,42.8,-1.74,3.0829,Sell,-0.8938
NFLX,Entertainment,2021-12-27,551.37,554.04,543.98,552.75,35163588,0.2503,1.3328,528.34,522.27,528.2,57.21,4.24,17.2281,Buy,-0.6822
MSFT,Technology,2021-02-22,323.36,325.66,315.51,318.88,31516840,-1.3855,-0.9351,318.28,317.89,318.88,30.46,1.39,4.0963,Buy,-1.6539
MSFT,Technology,2021-03-30,304.13,307.76,301.31,307.7,72419467,1.1738,1.1938,301.85,301.11,308.83,48.24,-1.32,8.7972,Buy,1.543
GOOGL,Technology,2021-06-22,2577.61,2592.74,2544.66,1237.6000000000001,68590925,-0.3162,-0.0268,1240.1075,2558.78,2600.73,56.73,20.84125,29.5578,Buy,-0.7669
NFLX,Entertainment,2021-08-13,538.14,539.02,528.93,531.15,30673877,-1.2989,-1.7826,542.58,486.81,482.87,67.49,20.84125,9.9723,Buy,-1.2742
GOOGL,Technology,2021-06-01,2462.69,2491.65,2442.66,1237.6000000000001,28068699,0.3841,0.2161,1240.1075,2587.88,2697.3,34.28,-19.588749999999997,47.9441375,Sell,-5.8069749999999996
JPM,Finance,2021-02-22,139.96,144.32,136.47,144.03,35745082,2.908,2.4323,142.78,143.35,144.03,49.67,-2.26,2.8675,Sell,2.8124
MSFT,Technology,2021-03-29,308.07,308.69,301.71,304.07,13507210,-1.2984,-1.42,298.92,301.31,308.91,49.51,-2.51,8.1836,Sell,-1.2742
GOOGL,Technology,2021-04-12,2770.01,2782.32,2712.87,1237.6000000000001,49505948,-1.9787,-2.1729,1240.1075,2943.96,3016.85,28.35,-4.13,47.9441375,Hold,1.2074
AMZN,E-Commerce,2021-01-05,3543.5,3545.4,3429.13,1237.6000000000001,44623100,-1.0241,-0.8904,1240.1075,3507.21,3507.21,64.45,0.0,0.01,Hold,-2.3449
MSFT,Technology,2021-10-13,344.09,346.2,340.91,342.08,41757180,-0.5841,-0.9669,344.86,340.82,341.33,60.26,2.82,2.4988,Buy,-0.5726
AAPL,Technology,2021-03-31,148.48,154.77,146.49,153.68,77721547,3.5022,3.7257,151.84,152.81,155.63,53.34,0.85,2.9017,Sell,3.5484
JNJ,Healthcare,2021-04-28,186.62,186.76,183.07,184.29,14180523,-1.2485,-1.0948,182.95,174.06,168.25,67.29,6.77,2.24,Buy,-1.2084
JNJ,Healthcare,2021-08-19,145.51,146.28,144.33,146.04,62818802,0.3642,-0.4024,147.85,155.54,163.24,50.57,-5.15,1.8464,Sell,0.5625
MSFT,Technology,2021-08-23,349.72,351.57,343.59,343.84,19509177,-1.6813,-1.3032,346.37,320.21,305.18,49.67,17.25,4.6477,Buy,-2.1364
GOOGL,Technology,2021-09-16,2640.4,2727.99,2627.48,1237.6000000000001,43007538,2.5632,2.7091,1240.1075,2719.44,2764.19,57.5,-19.588749999999997,36.6852,Sell,-0.2774
JNJ,Healthcare,2021-09-13,136.14,137.49,134.1,135.96,35053800,-0.1322,-0.1175,135.97,142.81,150.16,49.32,-4.32,1.3997,Sell,-0.3164
JNJ,Healthcare,2021-01-18,164.44,165.82,162.43,165.19,5283318,0.4561,-0.2717,168.22,165.19,165.19,58.26,4.62,2.5063,Buy,0.7082
AMZN,E-Commerce,2021-12-28,4175.51,4183.36,4154.27,1237.6000000000001,41504081,-0.3248,-0.7512,1240.1075,4189.18,4109.59,43.15,2.95,47.9441375,Sell,-0.6906
GOOGL,Technology,2021-06-21,2583.12,2596.01,2544.05,1237.6000000000001,74194406,-0.5021,-1.3757,1240.1075,2557.96,2604.3,52.79,20.84125,27.9906,Buy,5.763225
TSLA,Automotive,2021-06-10,65.89,72.38,65.19,72.06,66157466,4.4427875,1.9092,75.08,84.51,99.12,44.47,-3.83,5.1698,Sell,5.763225
AMZN,E-Commerce,2021-02-08,3539.74,3575.52,3526.06,1237.6000000000001,53459870,0.6549,0.9011,1240.1075,3562.92,3562.92,60.46,-19.588749999999997,38.4331,Sell,2.6237
TSLA,Automotive,2021-12-16,109.1,114.92,104.87,106.57,47504897,-2.319,-1.6882,111.41,109.36,107.76,42.83,4.77,6.479,Buy,-2.6654
JNJ,Healthcare,2021-03-16,164.45,167.23,164.27,166.16,78365950,1.0398,1.1382,165.24,159.16,161.0,62.85,3.58,2.8426,Buy,0.707
JNJ,Healthcare,2021-11-17,118.64,121.85,117.86,120.01,71985152,1.1548,1.01,118.42,117.4,121.25,46.92,0.45,1.3366,Buy,1.3503
JNJ,Healthcare,2021-03-19,170.97,173.72,167.28,167.78,45879028,-1.8658,-1.4103,166.89,159.97,160.85,53.69,5.21,2.1347,Buy,-1.9707
AMZN,E-Commerce,2021-11-11,4042.7,4047.55,4006.8,1237.6000000000001,36381488,-0.8108,-0.6083,1240.1075,4008.89,3993.78,53.67,20.84125,38.478,Buy,-0.156
AAPL,Technology,2021-02-03,161.8,161.88,158.23,257.31500000000005,6052495,-2.0334,-2.1422,161.86,158.51,158.51,36.84,0.0,1.668,Buy,-2.2915
AMZN,E-Commerce,2021-03-05,3031.77,3103.27,2984.55,1237.6000000000001,23546090,2.2762,2.4479,1240.1075,3363.48,3100.78,49.67,-19.588749999999997,47.9441375,Sell,5.763225
NFLX,Entertainment,2021-01-21,447.4,460.51,439.73,456.97,41228182,2.139,2.0273,469.32,456.97,456.97,33.0,20.84125,18.787,Buy,3.8458
AAPL,Technology,2021-10-06,135.7,137.63,134.37,134.58,30458738,-0.8254,-0.348,135.84,139.4,142.46,47.59,-2.44,1.826,Sell,-1.2137
AAPL,Technology,2021-03-11,151.39,152.94,150.14,150.86,33842792,-0.3501,-0.2447,151.07,155.23,156.57,49.75,-2.11,2.0549,Sell,-0.4618
AAPL,Technology,2021-09-01,142.65,144.47,140.65,140.81,43943295,-1.2899,-1.061,146.02,146.17,142.73,34.95,1.09,3.556,Sell,-1.3227
GOOGL,Technology,2021-05-21,2545.27,2571.48,2476.04,1237.6000000000001,25675859,-1.6749,-1.6161,1240.1075,2647.17,2761.39,36.96,-19.588749999999997,41.8848,Sell,2.8778
GOOGL,Technology,2021-08-25,2773.27,2779.01,2712.75,1237.6000000000001,53636190,-0.9177,-0.9309,1240.1075,2805.46,2771.4,61.72,2.39,31.6006,Sell,-4.1407
AMZN,E-Commerce,2021-04-22,3168.1,3188.94,3155.15,1237.6000000000001,56144851,-0.238,-0.1608,1240.1075,3196.5,3212.42,59.76,-1.4,43.878,Buy,-5.8069749999999996
AMZN,E-Commerce,2021-09-15,3987.02,4013.12,3910.31,1237.6000000000001,5193092,-1.7943,-1.6184,1240.1075,3898.72,3853.07,44.75,-19.588749999999997,47.9441375,Sell,-0.1121
MSFT,Technology,2021-09-22,337.41,338.69,330.25,331.73,6503111,-1.6834,-1.2973,337.92,342.52,330.78,46.71,-3.06,3.4611,Sell,-1.5778
AMZN,E-Commerce,2021-12-07,4243.02,4272.62,4158.68,1237.6000000000001,28434198,-1.4626,-1.3869,1240.1075,4079.24,4048.3,58.88,20.84125,32.9933,Buy,-1.7724
JPM,Finance,2021-06-01,165.53,167.39,163.28,163.83,35923956,-1.027,-1.2834,163.65,156.23,152.47,67.84,3.09,3.2564,Buy,-1.151
AAPL,Technology,2021-04-12,142.25,143.95,142.1,142.51,42661003,0.1828,0.2039,147.65,151.63,153.36,58.8,-2.13,4.3274,Sell,-0.046
MSFT,Technology,2021-06-28,292.39,294.08,292.31,293.96,13508618,0.537,0.9097,285.03,279.67,280.84,57.37,4.74,5.8015,Buy,0.4387
JNJ,Healthcare,2021-01-11,169.35,171.2,168.26,170.78,46392849,0.8444,0.5831,171.54,170.78,170.78,36.17,0.0,0.01,Buy,0.8609
TSLA,Automotive,2021-03-29,172.1,190.11,160.56,182.61,73142497,4.4427875,4.70215,168.14,171.38,165.94,46.65,0.92,8.3539,Sell,5.763225
TSLA,Automotive,2021-04-30,90.16,94.32,90.1,93.7,67190950,3.9264,4.6577,105.05,134.02,149.06,48.92,-19.588749999999997,10.2021,Sell,3.6729
NFLX,Entertainment,2021-04-19,423.07,433.82,421.85,432.59,60051062,2.2502,3.3544,432.18,437.05,431.46,50.49,-0.99,11.0797,Sell,2.1587
NFLX,Entertainment,2021-06-01,468.99,470.32,459.32,468.64,6755397,-0.0746,-0.6866,475.07,452.16,447.17,53.0,19.45,6.9484,Buy,-0.4526
TSLA,Automotive,2021-12-29,125.83,126.66,116.06,118.16,54462725,-4.3987125,-4.73485,120.42,115.28,109.04,60.83,-2.38,7.8721,Buy,-5.6361
MSFT,Technology,2021-04-05,313.28,317.56,307.5,312.59,27678285,-0.2203,-0.4015,308.85,300.1,308.78,58.42,4.81,4.2353,Buy,0.1636
AMZN,E-Commerce,2021-03-17,3185.42,3214.56,3176.71,1237.6000000000001,36675921,0.906,0.0482,1240.1075,3283.14,3372.96,41.6,-19.588749999999997,47.9441375,Sell,0.5126
JNJ,Healthcare,2021-01-20,160.34,161.23,158.91,159.24,12836615,-0.686,-0.8098,165.25,159.24,159.24,47.98,8.61,4.2312,Buy,-0.6271
AMZN,E-Commerce,2021-12-23,4112.22,4146.76,4103.02,1237.6000000000001,74557538,0.3577,0.0325,1240.1075,4165.35,4097.01,42.91,20.84125,47.9441375,Buy,-2.0808
JNJ,Healthcare,2021-04-01,166.52,167.19,165.06,165.21,31521915,-0.7867,-1.2138,166.23,162.24,161.08,64.36,2.99,1.2963,Buy,-0.26
AAPL,Technology,2021-12-27,146.16,146.4,141.18,143.47,25180838,-1.8404,-0.5683,142.25,137.1,137.8,62.55,2.38,3.7739,Buy,-2.1184
JPM,Finance,2021-12-20,242.68,243.46,241.76,241.91,74065521,-0.3173,-0.824,246.24,250.13,246.61,31.79,-3.25,2.7813,Sell,-0.5627
TSLA,Automotive,2021-12-10,111.51,120.21,100.56,118.19,31779293,4.4427875,4.70215,117.52,108.22,107.61,48.14,9.68,7.1966,Buy,5.3837
GOOGL,Technology,2021-06-28,2628.2,2643.43,2612.68,1237.6000000000001,66387512,0.3276,0.5886,1240.1075,2559.89,2593.08,52.87,20.84125,32.2236,Buy,-1.6707
JPM,Finance,2021-04-01,145.12,147.43,144.94,145.18,37536743,0.0413,0.0965,139.44,134.11,137.85,52.87,0.92,7.1491,Buy,-0.08
JPM,Finance,2021-03-10,127.09,128.43,127.01,127.02,16220750,-0.0551,-1.29,132.5,138.79,127.02,45.17,-3.6,4.288,Sell,0.6294
AAPL,Technology,2021-01-29,162.38,165.45,160.1,164.78,61797967,1.478,1.5343,162.83,164.78,164.78,39.03,-2.9,1.8262,Sell,0.954
TSLA,Automotive,2021-09-17,137.42,141.71,126.54,131.49,34684532,-4.3152,-1.7999,130.01,144.99,136.39,34.91,-8.99,8.9905,Sell,-3.1264
JNJ,Healthcare,2021-02-15,159.07,160.06,156.88,157.99,33857656,-0.6789,-0.9964,159.41,162.81,157.99,39.9,-0.98,1.8848,Sell,-0.7874
GOOGL,Technology,2021-06-18,2633.36,2650.67,2589.19,1237.6000000000001,24494318,-1.039,-1.5087,1240.1075,2557.7,2607.2,56.79,20.84125,25.9788,Buy,3.156
JPM,Finance,2021-02-01,142.7,142.7,139.79,257.31500000000005,38214948,-0.918,-1.8806,147.54,141.39,141.39,45.13,3.95,4.3062,Buy,-0.7546
NFLX,Entertainment,2021-03-31,440.32,443.43,429.67,431.86,42250311,-1.9213,-2.1236,447.6,431.55,430.95,55.77,10.83,12.5752,Buy,-2.1822
NFLX,Entertainment,2021-03-15,405.48,425.44,401.06,424.13,5275772,4.4427875,4.0325,418.39,423.21,442.73,57.57,-0.27,7.6556,Sell,5.763225
NFLX,Entertainment,2021-08-25,551.53,555.1,545.37,550.86,43657061,-0.1215,-0.1486,547.69,514.08,494.61,65.59,20.58,7.881,Buy,0.5672
AMZN,E-Commerce,2021-07-14,3627.88,3711.3,3590.46,1237.6000000000001,31430110,1.9849,2.227,1240.1075,3475.66,3336.37,66.19,20.84125,45.0048,Buy,5.763225
TSLA,Automotive,2021-12-31,113.1,125.24,108.96,120.88,67978528,4.4427875,4.6037,121.17,116.18,110.11,59.94,-0.48,6.909,Buy,5.763225
TSLA,Automotive,2021-10-28,105.16,110.55,104.96,110.21,60087217,4.4427875,0.2821,100.62,114.09,126.62,47.16,-8.12,7.2028,Sell,4.9543
NFLX,Entertainment,2021-07-19,436.51,450.6,433.74,448.66,73680117,2.7834,2.5462,433.7,464.57,466.77,46.12,-18.8,15.0652,Sell,3.6881
JNJ,Healthcare,2021-05-13,188.7,189.62,187.5,188.17,56333096,-0.2809,0.0425,187.85,181.2,175.12,48.77,3.22,2.8353,Buy,-0.0225
AMZN,E-Commerce,2021-04-14,3206.39,3226.87,3124.11,1237.6000000000001,44757608,-0.9768,-0.3671,1240.1075,3177.57,3247.47,53.34,-19.588749999999997,47.3956,Sell,3.4998
MSFT,Technology,2021-01-13,304.42,311.68,302.33,310.1,47789269,1.8658,2.3331,297.89,310.1,310.1,62.71,0.0,0.01,Sell,2.5288
NFLX,Entertainment,2021-04-08,440.25,449.15,436.62,438.41,37154498,-0.4179,-0.875,445.32,435.2,431.09,56.44,8.97,9.1618,Buy,-0.3197
GOOGL,Technology,2021-06-09,2566.53,2600.24,2550.56,1237.6000000000001,8752195,0.6078,0.0515,1240.1075,2560.75,2642.83,40.83,-19.588749999999997,47.9441375,Sell,-0.1087
GOOGL,Technology,2021-01-14,2993.13,3026.19,2953.83,1237.6000000000001,19642076,1.0925,0.7955,1240.1075,3025.83,3025.83,47.43,0.0,47.9441375,Sell,2.1163
TSLA,Automotive,2021-11-04,106.46,115.32,104.25,114.29,66113812,4.4427875,4.4698,103.89,109.5,120.76,50.81,-5.42,8.9791,Sell,5.763225
TSLA,Automotive,2021-05-19,94.98,99.0,84.22,84.67,41211225,-4.3987125,-4.73485,84.37,102.55,127.31,54.56,-12.3,5.3074,Sell,-5.8069749999999996
TSLA,Automotive,2021-02-16,174.65,176.36,167.02,168.89,69984396,-3.298,-4.018,186.85,166.57,168.89,62.46,11.75,15.6243,Buy,-4.0317
JPM,Finance,2021-08-06,223.03,224.06,219.93,221.1,13228488,-0.8654,-1.0738,223.0,200.65,188.23,58.61,13.75,6.0803,Buy,-0.6666
AMZN,E-Commerce,2021-03-30,3222.97,3226.44,3118.45,1237.6000000000001,74405539,-3.2101,-3.3732,1240.1075,3208.28,3322.61,39.86,20.84125,47.9441375,Buy,5.3288
AMZN,E-Commerce,2021-02-03,3493.3,3509.1,3380.23,1237.6000000000001,7492146,-1.885,-1.7021,1240.1075,3427.45,3427.45,59.74,20.84125,33.9258,Buy,-1.0942
AAPL,Technology,2021-02-05,158.12,158.59,155.71,156.02,54532370,-1.3281,-1.2657,160.34,156.02,156.02,37.47,2.35,2.6319,Buy,-1.3333
AAPL,Technology,2021-04-21,140.33,142.13,137.77,137.79,49636106,-1.81,-1.726,137.2,148.27,150.45,32.82,-6.72,3.259,Sell,-2.0854
GOOGL,Technology,2021-05-28,2398.33,2452.43,2396.69,1237.6000000000001,36560756,1.7792,1.8854,1240.1075,2602.31,2717.18,37.21,-19.588749999999997,47.9441375,Sell,5.3914
JNJ,Healthcare,2021-06-11,176.63,181.09,176.35,179.32,8105595,1.523,1.0652,176.46,182.21,181.08,52.63,-4.07,2.1685,Sell,1.3566
AAPL,Technology,2021-02-16,158.0,160.88,156.76,159.76,10453635,1.1139,1.3513,157.59,159.6,159.76,47.26,-1.97,1.0588,Sell,1.1082
TSLA,Automotive,2021-01-15,182.59,185.99,171.03,174.09,73971056,-4.3987125,-4.2567,188.4,174.09,174.09,60.7,0.0,9.1623,Buy,-5.0353
NFLX,Entertainment,2021-12-08,516.85,522.4,507.86,518.69,32742237,0.356,0.4454,518.8,520.71,544.61,44.16,-6.3,7.0782,Sell,1.6931
TSLA,Automotive,2021-02-12,188.79,198.43,182.6,183.48,5171099,-2.8126,-1.8719,187.46,168.36,183.48,64.15,3.64,22.9342,Buy,-0.7528
JPM,Finance,2021-12-08,248.36,249.04,247.93,249.03,44581284,0.2698,0.0482,251.94,248.68,245.59,32.53,0.0,2.7327,Buy,0.4293
AMZN,E-Commerce,2021-06-18,3446.66,3450.48,3434.74,1237.6000000000001,24614545,0.0432,-0.0478,1240.1075,3232.31,3191.76,48.12,20.84125,47.9441375,Buy,-0.071
TSLA,Automotive,2021-01-08,198.95,207.82,194.03,202.44,17956184,1.7542,0.4167,202.44,202.44,202.44,38.94,0.0,0.01,Hold,2.6135
AAPL,Technology,2021-08-18,148.75,152.11,145.8,148.07,17140922,-0.4571,0.3864,146.03,143.53,139.24,52.21,2.48,2.3011,Buy,-0.5754
AAPL,Technology,2021-10-13,137.2,138.8,136.68,138.05,45981484,0.6195,0.517,137.11,138.23,141.79,47.57,-0.88,1.5955,Sell,0.6366
AMZN,E-Commerce,2021-02-22,3294.63,3346.29,3262.44,1237.6000000000001,24816592,0.3163,0.3793,1240.1075,3477.9,3305.05,36.06,-19.588749999999997,47.9441375,Sell,3.8904
AMZN,E-Commerce,2021-11-03,4099.03,4107.6,3987.83,1237.6000000000001,40832804,-1.8446,-2.2816,1240.1075,4012.06,3975.78,51.53,-19.588749999999997,47.9441375,Buy,-4.8436
GOOGL,Technology,2021-08-30,2672.29,2681.14,2630.0,1237.6000000000001,22744569,-1.1312,-0.6049,1240.1075,2785.75,2775.78,56.86,-5.74,47.9441375,Sell,-2.1304
MSFT,Technology,2021-03-02,298.08,299.62,290.62,293.98,74698524,-1.3755,-1.8922,307.12,317.04,293.98,34.99,-6.73,8.3457,Sell,-2.3802
GOOGL,Technology,2021-03-04,3089.44,3106.95,3052.74,1237.6000000000001,1000,-0.794,-1.0614,1240.1075,3093.33,3064.91,55.43,5.96,25.9614,Buy,0.9928
AMZN,E-Commerce,2021-09-24,4036.18,4045.13,4003.16,1237.6000000000001,49581155,-0.4834,-0.7972,1240.1075,3917.94,3906.37,53.52,20.84125,47.9441375,Buy,-2.8022
TSLA,Automotive,2021-05-06,92.98,93.55,73.49,82.25,25580863,-4.3987125,-4.73485,93.73,123.96,143.48,38.1,-16.11,9.1213,Sell,-5.8069749999999996
JNJ,Healthcare,2021-12-17,118.2,119.09,115.06,116.11,49742465,-1.7682,-1.1577,116.87,117.2,117.07,42.22,0.3,1.4358,Sell,-1.5626
AAPL,Technology,2021-09-28,132.24,135.21,132.24,134.71,65480610,1.8678,1.4383,135.97,142.12,143.3,47.51,-4.36,1.7618,Sell,2.2333
MSFT,Technology,2021-09-23,333.43,334.55,330.57,332.65,41136348,-0.2339,0.2773,337.41,342.17,331.63,36.37,-3.83,3.7268,Sell,-0.4633
GOOGL,Technology,2021-11-04,2703.15,2753.76,2680.96,1237.6000000000001,20468720,0.6848,1.2643,1240.1075,2707.41,2686.8,42.13,-10.68,32.6381,Buy,-0.4358
MSFT,Technology,2021-04-06,311.54,314.21,311.45,314.1,14042600,0.8217,0.4831,309.66,300.15,308.83,59.74,6.5,4.152,Buy,0.6815
MSFT,Technology,2021-12-30,325.4,329.69,323.64,324.82,28285093,-0.1782,-0.8183,328.45,344.54,347.42,34.29,-9.47,5.1262,Sell,-1.1079
AMZN,E-Commerce,2021-04-21,3203.99,3212.76,3159.62,1237.6000000000001,23592876,-1.1966,-1.0985,1240.1075,3196.56,3219.04,54.51,-5.56,42.2666,Buy,1.0508
MSFT,Technology,2021-01-29,325.33,327.72,320.81,321.9,28747690,-1.0543,-0.0714,315.12,321.9,321.9,77.84,-8.57,4.5213,Sell,-0.8486
NFLX,Entertainment,2021-11-08,525.83,534.39,520.14,521.93,42661003,-0.7417,-1.0071,513.59,561.5,555.38,50.49,-19.588749999999997,16.6798,Sell,-1.3123
AAPL,Technology,2021-11-03,138.89,141.71,137.67,140.62,69520252,1.2456,1.604,137.44,136.41,138.33,57.58,-0.58,3.1501,Buy,1.3797
TSLA,Automotive,2021-11-24,114.85,130.68,114.09,125.9,52127673,4.4427875,4.70215,104.7,101.84,109.58,47.39,-0.09,11.2095,Buy,5.763225
JNJ,Healthcare,2021-02-11,158.22,160.23,156.67,159.54,61062584,0.8343,1.4176,159.93,163.67,159.54,41.89,-1.81,1.8889,Sell,0.8033
GOOGL,Technology,2021-05-07,2627.78,2629.46,2606.92,1237.6000000000001,69174293,-0.4133,-0.1225,1240.1075,2764.92,2847.1,44.17,-19.588749999999997,26.724,Sell,-4.7021
JNJ,Healthcare,2021-01-07,171.3,173.48,169.64,173.39,49433891,1.2201,1.0844,173.39,173.39,173.39,33.46,0.0,0.01,Hold,1.4937
JPM,Finance,2021-03-01,138.46,138.56,136.05,136.09,15955144,-1.7117,-2.3184,138.73,142.3,136.09,51.27,-1.4,2.9666,Sell,-1.3349
JNJ,Healthcare,2021-10-15,114.92,115.56,113.4,114.04,46709411,-0.7658,-0.1488,117.26,125.63,132.44,31.49,-4.15,3.2487,Sell,-0.8057
JPM,Finance,2021-07-22,207.2,209.73,203.67,208.71,41027701,0.7288,0.38,201.53,183.58,174.96,61.5,9.66,8.5834,Buy,0.5214
MSFT,Technology,2021-07-19,288.96,289.05,286.36,287.58,21554482,-0.4776,-1.012,287.47,284.6,279.95,28.39,-0.15,4.5258,Buy,-0.4711
TSLA,Automotive,2021-06-29,77.22,97.47,73.43,94.28,70876543,4.4427875,4.70215,75.26,76.16,83.32,46.44,-6.25,13.0101,Sell,5.763225
AAPL,Technology,2021-03-25,153.22,155.89,152.08,154.88,32745320,1.0834,0.8268,154.61,153.81,156.37,46.34,0.89,2.4257,Buy,1.2373
GOOGL,Technology,2021-07-30,2807.05,2833.11,2764.59,1237.6000000000001,22982042,-1.3965,-1.2202,1240.1075,2777.94,2685.67,50.49,20.84125,31.3099,Buy,5.763225
JNJ,Healthcare,2021-08-04,155.64,155.91,155.01,155.1,14499118,-0.347,-0.7868,156.48,163.43,169.66,49.95,-3.38,3.3628,Sell,-0.2344
JPM,Finance,2021-04-16,148.08,155.2,147.96,151.14,46895468,2.0665,2.094,151.49,138.9,139.01,64.25,9.65,2.1837,Buy,2.01
NFLX,Entertainment,2021-03-17,426.0,435.33,421.17,427.27,71127145,0.2981,0.4774,420.71,422.88,438.69,50.1,-0.25,6.945,Sell,-0.8504
AAPL,Technology,2021-04-14,137.43,137.79,134.1,134.59,36686997,-2.0665,-2.3295,142.98,150.44,152.4,57.19,-3.66,6.3658,Sell,-2.0357
TSLA,Automotive,2021-05-05,95.81,103.72,91.54,94.7,41088425,-1.1585,-1.8042,97.97,126.88,144.97,40.43,-16.83,9.7086,Sell,-3.6086
MSFT,Technology,2021-04-20,290.5,292.48,287.28,287.78,10551115,-0.9363,-1.3438,301.1,301.93,304.93,44.8,3.73,9.6591,Sell,-1.1245
AAPL,Technology,2021-08-17,147.61,147.83,146.65,147.5,64830405,-0.0745,0.2038,145.62,143.22,138.95,54.67,2.41,2.3231,Buy,0.0707
AMZN,E-Commerce,2021-02-09,3550.25,3573.3,3449.98,1237.6000000000001,71154805,-2.3162,-2.6635,1240.1075,3468.02,3468.02,52.2,-19.588749999999997,38.5209,Buy,-2.0562
JNJ,Healthcare,2021-01-19,164.84,166.35,159.29,160.54,15988221,-2.6086,-2.8149,166.9,160.54,160.54,58.32,8.51,3.5005,Buy,-2.7299
GOOGL,Technology,2021-09-20,2705.47,2723.5,2679.11,1237.6000000000001,16854714,0.2332,0.7194,1240.1075,2714.02,2756.4,58.04,-19.588749999999997,36.2196,Sell,-5.2176
JPM,Finance,2021-10-08,242.81,242.94,241.15,241.63,50247134,-0.486,-0.5228,239.93,233.68,230.69,67.83,6.06,2.8633,Buy,-0.2607
GOOGL,Technology,2021-05-11,2565.62,2580.5,2540.06,1237.6000000000001,40435012,-0.8029,-0.6752,1240.1075,2733.11,2824.47,35.86,-19.588749999999997,45.3517,Sell,5.763225
AMZN,E-Commerce,2021-08-12,4003.22,4055.3,3957.08,1237.6000000000001,45481803,-0.7586,-0.6442,1240.1075,3787.64,3642.66,52.18,20.84125,47.9441375,Buy,-0.6118
NFLX,Entertainment,2021-08-09,537.24,539.81,532.58,538.53,78015768,0.2401,-0.8086,271.57,478.67,476.69,71.45,20.84125,14.7206,Hold,0.1269
TSLA,Automotive,2021-08-09,126.3,135.76,124.07,135.37,60503520,4.4427875,4.70215,124.87,117.59,98.57,44.31,1.38,9.4426,Buy,5.763225
MSFT,Technology,2021-06-21,275.65,283.79,273.19,282.47,45957786,2.4742,2.3887,282.83,276.67,282.35,56.3,4.49,5.2624,Buy,2.8795
MSFT,Technology,2021-02-26,307.09,307.66,303.96,304.2,73740261,-0.9411,-1.3139,313.41,318.08,304.2,31.28,-3.26,4.9409,Sell,-0.5889
JNJ,Healthcare,2021-07-08,166.59,169.03,165.82,167.91,28262345,0.7924,0.6293,168.24,175.63,179.35,32.24,-4.17,2.3657,Sell,0.8223
AAPL,Technology,2021-03-05,151.31,153.76,149.66,152.29,53236020,0.6477,0.0066,153.69,156.93,152.29,49.27,-3.12,1.9038,Sell,0.619
MSFT,Technology,2021-03-22,286.92,289.01,286.9,287.57,114210883,0.2265,0.1498,291.35,304.58,309.45,50.08,-8.59,4.9838,Sell,0.2117
GOOGL,Technology,2021-12-29,2711.65,2765.57,2683.34,1237.6000000000001,22606083,1.0717,1.1982,1240.1075,2691.51,2697.38,48.49,2.36,29.7847,Buy,-0.908
TSLA,Automotive,2021-06-11,72.21,75.78,68.58,70.95,46982081,-1.7449,-1.5404,74.12,83.75,97.59,45.88,-4.45,4.9915,Sell,-2.1468
GOOGL,Technology,2021-02-17,3167.61,3227.05,3152.51,1237.6000000000001,42661003,1.6956,1.7129,1240.1075,3038.3,3221.32,69.57,20.84125,40.932,Buy,2.8854
TSLA,Automotive,2021-08-03,113.53,129.99,110.15,128.51,40146948,4.4427875,4.70215,116.13,110.63,94.92,36.09,5.13,7.6526,Buy,5.763225
AAPL,Technology,2021-04-19,135.14,139.1,134.18,257.31500000000005,20188072,2.9229,2.5662,138.17,149.01,151.16,48.92,-5.72,5.384,Sell,3.3892
AAPL,Technology,2021-10-15,134.6,137.6,133.32,137.35,68935977,2.0431,1.2831,137.58,137.86,141.25,51.47,-0.05,1.5738,Sell,1.903
JPM,Finance,2021-01-15,142.35,144.04,138.88,141.2,38445367,-0.8079,-1.0303,148.3,141.2,141.2,56.31,0.0,7.8083,Buy,-0.9732
GOOGL,Technology,2021-11-24,2679.12,2686.5,2662.57,1237.6000000000001,33809165,-0.0306,-0.2677,1240.1075,2703.07,2702.14,44.62,-12.37,42.3521,Sell,-4.3436
AMZN,E-Commerce,2021-02-18,3295.37,3319.45,3261.16,1237.6000000000001,68411731,0.2953,-0.3894,1240.1075,3491.95,3305.1,32.51,-19.588749999999997,47.9441375,Sell,2.3975
GOOGL,Technology,2021-08-04,2712.8,2715.44,2701.1,1237.6000000000001,41764431,-0.3778,-0.0026,1240.1075,2791.4,2700.16,38.1,-12.34,47.9441375,Sell,-1.4119
TSLA,Automotive,2021-04-28,113.83,115.97,99.33,104.75,45765226,-4.3987125,-4.73485,109.78,138.98,152.4,56.12,-19.588749999999997,7.0384,Sell,-5.8069749999999996
AMZN,E-Commerce,2021-12-13,4297.56,4323.48,4282.33,1237.6000000000001,32363328,-0.1277,-0.5491,1240.1075,4114.03,4064.04,50.68,20.84125,42.2311,Buy,-2.725
GOOGL,Technology,2021-09-03,2627.25,2634.34,2612.36,1237.6000000000001,34338291,-0.4179,-0.4175,1240.1075,2754.51,2778.69,41.21,-19.588749999999997,47.9441375,Sell,-5.8069749999999996
NFLX,Entertainment,2021-10-21,580.86,582.8,571.61,578.6,78855100,-0.3891,-1.2982,597.27,571.9,559.02,49.25,17.79,13.1206,Buy,0.2978
JPM,Finance,2021-10-05,240.18,240.81,235.41,235.49,70377683,-1.9527,-2.3957,241.22,232.88,229.36,60.59,3.9,3.6268,Buy,-2.0535
GOOGL,Technology,2021-07-06,2779.41,2805.66,2761.45,1237.6000000000001,11652425,0.1108,0.1732,1240.1075,2594.4,2595.6,50.9,20.84125,47.9441375,Buy,2.7298
NFLX,Entertainment,2021-12-01,506.23,531.7,501.17,526.69,25246759,4.0416,4.357,512.93,527.84,548.44,57.72,1.12,11.1541,Sell,2.6031
AMZN,E-Commerce,2021-12-03,4217.02,4219.88,4186.29,1237.6000000000001,59948881,-0.3638,-0.2398,1240.1075,4062.05,4041.77,66.45,20.84125,47.9441375,Buy,2.3522
AAPL,Technology,2021-02-12,156.55,160.18,154.88,157.65,71576559,0.7027,0.7928,157.11,158.91,157.65,38.05,-1.17,1.8284,Sell,0.8916
NFLX,Entertainment,2021-10-28,541.06,551.76,516.33,519.83,5882031,-3.9238,-3.938,560.02,571.97,559.81,38.45,4.15,24.8438,Sell,-2.8887
JPM,Finance,2021-06-11,171.38,172.07,169.51,170.55,57362139,-0.4843,-0.82,168.58,159.54,156.91,54.97,6.87,2.5753,Buy,-0.8696
NFLX,Entertainment,,502.42,516.73,501.73,512.01,58893793,1.9088,1.7083,515.52,521.23,536.84,51.19,-4.13,9.0449,Sell,1.5331
NFLX,Entertainment,2021-12-09,515.46,516.41,502.75,508.18,46181595,-1.4123,-2.0263,519.3,520.32,543.54,44.48,-7.47,7.4294,Sell,-2.145
JPM,Finance,2021-06-02,163.3,167.92,161.32,166.21,53976564,1.782,1.4527,164.36,156.6,153.15,67.13,4.42,2.1816,Buy,2.1907
AMZN,E-Commerce,2021-03-08,3119.96,3135.45,3102.0,1237.6000000000001,51928604,-0.2058,0.4115,1240.1075,3350.47,3113.54,48.12,-19.588749999999997,47.9441375,Sell,1.6623
AMZN,E-Commerce,2021-01-14,3528.92,3535.39,3495.64,1237.6000000000001,9113007,-0.444,0.0444,1240.1075,3513.25,3513.25,54.24,0.0,12.9395,Buy,-1.3997
JNJ,Healthcare,2021-11-03,116.38,117.61,115.58,116.28,66153103,-0.0859,-0.0859,118.23,119.61,125.03,63.64,-1.22,1.5593,Sell,-0.429
JPM,Finance,2021-08-05,222.72,223.52,219.82,223.5,72803043,0.3502,-0.4765,221.73,199.12,187.11,57.75,14.11,7.5204,Buy,0.0731
JPM,Finance,2021-09-01,229.53,233.01,228.92,232.4,64649413,1.2504,1.7914,271.57,223.3,209.14,48.47,3.87,3.3293,Buy,0.7434
AMZN,E-Commerce,2021-08-11,3981.61,4022.18,3939.71,1237.6000000000001,40188306,0.427,0.5055,1240.1075,3774.67,3630.41,52.14,20.84125,47.9441375,Buy,-5.8069749999999996
NFLX,Entertainment,,552.19,555.33,538.9,548.29,48430311,-0.7063,-1.1485,545.47,495.72,487.65,64.96,20.84125,6.2737,Buy,0.9673
JPM,Finance,2021-09-09,230.1,236.29,227.4,235.18,8587537,2.2077,1.8272,231.6,227.43,215.44,35.68,3.12,2.3944,Buy,2.7099
GOOGL,Technology,2021-04-28,2699.87,2711.0,2669.32,1237.6000000000001,74977382,-0.7541,-0.2568,1240.1075,2837.54,2912.02,37.03,-19.588749999999997,24.6379,Sell,-0.2565
AAPL,Technology,2021-03-04,152.92,153.51,151.3,152.28,39277846,-0.4185,-0.7883,153.44,157.28,152.28,56.69,-2.94,1.9873,Sell,-0.2061
AMZN,E-Commerce,2021-01-08,3525.85,3569.62,3499.08,1237.6000000000001,6674232,-0.2334,-0.3357,1240.1075,3517.62,3517.62,50.49,0.0,0.01,Hold,0.6576
JPM,Finance,2021-05-03,152.95,154.6,152.84,154.27,61648797,0.863,-0.6952,155.99,148.83,142.01,63.96,3.27,3.0222,Buy,0.896
AAPL,Technology,2021-08-25,150.41,150.87,144.94,146.44,71205919,-2.6395,-2.6912,149.34,145.35,141.4,32.43,1.56,2.1587,Buy,-2.8585
GOOGL,Technology,2021-03-02,3117.58,3158.41,3108.01,1237.6000000000001,32911094,-0.026,-0.1768,1240.1075,3083.49,3116.77,56.52,20.84125,43.3542,Buy,4.1587
NFLX,Entertainment,2021-06-03,461.54,468.33,457.75,461.93,29008303,0.0845,0.5113,472.39,454.59,447.59,42.11,11.63,8.4484,Buy,-1.657
JPM,Finance,2021-01-19,140.22,141.74,139.36,141.49,55455280,0.9057,0.2622,144.02,141.49,141.49,39.44,8.78,6.2559,Buy,0.8033
GOOGL,Technology,2021-05-10,2603.79,2605.97,2543.77,1237.6000000000001,63429840,-1.5927,-2.0864,1240.1075,2749.69,2835.9,39.38,-19.588749999999997,38.123,Sell,-5.8069749999999996
AAPL,Technology,2021-05-10,145.12,146.81,139.39,139.71,13792701,-3.7279,-3.834,141.63,141.99,146.39,41.79,-1.0,3.4337,Sell,-3.3979
JNJ,Healthcare,2021-11-11,119.39,120.06,116.78,117.14,19423373,-1.8846,-1.7199,117.21,118.01,122.63,46.91,0.66,1.5033,Sell,-1.8413
JNJ,Healthcare,2021-09-22,124.37,125.32,121.91,123.83,72571613,-0.4342,0.0404,126.75,137.12,144.73,37.15,-4.91,4.9158,Sell,-0.6368
JPM,Finance,2021-08-17,225.51,226.66,223.83,224.41,59472656,-0.4878,-0.3065,223.24,210.11,196.22,66.6,9.7,1.4957,Buy,-0.2975
TSLA,Automotive,2021-02-08,182.82,191.72,182.27,190.99,34095164,4.4427875,3.0707,157.67,190.99,190.99,59.18,-18.1,22.6069,Sell,4.2311
GOOGL,Technology,2021-01-01,2790.14,2828.8,2765.68,1237.6000000000001,62478275,0.5645,0.0,1240.1075,2805.89,2805.89,66.19,0.0,0.01,Hold,-0.2957
JNJ,Healthcare,2021-01-27,156.19,158.1,155.83,157.89,40643141,1.0884,1.5043,157.53,157.89,157.89,36.12,3.75,4.3534,Sell,1.4885
GOOGL,Technology,2021-12-22,2678.0,2683.52,2664.12,1237.6000000000001,62667175,-0.3084,-0.7812,1240.1075,2687.09,2698.69,51.66,13.61,23.4483,Sell,1.6642
JPM,Finance,2021-02-04,143.4,143.76,141.92,143.13,18913327,-0.1883,0.8242,143.67,143.13,143.13,45.72,0.0,4.2412,Buy,-0.3478
JNJ,Healthcare,2021-08-26,136.95,137.29,134.27,134.44,73161752,-1.8328,-2.0688,141.43,151.63,159.21,52.77,-6.14,4.8196,Sell,-2.1267
AMZN,E-Commerce,2021-01-06,3485.81,3541.66,3482.11,1237.6000000000001,16324787,1.1865,0.5691,1240.1075,3527.17,3527.17,45.94,0.0,0.01,Hold,5.763225
AMZN,E-Commerce,2021-10-04,4091.72,4109.98,4023.19,1237.6000000000001,114210883,-0.8801,-0.2307,1240.1075,3952.07,3932.61,57.11,20.84125,31.4049,Buy,5.763225
TSLA,Automotive,2021-04-23,119.01,122.3,112.51,257.31500000000005,9462663,-4.3987125,-4.73485,115.59,146.32,156.35,56.18,-19.588749999999997,6.4966,Sell,-5.6173
NFLX,Entertainment,2021-02-12,407.34,413.09,404.87,409.05,21240570,0.4198,-0.0024,418.59,458.48,409.05,41.49,-19.588749999999997,8.6885,Sell,0.5474
GOOGL,Technology,2021-02-25,3090.79,3132.99,3070.5,1237.6000000000001,41779328,1.3543,1.2642,1240.1075,3067.9,3132.65,58.05,20.84125,44.246,Buy,1.6148
TSLA,Automotive,2021-01-19,162.12,162.97,155.93,157.35,58945038,-2.9423,-2.0481,176.11,157.35,157.35,57.17,20.84125,14.506,Buy,-3.8383
JPM,Finance,2021-05-12,148.69,150.31,147.88,150.05,59245689,0.9147,0.3276,152.56,152.49,144.18,51.63,1.24,2.315,Buy,1.0569
GOOGL,Technology,2021-03-18,2869.31,2900.92,2856.37,1237.6000000000001,43600087,-0.0167,0.4204,1240.1075,3050.94,3031.59,32.18,-19.588749999999997,46.0912,Sell,-3.4002
NFLX,Entertainment,2021-10-27,555.12,558.88,540.02,541.14,79162342,-2.5184,-2.7496,570.53,573.41,560.11,41.98,8.81,21.8721,Sell,-3.2018
GOOGL,Technology,2021-09-28,2653.18,2699.55,2626.02,1237.6000000000001,39546582,1.2664,0.5889,1240.1075,2689.72,2733.45,56.1,9.71,30.4269,Buy,-1.9418
AAPL,Technology,2021-09-03,142.5,144.16,141.69,142.79,27637353,0.2035,0.983,144.2,146.07,143.04,33.8,0.19,3.5368,Sell,0.32
TSLA,Automotive,2021-11-11,99.35,102.16,82.18,88.55,46131535,-4.3987125,-4.73485,102.74,104.79,115.86,42.18,-2.3,9.5124,Sell,-5.8069749999999996
JPM,Finance,2021-08-03,223.69,230.37,222.19,228.16,56260471,1.9983,2.3644,217.88,195.37,184.7,54.89,13.84,7.5245,Buy,1.9081
JPM,Finance,2021-11-02,239.65,241.52,237.85,241.3,27484697,0.6885,0.6129,242.19,240.51,236.11,41.9,-0.01,3.1661,Buy,0.0517
AAPL,Technology,2021-06-23,134.59,135.64,133.49,134.79,8787048,0.1486,0.5445,130.06,133.79,135.79,52.02,-2.91,3.1909,Sell,-0.0053
JPM,Finance,2021-10-28,248.33,249.09,239.99,257.31500000000005,69164066,-3.1893,-2.7074,241.57,239.11,235.69,40.96,0.42,3.1113,Buy,-3.3571
GOOGL,Technology,2021-07-07,2792.7,2842.8,2779.31,1237.6000000000001,44221065,1.1695,1.5407,1240.1075,2607.59,2598.52,53.57,20.84125,47.9441375,Buy,-4.3086
AMZN,E-Commerce,2021-08-26,3901.56,3923.3,3849.56,1237.6000000000001,45723007,-0.3986,-0.1159,1240.1075,3883.33,3747.9,55.48,19.0,47.9441375,Sell,1.9715
AAPL,Technology,2021-02-25,150.09,156.28,149.09,156.19,65885165,4.0642,3.7532,153.52,158.46,156.19,50.28,-2.93,3.4491,Sell,3.9189
GOOGL,Technology,,2667.24,2731.07,2666.51,257.31500000000005,65575918,1.8746,1.3657,1240.1075,2675.25,2711.19,37.56,19.51,20.448,Buy,4.5824
TSLA,Automotive,2021-02-17,170.0,177.92,168.24,171.27,15908705,0.7471,1.4092,184.03,165.84,171.27,61.91,15.29,12.1432,Buy,1.0881
TSLA,Automotive,2021-08-11,135.26,139.06,127.16,129.43,37662406,-4.3102,-4.4515,130.45,119.91,100.59,50.49,0.21,9.1555,Buy,-4.9291
GOOGL,Technology,2021-04-09,2799.02,2846.42,2761.7,1237.6000000000001,36446171,-0.8399,-0.8399,1240.1075,2957.53,3023.54,27.76,0.0,47.9441375,Hold,0.2736
AAPL,Technology,2021-09-30,137.11,139.77,136.26,136.89,18230252,-0.1605,0.5731,136.1,141.26,143.1,44.43,-4.0,1.7875,Sell,-0.3759
GOOGL,Technology,2021-03-29,3023.2,3032.76,2997.15,1237.6000000000001,71105735,-0.1283,0.388,1240.1075,3019.14,3032.9,44.46,-19.588749999999997,47.9441375,Sell,1.1598
GOOGL,Technology,2021-01-08,2901.64,2959.47,2893.76,1237.6000000000001,26375181,1.4402,1.0471,1240.1075,2943.43,2943.43,30.82,0.0,0.01,Hold,2.6079
JPM,Finance,2021-02-08,137.73,143.22,136.39,140.72,23032170,2.1709,2.6404,141.81,140.72,140.72,41.97,-2.33,3.699,Buy,2.2676
NFLX,Entertainment,2021-11-24,514.99,516.29,507.42,507.65,21727513,-1.4253,-1.8161,529.6,541.92,553.15,48.2,-4.54,11.5703,Sell,-1.4003
JNJ,Healthcare,2021-06-04,175.5,178.24,175.31,177.71,47086778,1.2593,1.1152,178.94,183.56,180.13,41.14,-3.81,2.1309,Sell,1.3924
AMZN,E-Commerce,2021-11-01,3989.53,4031.98,3962.94,1237.6000000000001,55485843,0.5655,0.3697,1240.1075,4013.03,3966.87,47.29,-19.588749999999997,44.4228,Sell,-5.8069749999999996
JPM,Finance,2021-01-12,149.18,151.24,147.6,149.8,20302305,0.4156,0.6315,156.25,149.8,149.8,30.45,0.0,0.01,Buy,0.4795
NFLX,Entertainment,2021-05-03,428.7,433.83,428.66,431.09,37320895,0.5575,-0.0371,422.31,435.6,431.56,55.67,-10.02,6.9616,Sell,-0.0671
MSFT,Technology,2021-09-21,336.78,340.23,333.32,336.09,40357305,-0.2049,0.0655,338.51,342.8,329.89,45.4,0.0,3.0049,Sell,-1.1123
MSFT,Technology,2021-12-10,342.62,343.99,340.79,343.32,74632311,0.2043,0.4418,349.48,352.53,350.22,40.22,-0.11,5.3822,Sell,0.0418
TSLA,Automotive,2021-03-12,172.09,179.49,170.85,176.1,79371292,2.3302,1.172,176.4,172.28,169.58,38.44,-3.4,7.9849,Buy,2.1661
JNJ,Healthcare,2021-11-15,116.64,120.21,116.46,119.47,30035431,2.4263,2.6727,117.53,117.56,121.87,48.29,0.67,1.1626,Sell,2.9422
MSFT,Technology,2021-08-03,311.98,319.49,311.5,317.57,42661003,1.7918,1.1434,312.38,293.84,287.67,61.43,12.45,5.1025,Buy,1.5892
JPM,Finance,2021-07-07,185.19,188.35,183.29,188.15,32550155,1.5984,2.2777,184.23,173.01,165.64,63.91,4.67,4.9796,Buy,2.0771
JNJ,Healthcare,2021-07-05,168.0,168.25,166.42,167.35,55805624,-0.3869,0.1916,170.04,176.89,180.38,41.85,-1.84,4.8003,Sell,-0.3665
JPM,Finance,2021-12-29,235.14,235.86,233.81,234.37,64613864,-0.3275,-0.2044,239.58,247.89,246.43,37.88,-4.92,3.3958,Sell,-0.9643
JNJ,Healthcare,2021-05-10,187.2,189.58,186.64,189.19,8244350,1.063,0.9498,185.4,179.0,173.31,60.04,4.21,2.3747,Buy,0.7768
MSFT,Technology,2021-01-01,289.0,289.05,285.12,285.22,13195181,-1.308,0.0,285.22,285.22,285.22,49.37,0.0,0.01,Hold,-0.7586
MSFT,Technology,2021-03-31,307.14,308.44,305.19,308.0,57579964,0.28,0.0975,304.77,300.86,308.78,41.77,-0.54,8.7496,Buy,0.4219
JNJ,Healthcare,2021-12-16,117.85,118.52,116.7,117.47,42776378,-0.3224,0.0085,117.36,117.21,117.13,53.8,0.34,1.359,Buy,-0.5259
AMZN,E-Commerce,2021-11-25,4193.17,4199.03,4173.5,1237.6000000000001,60716957,-0.0258,0.5312,1240.1075,4002.63,4020.46,64.26,9.55,47.9441375,Buy,4.1569
TSLA,Automotive,2021-03-11,182.77,186.94,170.21,174.06,30715352,-4.3987125,-4.73485,175.85,170.93,170.19,42.11,-5.03,9.1585,Buy,-4.5022
MSFT,Technology,2021-10-06,347.34,348.46,342.18,345.0,9691032,-0.6737,-0.3437,341.68,340.19,338.64,51.57,-1.45,4.8866,Buy,-0.7659
AMZN,E-Commerce,2021-07-20,3842.23,3847.5,3754.43,1237.6000000000001,61768668,-1.6496,-1.2809,1240.1075,3538.88,3396.4,59.66,20.84125,47.9441375,Buy,1.287
GOOGL,Technology,2021-05-27,2443.1,2455.35,2377.96,1237.6000000000001,31765805,-1.9348,-1.3899,1240.1075,2610.51,2727.02,33.2,-19.588749999999997,47.9441375,Sell,-5.8069749999999996
TSLA,Automotive,2021-05-14,85.69,88.17,84.04,85.3,79725156,-0.4551,-0.1522,83.41,107.89,133.33,48.24,-15.5,6.6969,Sell,-0.9699
NFLX,Entertainment,2021-02-19,434.6,445.34,429.82,440.33,66605559,1.3185,0.7989,422.97,443.14,440.33,50.91,-12.94,10.4912,Sell,2.1138
TSLA,Automotive,2021-10-07,105.45,109.11,99.01,106.39,29530921,0.8914,-0.5794,111.21,131.04,135.59,54.87,-8.86,11.1603,Sell,-0.6738
JNJ,Healthcare,2021-06-02,178.41,179.09,175.23,176.18,29311876,-1.2499,-1.1945,179.73,183.98,179.68,40.68,-2.65,1.9921,Sell,-1.0549
AMZN,E-Commerce,2021-05-07,3050.63,3090.77,3044.84,1237.6000000000001,15343999,0.1583,-0.0265,1240.1075,3134.0,3154.48,55.47,-19.588749999999997,47.9441375,Sell,-1.5163
JPM,Finance,2021-02-02,141.94,145.69,141.75,144.29,31590502,1.6556,2.0511,146.57,144.29,144.29,52.09,1.31,4.0772,Buy,1.811
NFLX,Entertainment,2021-10-18,600.82,603.05,578.1,582.49,24278929,-3.0508,-4.4143,600.03,567.35,556.61,47.35,16.42,15.7866,Buy,-4.8674
TSLA,Automotive,2021-10-15,107.66,115.88,102.62,112.61,46669351,4.4427875,4.70215,113.18,124.03,134.53,55.42,-8.94,5.0891,Sell,5.1003
TSLA,Automotive,2021-03-26,166.24,171.23,166.22,166.34,22935293,0.0602,-2.0031,166.91,171.16,165.5,42.06,0.47,7.6844,Sell,-0.1083
MSFT,Technology,2021-01-11,291.6,295.48,289.22,294.39,53188028,0.9568,0.9533,292.36,294.39,294.39,65.83,0.0,0.01,Sell,0.8516
GOOGL,Technology,2021-03-23,2951.99,2988.4,2933.65,1237.6000000000001,18159257,0.6297,0.29,1240.1075,3037.08,3031.93,34.11,-19.588749999999997,38.552,Sell,3.0733
TSLA,Automotive,2021-04-20,123.7,130.81,108.57,110.42,56494486,-4.3987125,-4.73485,119.45,152.81,160.97,46.92,-19.588749999999997,9.836,Sell,-5.8069749999999996
JNJ,Healthcare,2021-11-24,114.33,115.22,112.39,112.77,39851369,-1.3645,-0.6432,116.82,116.95,119.42,52.55,-0.04,2.3276,Sell,-1.1768
TSLA,Automotive,2021-09-01,144.45,155.91,142.96,150.01,38834082,3.8491,3.9642,152.97,138.43,126.45,49.68,14.06,6.7243,Buy,3.4082
JNJ,Healthcare,2021-06-14,180.26,180.7,176.73,179.36,54558078,-0.4993,0.0223,176.97,182.13,181.23,48.94,-3.96,1.6668,Sell,-0.8602
JPM,Finance,2021-06-25,170.17,176.02,167.82,175.09,14681255,2.8912,2.5417,171.69,165.94,161.05,52.88,3.47,3.4457,Buy,2.8364
GOOGL,Technology,2021-04-27,2655.61,2690.22,2652.57,1237.6000000000001,76341798,1.1598,0.9872,1240.1075,2843.45,2922.86,34.41,-19.588749999999997,31.5879,Sell,0.9299
GOOGL,Technology,2021-07-13,2929.91,2932.01,2888.53,1237.6000000000001,34588554,-0.8881,-1.1849,1240.1075,2666.86,2616.8,65.19,20.84125,47.9441375,Buy,-5.4508
JNJ,Healthcare,2021-08-10,149.71,150.69,145.67,145.75,49147427,-2.6451,-2.5084,152.43,160.3,167.18,43.13,-4.27,3.3855,Sell,-2.4208
GOOGL,Technology,2021-02-15,3162.15,3167.86,3077.59,1237.6000000000001,34879032,-1.7523,-1.7159,1240.1075,3018.2,3106.74,65.81,20.84125,30.5456,Buy,-2.8167
TSLA,Automotive,2021-12-08,110.22,117.78,109.27,114.09,46912262,3.5112,4.70215,120.14,107.74,107.62,44.33,0.0,6.9734,Buy,2.3944
AMZN,E-Commerce,2021-11-09,4012.59,4090.21,3976.52,1237.6000000000001,62809956,1.0731,1.4044,1240.1075,4012.72,3986.67,50.96,16.83,39.7832,Buy,-0.6804
MSFT,Technology,2021-03-09,300.89,302.43,295.83,296.48,27242473,-1.4657,-0.8925,296.26,314.51,296.48,51.77,-10.96,6.1183,Sell,-0.8971
AAPL,Technology,2021-07-19,142.28,142.88,138.77,139.39,67000566,-2.0312,-1.2749,140.01,134.68,135.29,53.76,3.73,1.5369,Buy,-1.9287
MSFT,Technology,2021-08-31,337.16,340.36,334.8,336.96,34753646,-0.0593,-0.0356,343.69,331.07,312.89,47.34,10.43,5.4329,Buy,0.03
AAPL,Technology,2021-01-05,147.42,149.56,146.91,149.44,9119602,1.3702,1.4322,149.44,149.44,149.44,37.09,0.0,0.01,Hold,1.0961
TSLA,Automotive,2021-03-18,185.79,188.59,171.13,173.96,5266117,-4.3987125,-4.73485,178.13,176.3,167.96,42.04,3.12,6.1953,Buy,-5.8069749999999996
MSFT,Technology,,351.82,354.61,346.06,346.25,65227761,-1.5832,-1.6782,352.74,353.45,350.24,44.89,1.4,3.6953,Sell,-0.9269
GOOGL,Technology,2021-04-21,2703.75,2777.13,2692.69,1237.6000000000001,7896195,1.7827,1.647,271.57,2872.25,2959.4,32.35,-19.588749999999997,42.8365,Sell,-1.7305
JNJ,Healthcare,2021-11-08,116.47,117.1,115.5,116.31,24118442,-0.1374,0.0172,117.55,118.63,123.82,52.91,-0.15,1.4784,Sell,-0.2297
GOOGL,Technology,2021-01-07,2910.06,2913.27,2895.61,1237.6000000000001,30412786,0.0986,0.3459,1240.1075,2912.93,2912.93,68.31,0.0,0.01,Hold,-1.9281
GOOGL,Technology,2021-06-11,2603.44,2661.79,2574.6,1237.6000000000001,6382284,1.3947,1.0632,1240.1075,2559.78,2628.69,45.68,-13.97,47.9441375,Buy,0.7471
MSFT,Technology,2021-11-25,357.58,360.47,355.02,355.91,73102784,-0.467,-0.6227,356.18,351.25,346.85,46.69,0.19,5.7526,Buy,-0.2296
GOOGL,Technology,2021-09-08,2633.17,2634.3,2619.05,1237.6000000000001,71101722,-0.5172,-0.0538,1240.1075,2730.92,2777.39,26.47,-19.588749999999997,36.7312,Hold,-1.9821
GOOGL,Technology,2021-01-15,3026.02,3037.61,2965.47,1237.6000000000001,40076764,-1.273,-1.2668,1240.1075,2987.5,2987.5,62.24,0.0,47.9441375,Sell,-5.8069749999999996
AAPL,Technology,2021-12-09,131.57,133.69,130.04,133.2,69996340,1.2389,1.9908,132.31,138.19,137.4,42.4,-4.84,1.5315,Sell,1.1979
AAPL,Technology,2021-08-02,142.35,146.06,140.74,144.42,73268297,1.4542,1.092,143.75,139.0,136.36,69.24,2.68,2.083,Buy,1.3042
MSFT,Technology,2021-09-08,346.63,347.31,340.77,342.78,67914989,-1.1107,-1.7231,343.22,338.55,319.47,45.71,1.84,4.2909,Buy,-1.0841
JNJ,Healthcare,,139.38,140.29,138.98,139.6,22862176,0.1578,0.8525,138.29,149.66,156.59,55.23,-5.98,3.8745,Sell,0.5927
JPM,Finance,2021-08-13,222.66,226.36,219.41,221.65,62770617,-0.4536,-0.8011,222.53,207.41,193.96,67.67,12.03,2.0448,Buy,-0.6006
GOOGL,Technology,2021-08-05,2703.69,2746.28,2695.36,1237.6000000000001,40728214,-0.0448,-0.0026,1240.1075,2796.1,2706.29,39.9,-19.588749999999997,47.9441375,Sell,-1.6368
GOOGL,Technology,2021-01-19,2921.86,2983.4,2910.63,1237.6000000000001,37272304,1.0572,1.3914,1240.1075,2952.75,2952.75,52.01,-16.15,39.9422,Buy,0.0321
AMZN,E-Commerce,2021-06-24,3425.75,3435.87,3352.37,1237.6000000000001,49044066,-1.7879,-1.5661,1240.1075,3283.84,3209.93,58.74,20.84125,33.1576,Buy,5.3623
AAPL,Technology,2021-12-17,139.34,140.46,138.85,139.89,19072339,0.3947,0.4163,134.73,137.16,137.17,59.53,-2.7,3.5472,Sell,0.6126
GOOGL,Technology,2021-08-03,2704.29,2732.46,2695.51,1237.6000000000001,17714477,-0.0618,-0.5911,1240.1075,2787.33,2694.7,36.54,2.45,47.9441375,Buy,-0.7514
NFLX,Entertainment,2021-07-26,465.53,496.28,463.22,492.37,57357072,4.4427875,4.70215,457.64,463.37,467.0,55.06,-14.95,20.5774,Sell,5.2409
NFLX,Entertainment,2021-08-02,512.89,529.97,509.72,519.0,43777842,1.1913,2.2398,502.28,468.92,470.76,67.52,12.24,26.8333,Buy,0.5709
GOOGL,Technology,2021-03-11,2933.55,2951.66,2883.22,1237.6000000000001,1000,-1.0762,-1.3804,271.57,3087.0,3029.53,42.36,-19.588749999999997,47.9441375,Sell,-5.8069749999999996
JNJ,Healthcare,2021-12-23,113.86,114.58,110.36,110.75,67003844,-2.7314,-2.0518,114.91,116.63,116.79,36.2,-0.39,2.0996,Sell,-2.8776
JPM,Finance,2021-11-12,245.71,249.82,243.79,248.07,73819992,0.9605,0.903,244.63,241.62,238.22,44.05,0.63,2.554,Buy,0.91
GOOGL,Technology,2021-08-19,2802.39,2809.2,2765.97,1237.6000000000001,13173044,-0.997,-2.0069,1240.1075,2821.92,2760.11,72.04,-19.588749999999997,29.0079,Sell,2.958
JNJ,Healthcare,2021-12-01,118.29,119.19,115.43,117.06,13592395,-1.0398,-1.3151,115.57,117.26,118.58,64.12,-0.63,2.169,Sell,-1.1208
AMZN,E-Commerce,2021-06-15,3373.48,3435.63,3365.26,1237.6000000000001,31178619,0.9693,0.3751,1240.1075,3191.79,3175.74,56.86,20.84125,47.9441375,Buy,-0.7983
AMZN,E-Commerce,2021-07-29,3846.53,3910.19,3821.62,1237.6000000000001,39898513,1.63,1.7258,1240.1075,3646.62,3508.83,54.52,20.84125,42.3903,Buy,-3.4844
NFLX,Entertainment,2021-10-12,599.05,599.99,598.7,598.8,30366724,-0.0417,0.3738,581.27,556.83,551.31,58.99,10.54,13.7745,Buy,-0.4546
JNJ,Healthcare,2021-03-04,158.57,161.3,157.96,159.35,60251965,0.4919,0.2706,156.08,157.8,159.35,35.24,-2.78,3.3506,Sell,0.5889
JPM,Finance,2021-06-15,167.68,173.97,166.1,172.67,20378762,2.9759,2.6148,169.99,160.61,157.76,55.11,6.36,2.5114,Buy,2.7815
AMZN,E-Commerce,2021-10-14,3964.82,3972.54,3907.01,1237.6000000000001,20658904,-0.7385,-1.2409,271.57,3993.3,3960.59,48.63,20.84125,47.9441375,Buy,-5.7626
TSLA,Automotive,2021-01-07,194.98,203.65,186.42,201.6,41873303,3.3952,4.3208,201.6,201.6,201.6,55.95,0.0,0.01,Hold,3.9227
JNJ,Healthcare,2021-01-08,172.76,173.2,169.52,169.79,31357494,-1.7191,-2.0762,169.79,169.79,169.79,64.6,0.0,0.01,Hold,-1.9534
MSFT,Technology,2021-03-01,304.56,304.89,298.1,299.65,13520186,-1.6122,-1.4957,311.1,317.64,299.65,34.68,-4.96,6.3409,Sell,-1.6583
AAPL,Technology,2021-09-14,141.04,141.14,137.17,138.23,13594936,-1.9923,-2.3455,142.57,145.78,144.04,43.45,-2.8,2.0915,Sell,-2.0596
AAPL,Technology,2021-08-27,149.0,150.37,146.45,147.13,58275040,-1.255,-1.5853,149.49,145.81,142.16,39.89,1.75,1.7567,Buy,-1.4107
JPM,Finance,2021-01-01,154.65,159.19,154.28,158.74,45018204,2.6447,0.0,158.74,158.74,158.74,32.73,0.0,0.01,Hold,2.9669
AMZN,E-Commerce,2021-01-07,3513.57,3530.75,3490.49,1.0,51900926,0.4525,0.0652,1240.1075,3529.47,3529.47,47.61,0.0,0.01,Hold,-1.0655
AAPL,Technology,2021-09-21,136.56,137.24,135.05,135.26,52214956,-0.952,-1.1185,136.94,143.77,143.71,46.46,-3.79,3.988,Sell,-0.5453
TSLA,Automotive,2021-05-18,76.64,98.27,73.06,92.95,24902855,4.4427875,4.70215,85.04,104.39,129.31,51.25,-12.96,6.2349,Sell,5.763225
JNJ,Healthcare,2021-05-28,182.97,183.65,180.81,180.87,5060776,-1.1477,-0.5006,180.82,184.16,178.94,38.76,-1.07,3.3802,Sell,-1.6186
AAPL,Technology,2021-08-11,144.55,145.43,141.58,142.9,20447615,-1.1415,-1.4211,146.56,141.85,137.84,62.82,2.58,2.7372,Buy,-0.9332
NFLX,Entertainment,2021-08-12,549.59,554.67,535.57,540.79,46522249,-1.6012,-1.3157,542.2,484.55,481.64,74.24,20.84125,13.3116,Hold,-1.3002
GOOGL,Technology,2021-01-18,2968.65,2989.14,2900.32,1237.6000000000001,42661003,-1.9005,-2.5195,1240.1075,2912.23,2912.23,68.13,12.13,45.4011,Buy,1.8903
TSLA,Automotive,2021-05-11,87.02,92.7,81.37,87.72,51300073,0.8044,-1.8902,88.79,115.15,138.39,48.73,-15.87,7.5055,Sell,-0.3325
JPM,Finance,2021-08-04,228.37,230.34,221.98,224.57,46882731,-1.664,-1.5735,220.29,197.36,185.96,54.07,14.1,7.6985,Buy,-1.6057
AMZN,E-Commerce,2021-04-15,3186.98,3251.3,3171.91,1237.6000000000001,65143695,1.525,1.9058,1240.1075,3184.54,3242.51,53.99,-19.588749999999997,47.9441375,Buy,1.3346
MSFT,Technology,2021-02-15,323.69,324.28,318.16,318.26,46232899,-1.6775,-1.7564,323.43,314.11,318.26,42.41,7.86,4.1049,Buy,-1.5194
GOOGL,Technology,2021-06-04,2542.91,2569.41,2534.94,1237.6000000000001,55177108,0.7381,0.7211,1240.1075,2570.05,2670.2,32.34,-19.588749999999997,47.9441375,Sell,-2.4883
AAPL,Technology,2021-11-09,143.88,148.47,143.83,146.14,7882998,1.5708,1.079,141.99,137.63,138.21,55.78,1.84,3.3763,Buy,1.326
TSLA,Automotive,2021-04-12,137.01,137.65,122.74,127.48,73270373,-4.3987125,-4.73485,137.81,164.21,167.49,65.42,-13.28,12.6324,Sell,-5.8069749999999996
JPM,Finance,2021-03-25,132.32,133.83,131.86,133.78,10902813,1.1034,1.0423,128.6,134.27,137.87,49.25,-4.47,2.745,Sell,1.0961
AMZN,E-Commerce,2021-09-14,3894.45,3981.52,3887.35,1237.6000000000001,21631299,2.1939,1.7919,1240.1075,3896.8,3845.54,49.17,-19.588749999999997,47.9441375,Sell,5.763225
GOOGL,Technology,2021-12-28,2730.72,2737.51,2697.22,1237.6000000000001,79048837,-0.8225,-1.4217,1240.1075,2688.28,2696.61,46.53,-0.41,26.8964,Buy,1.2719
JNJ,Healthcare,2021-05-04,181.72,182.76,180.86,182.59,30216321,0.4788,0.3793,183.79,176.15,170.67,56.82,5.12,1.6994,Buy,0.7689
GOOGL,Technology,2021-04-14,2741.07,2758.66,2714.83,1237.6000000000001,72884281,0.599,0.3453,1240.1075,2920.32,3000.77,28.34,-19.588749999999997,47.9441375,Hold,-5.8069749999999996
AMZN,E-Commerce,2021-12-31,4084.01,4165.87,4073.78,1237.6000000000001,74638477,0.6878,0.6752,1240.1075,4204.62,4120.75,37.52,-19.588749999999997,47.9441375,Sell,4.5147
JPM,Finance,2021-03-30,140.53,144.97,139.03,143.05,60704291,1.7932,2.1786,134.01,133.97,137.79,52.14,-1.06,5.9537,Buy,2.2325
NFLX,Entertainment,2021-05-17,482.94,491.57,481.15,488.23,42395288,1.0954,2.0804,458.64,437.31,437.42,68.56,13.91,17.0473,Buy,3.0345
JNJ,Healthcare,2021-09-14,136.35,137.42,131.33,131.37,67341647,-3.6524,-3.376,135.33,141.98,149.42,44.76,-4.14,1.7458,Sell,-4.0169
AAPL,Technology,2021-01-22,161.97,163.1,161.48,162.99,44820819,0.6297,0.7791,161.08,162.99,162.99,59.32,-2.64,1.6362,Sell,0.3481
AMZN,E-Commerce,2021-03-23,3268.67,3268.8,3213.43,1237.6000000000001,32758721,-0.9533,-0.6475,1240.1075,3249.27,3352.56,50.49,-12.61,47.9441375,Sell,-2.793
AMZN,E-Commerce,2021-12-22,4235.84,4247.88,4118.09,1237.6000000000001,16958529,-2.6028,-2.9958,1240.1075,4161.45,4093.18,49.08,20.84125,47.9441375,Buy,1.2153
JPM,Finance,2021-07-20,201.78,206.54,201.38,205.7,37001059,1.9427,2.0185,195.64,181.1,172.69,67.29,8.37,7.2251,Buy,2.0624
JNJ,Healthcare,2021-03-01,154.07,159.19,153.33,157.51,35603087,2.2328,1.7835,153.0,157.82,157.51,36.57,-2.58,3.0777,Sell,1.9801
TSLA,Automotive,2021-03-10,189.48,189.93,183.48,184.35,53746879,-2.7074,-2.769,176.44,169.55,184.35,40.25,-4.42,10.5329,Buy,-1.4127
TSLA,Automotive,2021-07-06,103.58,107.89,95.81,107.61,7837599,3.8907,4.70215,97.41,78.16,82.51,43.69,9.42,12.4742,Buy,4.1324
AMZN,E-Commerce,2021-02-11,3489.92,3510.59,3479.1,1237.6000000000001,11795648,0.053,0.5969,1240.1075,3507.77,3491.77,47.48,-19.588749999999997,36.8849,Sell,1.4136
JPM,Finance,2021-05-26,163.12,164.97,161.12,161.37,30667780,-1.0728,-0.4258,158.21,154.28,149.43,59.37,-0.13,6.1583,Buy,-1.2796
GOOGL,Technology,2021-10-14,2710.34,2756.8,2686.8,1237.6000000000001,37199190,1.0198,0.741,1240.1075,2685.71,2712.56,34.44,13.22,22.6801,Buy,2.5318
AMZN,E-Commerce,2021-11-05,4100.85,4134.87,4015.37,1237.6000000000001,51551572,-1.7562,-1.6248,1240.1075,4014.02,3982.28,54.38,-9.02,47.9441375,Buy,1.4398
AAPL,Technology,2021-10-07,134.65,140.51,134.18,139.95,38394430,3.9361,3.9902,136.59,139.08,142.39,51.33,-2.02,1.9269,Sell,4.1327
NFLX,Entertainment,2021-02-17,421.86,431.35,420.27,428.34,24667456,1.5361,1.0236,416.53,448.13,428.34,45.28,-18.08,7.713,Sell,2.5691
MSFT,Technology,2021-07-06,280.39,281.65,276.81,276.86,7492674,-1.259,-0.9375,283.13,280.5,279.93,40.77,1.76,6.6802,Buy,-0.733
MSFT,Technology,2021-10-28,353.64,361.42,353.62,357.52,39203784,1.0972,0.9459,349.52,342.83,342.85,53.45,3.24,5.4115,Buy,0.8762
AMZN,E-Commerce,2021-09-17,3965.09,4032.61,3935.57,1237.6000000000001,72776657,1.0484,0.9517,1240.1075,3906.07,3869.38,47.52,-1.85,47.9441375,Buy,-0.44
NFLX,Entertainment,2021-07-20,452.4,459.6,451.6,452.89,38814140,0.1083,0.9428,434.95,463.9,466.88,42.57,-18.77,14.4804,Sell,1.0228
JNJ,Healthcare,,154.27,155.05,152.54,154.79,48902182,0.3371,0.5195,159.12,165.92,171.07,45.23,-4.72,3.1116,Sell,0.5057
TSLA,Automotive,2021-04-08,140.83,144.78,133.44,137.42,30905670,-2.4214,-1.7376,145.49,166.38,167.61,62.98,-9.33,15.3566,Sell,-2.5448
NFLX,Entertainment,2021-09-14,547.45,551.8,539.57,548.93,8409294,0.2703,0.0839,541.94,540.99,511.81,56.37,-3.76,9.7537,Buy,0.6625
NFLX,Entertainment,2021-12-22,512.47,534.15,511.06,533.09,46290267,4.0237,4.70215,514.22,521.15,531.63,58.62,-2.84,11.0668,Sell,3.4647
JPM,Finance,2021-01-14,142.43,143.98,141.52,142.67,41652202,0.1685,-0.2098,150.38,142.67,142.67,40.86,0.0,7.1109,Buy,-0.1491
AAPL,Technology,2021-07-01,137.41,138.29,136.19,136.36,14158207,-0.7641,-0.8435,134.69,133.6,135.45,50.25,0.38,2.6722,Buy,-0.6733
NFLX,Entertainment,2021-06-14,489.22,498.8,474.4,476.45,24650277,-2.6103,-1.8034,471.74,466.13,451.36,52.57,0.45,8.744,Buy,-2.0924
NFLX,Entertainment,2021-08-24,556.51,561.22,545.49,551.68,42956376,-0.8679,-0.496,547.09,509.67,493.17,66.2,20.84125,7.7223,Buy,-0.8914
AAPL,Technology,2021-03-03,154.35,155.56,151.49,153.49,24532587,-0.5572,-0.718,153.07,157.6,153.49,52.89,-2.66,2.0313,Sell,-0.5771
AMZN,E-Commerce,2021-10-07,4090.83,4108.45,4079.68,1237.6000000000001,65017365,0.121,0.18,1240.1075,3975.42,3945.19,60.23,20.84125,32.3642,Buy,-0.373
GOOGL,Technology,2021-01-20,2949.48,2950.37,2914.83,1237.6000000000001,58185803,-1.0165,-1.1261,1240.1075,2919.5,2919.5,43.05,20.84125,38.0618,Buy,-5.8069749999999996
MSFT,Technology,2021-09-06,347.12,353.06,343.83,347.02,23162516,-0.0288,-0.0058,341.46,335.97,317.19,55.52,4.21,4.81,Buy,-0.3456
AAPL,Technology,2021-05-24,140.98,142.15,140.38,141.99,5248943,0.7164,0.5168,137.21,138.17,143.54,52.43,-0.24,2.886,Sell,0.7485
MSFT,Technology,2021-01-18,309.95,313.49,306.55,312.86,11755602,0.9389,1.3837,304.38,312.86,312.86,49.7,-13.6,7.8193,Sell,1.36
AMZN,E-Commerce,2021-06-22,3430.74,3497.49,3411.92,1237.6000000000001,53683049,1.5801,1.3948,1240.1075,3263.33,3202.49,51.91,20.84125,30.6638,Buy,5.763225
MSFT,Technology,2021-03-24,298.77,301.99,298.05,301.28,26928686,0.8401,0.3564,291.65,302.96,309.22,54.2,-6.81,6.0314,Sell,0.3982
AAPL,Technology,2021-06-01,134.17,134.92,131.53,131.85,54360497,-1.7291,-2.0358,137.18,138.02,141.26,64.02,-1.16,2.9839,Sell,-1.6293
JPM,Finance,2021-01-08,157.37,158.25,155.65,155.79,45801378,-1.004,-0.6378,155.79,155.79,155.79,65.76,0.0,0.01,Hold,-0.8404
GOOGL,Technology,2021-06-10,2601.56,2644.96,2600.33,1237.6000000000001,14161846,0.4005,1.156,1240.1075,2560.48,2634.91,43.57,-19.588749999999997,47.9441375,Buy,-3.4945
JNJ,Healthcare,2021-09-02,137.64,138.42,135.19,136.91,42404252,-0.5304,-0.2477,137.34,148.09,154.93,52.14,-6.09,2.6985,Sell,-0.5659
AMZN,E-Commerce,2021-08-05,3846.03,3861.25,3820.63,1237.6000000000001,64754678,-0.0296,-0.3352,1240.1075,3715.0,3579.6,50.49,0.0,29.6387,Buy,-5.8069749999999996
MSFT,Technology,2021-11-18,353.75,356.22,351.0,355.23,60217583,0.4184,0.4581,349.58,349.07,345.12,42.87,1.61,4.6293,Buy,0.2532
AMZN,E-Commerce,2021-11-15,3947.99,3952.2,3923.11,1237.6000000000001,29204364,-0.1236,0.2066,1240.1075,4000.8,3996.3,48.92,20.84125,47.9441375,Buy,-3.7107
MSFT,Technology,2021-11-29,360.22,362.84,359.05,359.05,36500239,-0.3248,-0.275,357.65,352.4,347.74,45.67,0.33,3.9413,Buy,-0.5442
NFLX,Entertainment,2021-07-12,439.88,444.93,429.85,432.76,76111994,-1.6186,-2.5732,454.53,470.57,468.17,42.52,-3.32,17.4691,Sell,-1.3341
JNJ,Healthcare,2021-08-20,146.29,146.35,143.91,144.75,59538521,-1.0527,-0.8833,147.48,154.76,162.54,49.71,-5.48,1.6189,Sell,-1.0439
TSLA,Automotive,2021-11-30,128.22,129.27,120.9,123.13,33600956,-3.9697,-4.0595,115.46,103.62,108.8,51.39,4.36,11.5532,Buy,-3.9584
NFLX,Entertainment,2021-10-14,611.42,619.3,610.11,616.58,13003987,0.8439,0.3842,595.88,562.64,554.4,59.89,15.52,19.2091,Buy,0.8143
AAPL,Technology,2021-04-13,143.47,143.99,137.76,137.8,10173007,-3.952,-3.305,145.52,151.07,152.88,53.14,-2.99,5.4702,Sell,-3.9542
NFLX,Entertainment,2021-08-31,546.7,551.23,524.26,532.57,71910907,-2.5846,-2.7926,544.37,526.94,499.82,59.08,8.21,8.5321,Buy,-2.108
JPM,Finance,2021-01-22,145.36,151.69,144.92,151.09,15164097,3.9419,4.3079,143.58,151.09,151.09,39.23,-4.48,3.6173,Sell,3.9481
NFLX,Entertainment,2021-10-19,587.84,597.83,582.07,593.42,54781610,0.9492,1.8764,601.64,568.91,557.5,46.59,17.31,13.4959,Buy,-1.6382
AMZN,E-Commerce,2021-10-13,4045.79,4052.04,3964.64,1237.6000000000001,40642884,-1.5028,-1.2208,1240.1075,3990.89,3958.78,50.21,20.84125,37.5351,Buy,-0.8097
GOOGL,Technology,2021-11-05,2710.27,2772.37,2701.82,1237.6000000000001,11523315,1.6821,1.2566,1240.1075,2707.7,2688.76,41.93,-7.72,28.9769,Buy,5.763225
MSFT,Technology,2021-07-23,312.93,315.25,303.16,304.5,49858919,-2.6939,-2.0459,296.71,286.43,282.6,54.55,4.89,8.129,Buy,-2.4603
GOOGL,Technology,2021-12-10,2751.33,2776.39,2655.4,1237.6000000000001,33526024,-2.2378,-2.2442,1240.1075,2696.28,2702.0,56.05,0.91,30.9187,Buy,-3.435
MSFT,Technology,2021-09-09,341.42,344.27,337.83,340.12,24827724,-0.3808,-0.776,343.67,339.36,320.74,48.46,0.87,3.9821,Buy,-0.1972
JPM,Finance,2021-01-04,157.52,166.28,155.67,163.76,79015278,3.9614,3.1624,163.76,163.76,163.76,64.79,0.0,0.01,Hold,3.4575
MSFT,Technology,2021-07-14,288.54,289.66,285.3,287.28,42661003,-0.4367,-0.205,283.07,282.97,279.54,27.78,-1.29,4.2234,Buy,0.2456
MSFT,Technology,2021-07-01,282.66,283.86,276.44,276.77,69509857,-2.0838,-2.3015,287.62,280.32,280.58,43.71,2.64,6.5433,Buy,-2.0058
MSFT,Technology,2021-01-06,293.22,296.12,291.32,294.89,5908503,0.5695,0.8723,294.89,294.89,294.89,43.02,0.0,0.01,Hold,0.6409
GOOGL,Technology,2021-03-12,2888.77,2936.85,2887.8,1237.6000000000001,55798623,0.5826,0.1247,1240.1075,3084.08,3031.53,40.66,-19.588749999999997,47.9441375,Sell,4.4029
JPM,Finance,2021-02-19,141.51,141.63,137.98,140.61,54897679,-0.636,-1.8498,142.36,143.51,140.61,48.99,-2.23,2.7289,Sell,-0.9382
GOOGL,Technology,2021-07-22,2868.05,2879.96,2841.51,1237.6000000000001,51439365,-0.1708,0.1784,1240.1075,2737.99,2656.24,57.29,20.84125,33.9844,Buy,4.9439
AMZN,E-Commerce,2021-08-13,3969.11,4070.43,3939.97,1237.6000000000001,43975147,2.1488,2.0527,1240.1075,3804.44,3659.12,58.24,20.84125,47.9441375,Buy,-5.8069749999999996
AMZN,E-Commerce,2021-11-16,3942.6,3964.72,3898.18,1237.6000000000001,79227713,-0.8482,-0.861,1240.1075,3994.52,3996.51,49.67,20.84125,47.9441375,Sell,-1.9601
NFLX,Entertainment,2021-03-29,439.02,456.85,426.64,449.0,8449483,2.2732,1.8464,451.36,430.86,431.9,58.71,8.3,14.4265,Buy,1.082
MSFT,Technology,2021-11-15,346.37,347.24,341.18,342.13,26069456,-1.2241,-0.76,350.59,348.57,344.67,36.77,2.67,4.3287,Buy,-1.0485
GOOGL,Technology,2021-03-10,2939.04,2967.78,2924.24,1237.6000000000001,10066042,0.1211,-0.4402,1240.1075,3090.05,2942.6,44.35,-19.588749999999997,47.9441375,Sell,0.4949
AAPL,Technology,2021-11-15,141.04,141.37,140.94,141.37,24540024,0.234,-0.0283,143.11,138.31,138.17,53.52,3.02,2.1597,Buy,0.22
JNJ,Healthcare,2021-03-23,167.61,168.05,163.59,165.09,56273507,-1.5035,-1.2974,167.12,160.39,160.71,56.92,5.68,1.7859,Buy,-1.3888
NFLX,Entertainment,2021-09-20,551.57,555.72,541.78,549.42,54762946,-0.3898,-0.4151,550.61,542.86,520.06,59.14,0.92,7.0217,Buy,-0.3069
JPM,Finance,2021-05-11,154.51,156.28,147.93,149.56,52494332,-3.2037,-3.6775,153.16,152.33,143.83,56.96,1.8,2.3732,Buy,-2.9802
JPM,Finance,2021-07-05,182.99,187.13,182.64,184.53,70641653,0.8416,0.9906,181.46,171.39,164.57,57.91,4.1,6.8941,Buy,1.1683
AMZN,E-Commerce,2021-12-09,4221.5,4250.92,4192.34,1237.6000000000001,16770334,0.234,0.0811,1240.1075,4094.08,4054.3,47.51,20.84125,27.5368,Buy,-2.4764
MSFT,Technology,2021-12-07,355.17,356.76,349.91,352.16,23550644,-0.8475,-0.7944,354.56,353.71,350.1,47.8,1.9,2.6387,Buy,-1.0771
AAPL,Technology,2021-07-28,143.63,143.92,141.58,141.67,24193920,-1.3646,-2.1413,142.45,137.63,136.11,65.96,3.02,2.1916,Buy,-0.8901
NFLX,Entertainment,2021-12-30,559.48,567.34,557.91,562.44,30145320,0.5291,0.1032,549.91,524.01,526.62,56.23,7.72,20.5369,Buy,0.543
AMZN,E-Commerce,2021-05-28,3233.09,3269.98,3224.42,1237.6000000000001,42661003,-0.2626,-0.2592,1240.1075,3100.22,3135.45,69.51,20.84125,47.9441375,Buy,-1.9657
GOOGL,Technology,2021-02-12,3126.7,3175.4,3107.61,1237.6000000000001,65793971,1.0964,1.211,1240.1075,3008.35,3160.98,70.11,20.84125,37.9053,Hold,1.1379
TSLA,Automotive,2021-08-27,157.55,159.1,148.23,151.16,29646604,-4.0559,-4.655,157.85,136.51,121.72,53.22,17.09,4.1086,Buy,-3.9421
TSLA,Automotive,2021-09-14,118.9,123.8,116.27,120.37,42757106,1.2363,-0.9626,135.27,144.57,134.76,27.88,-5.85,11.8264,Hold,0.2739
NFLX,Entertainment,2021-02-11,413.96,414.92,397.55,409.06,22305669,-1.1837,-2.4073,421.9,462.05,409.06,38.48,-19.588749999999997,8.298,Sell,-1.4614
AMZN,E-Commerce,2021-12-17,4285.99,4313.62,4229.85,1237.6000000000001,50652604,-0.8789,-0.9718,1240.1075,4142.34,4080.26,52.21,20.84125,39.2216,Buy,3.606
TSLA,Automotive,2021-03-17,178.1,188.79,174.93,257.31500000000005,46361696,4.228,4.70215,180.36,175.96,168.51,43.07,2.47,8.0716,Buy,4.9399
TSLA,Automotive,2021-02-19,177.25,180.59,168.49,175.8,74252571,-0.8181,0.849,176.67,164.04,175.8,55.64,20.75,11.0886,Buy,-2.4437
MSFT,Technology,2021-09-17,343.36,344.54,336.5,1.0,77545585,-1.3368,-1.4315,339.53,342.69,327.92,52.24,-1.53,4.1054,Sell,-1.0762
TSLA,Automotive,2021-09-09,138.99,146.52,138.8,141.07,11952044,1.4965,0.8435,147.33,143.98,133.43,29.52,2.12,4.7969,Buy,1.259
AMZN,E-Commerce,2021-04-29,3099.29,3110.18,3083.85,257.31500000000005,55194832,0.2684,0.376,1240.1075,3183.61,3181.95,61.32,0.11,47.9441375,Sell,-5.8069749999999996
MSFT,Technology,2021-12-03,353.8,354.72,349.83,353.71,19473668,-0.0254,-0.1271,355.82,353.47,349.32,57.54,2.65,2.3713,Buy,-0.5513
MSFT,Technology,2021-12-31,324.76,329.6,324.7,329.38,76438446,1.4226,1.4039,328.22,343.56,347.01,43.48,-9.46,3.5574,Sell,1.2753
JPM,Finance,2021-01-11,157.07,160.58,148.7,148.86,18142592,-4.3987125,-4.4483,157.53,148.86,148.86,64.33,0.0,0.01,Buy,-5.2362
MSFT,Technology,2021-12-13,344.49,346.35,340.91,342.03,78076838,-0.7141,-0.3757,347.75,352.35,350.22,43.59,-0.87,5.3638,Sell,-0.8055
AMZN,E-Commerce,2021-10-22,3898.97,3922.17,3823.66,1237.6000000000001,43459170,-0.6474,-0.7151,1240.1075,4010.49,3955.3,42.4,-19.588749999999997,44.1508,Sell,4.43
AAPL,Technology,2021-08-24,150.36,150.7,148.81,150.49,63671035,0.0865,0.0133,149.45,145.09,141.04,40.36,1.72,2.6805,Buy,-0.1404
TSLA,Automotive,2021-10-20,106.02,107.16,94.38,96.95,43698998,-4.3987125,-4.73485,108.48,119.79,132.66,48.54,-9.04,6.9828,Sell,-5.8069749999999996
MSFT,Technology,2021-05-05,285.94,288.26,283.48,287.74,49365622,0.6295,0.5451,287.69,300.04,298.27,35.49,-11.02,1.5799,Sell,1.1353
GOOGL,Technology,2021-02-05,3141.97,3170.0,3111.93,1237.6000000000001,57192269,-0.5993,-0.7982,1240.1075,3123.14,3123.14,63.15,20.84125,47.9441375,Sell,-5.8069749999999996
JPM,Finance,2021-10-25,240.87,242.81,240.75,242.79,42262329,0.7971,1.0825,239.83,237.48,234.47,62.34,1.79,1.991,Buy,0.9293
AMZN,E-Commerce,2021-07-07,3594.18,3632.47,3499.58,1237.6000000000001,39019406,-1.5419,-1.6391,1240.1075,3422.54,3277.88,64.52,20.84125,47.9441375,Buy,5.445
TSLA,Automotive,2021-05-31,83.15,86.9,75.26,81.66,69366636,-1.7919,-3.4866,88.15,92.72,113.66,53.62,-2.56,4.5989,Sell,-2.0917
TSLA,Automotive,2021-04-19,118.63,124.24,113.41,123.21,28520227,3.8607,1.3323,123.27,155.45,162.79,49.2,-19.588749999999997,8.7202,Sell,5.0715
MSFT,Technology,2021-03-08,296.87,302.17,296.02,299.15,67126371,0.768,1.4102,297.36,315.03,299.15,48.94,-9.93,7.051,Sell,0.418
AMZN,E-Commerce,2021-10-25,3877.23,3960.95,3859.42,1237.6000000000001,27736991,1.8266,1.9186,1240.1075,4011.77,3954.64,48.12,-19.588749999999997,41.8288,Sell,0.4344
JPM,Finance,2021-12-15,249.23,250.78,245.0,246.17,70020276,-1.2278,-1.3623,271.57,250.13,246.56,43.8,-0.61,1.7021,Sell,-1.2504
NFLX,Entertainment,2021-01-13,487.36,499.93,484.63,491.32,39277106,0.8125,0.1978,508.59,491.32,491.32,69.99,0.0,0.01,Buy,0.4326
JNJ,Healthcare,2021-05-07,189.61,191.15,186.6,187.41,37088152,-1.1603,-0.5044,184.61,178.17,172.67,62.48,4.32,2.059,Buy,-0.9369
MSFT,Technology,2021-06-14,293.69,294.09,286.57,287.76,76922005,-2.0191,-1.8855,284.15,277.43,285.69,57.82,3.23,7.4955,Buy,-1.7547
NFLX,Entertainment,2021-07-21,452.69,458.95,447.05,456.14,22699929,0.7621,0.7176,438.29,463.83,467.14,37.69,-17.94,13.1804,Sell,1.9489
AMZN,E-Commerce,2021-11-08,4034.25,4059.96,3986.76,1237.6000000000001,33490933,-0.8619,-0.7285,1240.1075,4013.7,3983.67,53.4,1.67,45.1689,Buy,-3.1861
AAPL,Technology,2021-03-01,153.01,156.48,152.88,154.98,37302265,1.2875,1.9672,152.6,157.92,154.98,47.67,-2.78,3.2652,Sell,1.6539
JPM,Finance,2021-03-17,126.96,129.25,123.36,125.45,58135956,-1.1894,-1.5692,127.95,136.29,140.32,41.55,-5.23,3.1133,Sell,-1.2797
NFLX,Entertainment,2021-02-15,408.43,426.6,408.06,413.19,76853742,1.1654,1.0121,416.19,454.86,413.19,42.8,-19.588749999999997,8.7333,Sell,1.8556
NFLX,Entertainment,2021-08-11,550.17,554.04,546.04,548.0,44839294,-0.3944,-0.1367,271.57,482.71,480.06,77.22,20.84125,14.4443,Hold,0.9821
JPM,Finance,2021-04-14,155.59,156.67,149.89,151.6,30013648,-2.5644,-1.8961,151.76,137.92,138.63,73.65,10.45,2.7831,Hold,-2.243
TSLA,Automotive,2021-05-04,97.27,100.47,95.19,96.44,11635314,-0.8533,1.7729,98.97,129.46,146.09,40.62,-17.29,9.431,Sell,0.7206
MSFT,Technology,2021-06-18,277.66,282.6,275.61,275.88,64406500,-0.6411,-0.7019,283.99,276.59,282.85,54.12,4.06,5.9954,Buy,-1.1662
JPM,Finance,2021-05-13,151.99,155.48,150.04,153.27,39701440,0.8422,2.146,152.35,152.76,144.54,55.24,0.52,1.9899,Sell,1.156
JPM,Finance,2021-01-27,150.89,152.32,147.35,147.46,53112850,-2.2732,-2.6859,147.57,147.46,147.46,44.24,-1.57,4.5965,Buy,-2.708
JPM,Finance,2021-08-27,230.74,230.86,229.26,230.06,9531593,-0.2947,0.0304,231.22,220.89,205.48,49.05,4.82,4.408,Buy,-0.4526
MSFT,Technology,2021-05-06,287.71,287.91,284.63,287.21,44344317,-0.1738,-0.1842,287.32,299.49,297.85,41.71,-10.26,1.4258,Sell,-0.274
GOOGL,Technology,2021-11-23,2645.93,2698.44,2642.56,1237.6000000000001,23832264,1.4951,1.5366,1240.1075,2704.39,2701.31,42.61,-4.31,45.5508,Sell,-2.2293
NFLX,Entertainment,2021-08-19,547.6,551.32,532.6,535.0,77636884,-2.3009,-2.4239,543.51,498.25,489.14,61.34,20.84125,6.8007,Buy,-2.4091
GOOGL,Technology,2021-01-25,2976.38,3029.68,2968.87,1237.6000000000001,56307803,1.6278,2.2762,1240.1075,3024.83,3024.83,42.88,-19.588749999999997,37.8484,Sell,-4.2187
TSLA,Automotive,2021-11-26,109.75,120.44,104.85,117.28,68053238,4.4427875,3.7142,109.47,102.23,108.88,46.2,0.62,10.9539,Buy,5.5674
JNJ,Healthcare,2021-11-10,117.71,119.33,117.2,257.31500000000005,61697387,1.2573,1.0342,117.1,118.27,123.03,52.23,0.52,1.5052,Sell,1.3573
GOOGL,Technology,2021-05-18,2617.34,2645.72,2593.17,1237.6000000000001,24327164,0.434,1.2464,1240.1075,2671.59,2782.73,43.84,-19.588749999999997,31.7236,Sell,-1.9715
JNJ,Healthcare,2021-02-09,160.21,161.11,158.52,160.95,5365789,0.4619,1.2264,161.45,160.95,160.95,46.21,-3.22,1.7445,Buy,0.5639
AAPL,Technology,2021-11-29,133.1,134.62,132.62,134.49,29816465,1.0443,1.4559,137.62,138.8,137.96,32.32,-0.44,3.5857,Sell,1.2609
TSLA,Automotive,2021-02-11,195.89,199.35,185.79,186.98,60231895,-4.3987125,-4.73485,182.53,169.14,186.98,55.88,-1.62,25.3472,Buy,-4.5313
GOOGL,Technology,2021-12-30,2734.89,2751.59,2724.84,1237.6000000000001,52961727,0.5379,0.3244,1240.1075,2694.65,2698.35,52.75,5.91,30.5008,Buy,1.2412
MSFT,Technology,2021-07-21,293.17,302.65,291.96,300.72,49926779,2.5753,2.74,290.97,285.38,281.08,57.17,2.06,4.9229,Buy,2.6923
AAPL,Technology,2021-10-20,136.12,138.68,132.99,134.55,31558625,-1.1534,-1.8743,137.07,137.28,140.81,53.2,0.49,1.5513,Sell,-1.177
NFLX,Entertainment,2021-12-02,526.05,531.61,516.85,529.32,26112663,0.6216,0.4993,514.68,526.2,547.8,52.72,0.75,9.0966,Sell,0.3919
TSLA,Automotive,2021-10-06,107.23,110.71,105.76,107.01,56810803,-0.2052,-0.3724,114.2,132.77,135.66,53.71,-8.94,11.1228,Sell,-0.5895
JNJ,Healthcare,2021-07-27,161.49,162.05,160.86,161.61,53344618,0.0743,-0.5355,160.97,168.56,172.79,46.14,-5.68,1.987,Sell,0.4344
JPM,Finance,2021-08-23,231.47,235.3,228.23,233.94,65697175,1.0671,1.806,226.05,215.73,200.82,65.39,5.48,3.5898,Buy,0.4576
NFLX,Entertainment,2021-12-14,536.33,538.27,527.11,527.76,71145555,-1.5979,-1.3182,519.92,522.1,541.28,53.06,-3.9,7.6189,Sell,-0.6318
AAPL,Technology,2021-03-24,150.54,156.09,149.93,153.61,76129543,2.0393,2.1955,155.14,153.86,156.51,44.7,0.22,2.6612,Buy,1.9996
TSLA,Automotive,2021-06-03,79.85,90.18,76.81,81.42,17561519,1.9662,4.70215,83.21,89.65,108.51,47.68,-0.58,5.4654,Sell,0.887
JPM,Finance,2021-09-24,236.7,240.48,235.23,239.34,39067706,1.1153,1.5013,230.23,229.77,224.58,49.16,-0.54,4.5412,Buy,1.5017
JNJ,Healthcare,2021-09-20,125.81,125.95,124.1,124.31,78164461,-1.1923,-1.6924,130.25,138.64,146.22,43.19,-4.58,4.3157,Sell,-1.557
TSLA,Automotive,2021-04-09,139.03,142.19,133.76,137.21,30194167,-1.3091,-0.1528,141.97,165.61,167.64,66.36,-11.32,15.4269,Sell,-2.7236
JPM,Finance,2021-09-15,231.24,232.53,226.56,227.39,14512549,-1.6649,-1.1434,230.16,227.97,218.94,32.32,1.52,2.3493,Buy,-1.3231
GOOGL,Technology,2021-05-25,2504.01,2510.44,2445.34,1237.6000000000001,26035828,-1.7843,-2.0246,1240.1075,2630.71,2745.03,36.24,-19.588749999999997,47.9441375,Sell,-4.2099
GOOGL,Technology,2021-12-09,2742.41,2768.32,2729.97,1237.6000000000001,20371139,0.3318,0.7075,1240.1075,2697.77,2702.53,62.64,-1.28,31.0489,Buy,2.0252
MSFT,Technology,2021-04-19,294.78,297.56,291.36,291.7,15751760,-1.0448,-1.6554,304.42,302.22,305.66,40.65,5.4,7.999,Buy,-1.1253
JNJ,Healthcare,2021-05-06,185.27,189.23,184.62,188.36,46744557,1.6678,2.7213,184.16,177.43,172.02,59.5,4.64,1.8457,Buy,1.6276
JPM,Finance,2021-10-22,236.65,244.97,236.01,240.19,43325059,1.4959,1.9093,239.74,237.03,234.11,55.52,2.37,1.9609,Buy,1.2355
TSLA,Automotive,2021-10-25,90.29,106.2,89.22,104.68,6391931,4.4427875,4.70215,100.99,116.29,129.56,55.4,-7.6,9.0451,Sell,5.763225
NFLX,Entertainment,2021-07-13,431.49,433.19,421.69,425.61,64421382,-1.3627,-1.6522,449.14,469.14,468.19,34.46,-6.37,18.6812,Sell,-0.9635
AMZN,E-Commerce,2021-11-02,4026.56,4128.73,4023.85,1237.6000000000001,59333013,2.255,2.6238,1240.1075,4013.37,3973.13,57.42,-19.588749999999997,47.9441375,Sell,-4.7605
MSFT,Technology,2021-03-25,299.78,307.14,299.57,303.69,18677632,1.3043,0.7999,293.31,302.3,309.09,50.84,-5.76,6.7562,Sell,1.2378
MSFT,Technology,2021-04-14,312.72,312.98,305.5,307.85,34865658,-1.5573,-1.7113,312.39,302.19,307.48,47.3,8.32,3.3837,Buy,-1.2052
AMZN,E-Commerce,2021-11-26,4198.4,4278.05,4190.19,1237.6000000000001,39080275,0.9789,1.1309,1240.1075,4012.6,4025.11,64.0,13.64,47.9441375,Buy,4.5257
AAPL,Technology,,122.9,128.61,121.22,257.31500000000005,60311488,4.4427875,4.2903,129.84,135.42,136.66,56.3,-3.32,3.1574,Sell,4.4891
NFLX,Entertainment,2021-04-27,416.53,418.53,410.14,413.74,64354824,-0.6698,-1.2011,422.56,437.3,432.22,54.13,-12.36,6.0025,Sell,-2.9043
TSLA,Automotive,2021-09-16,131.56,136.47,131.19,133.9,28212278,1.7787,1.6627,131.21,144.79,135.83,32.71,-7.78,10.8447,Sell,2.4679
JNJ,Healthcare,2021-05-20,186.53,187.78,181.89,183.07,17053227,-1.8549,-2.2323,186.98,183.79,177.34,39.31,2.61,1.8606,Buy,-1.7086
TSLA,Automotive,2021-11-10,101.26,102.04,96.63,257.31500000000005,58401301,0.2666,0.0493,103.15,105.76,117.11,46.71,-2.08,9.0543,Sell,0.6093
TSLA,Automotive,2021-01-01,203.02,209.72,202.34,206.73,67928270,1.8274,0.0,206.73,206.73,206.73,60.68,0.0,0.01,Hold,2.3048
NFLX,Entertainment,2021-01-19,460.44,480.31,458.87,472.42,76199461,2.6019,2.3329,481.15,472.42,472.42,46.27,20.84125,20.8279,Buy,3.412
AMZN,E-Commerce,2021-12-02,4211.89,4234.44,4190.45,1237.6000000000001,56977155,-0.0026,0.0487,1240.1075,4051.12,4038.07,61.51,20.84125,47.9441375,Buy,4.7067
GOOGL,Technology,2021-12-21,2697.83,2715.65,2684.76,1237.6000000000001,21614992,-0.2621,-0.4988,1240.1075,2689.19,2699.65,52.72,15.87,25.2483,Sell,2.8503
AAPL,Technology,2021-04-26,137.13,137.44,136.23,136.91,46535555,-0.1604,-0.2986,137.69,146.79,149.24,28.36,-7.29,1.6225,Hold,-0.5613
JPM,Finance,2021-09-06,229.77,229.97,226.86,227.88,58181382,-0.8226,-1.3378,271.57,225.67,212.51,40.47,4.04,2.75,Buy,-0.5435
MSFT,Technology,2021-09-29,333.66,342.49,332.9,339.4,23330203,1.7203,1.8302,334.9,341.03,335.08,49.06,-3.11,3.409,Sell,1.2642
MSFT,Technology,2021-05-13,265.02,270.38,263.9,268.68,37616068,1.381,0.8824,277.29,293.84,295.43,38.62,-9.26,8.464,Sell,1.3978
GOOGL,Technology,2021-06-17,2633.12,2649.32,2600.85,1237.6000000000001,63617465,0.4861,0.5721,1240.1075,2558.06,2610.59,74.61,20.84125,30.7876,Hold,-0.9335
NFLX,Entertainment,2021-06-24,469.9,476.41,464.8,474.85,71169240,1.0534,-0.7587,475.02,474.09,457.33,59.37,0.52,5.5571,Buy,1.4827
JNJ,Healthcare,2021-03-08,160.29,162.95,160.27,162.68,49021073,1.491,1.3393,158.77,158.15,162.68,37.16,-2.16,3.7584,Buy,1.4649
AAPL,Technology,2021-04-29,135.02,139.18,133.39,138.2,51126161,2.3552,2.5527,136.65,144.65,147.93,34.77,-6.5,1.7026,Sell,2.3294
JNJ,Healthcare,2021-02-16,157.39,160.22,157.38,158.07,72136616,0.432,0.0506,158.92,162.34,158.07,36.04,-0.74,1.3497,Sell,0.3068
TSLA,Automotive,2021-07-30,108.31,111.38,107.74,110.17,25079796,1.7173,0.3644,117.82,106.54,93.77,32.46,11.33,8.4786,Buy,1.7786
TSLA,Automotive,2021-12-21,101.13,118.08,96.95,117.46,60440752,4.4427875,4.70215,109.76,110.23,107.29,45.94,-1.47,4.7985,Sell,5.763225
GOOGL,Technology,2021-04-07,2914.08,2933.24,2815.01,1237.6000000000001,12431830,-2.504,-2.5255,1240.1075,2978.84,3031.78,32.91,14.43,47.9441375,Sell,-0.3295
AAPL,Technology,2021-01-11,154.1,163.55,152.65,163.04,74188634,4.4427875,4.70215,152.93,163.04,163.04,56.05,0.0,0.01,Sell,5.763225
NFLX,Entertainment,2021-04-09,438.99,458.09,435.63,451.6,35719995,2.8725,3.0086,448.14,435.94,431.41,50.49,8.21,9.2624,Buy,5.7433
JPM,Finance,2021-12-17,242.56,244.38,241.86,243.92,68795976,0.5607,0.1478,247.26,250.18,246.62,35.23,-2.51,2.347,Sell,0.6406
NFLX,Entertainment,2021-03-12,413.05,413.97,401.82,407.69,32538884,-1.2977,-2.1105,419.65,423.38,444.68,54.76,-0.2,7.9203,Sell,-1.0352
AMZN,E-Commerce,2021-08-09,3898.27,3981.35,3898.23,1237.6000000000001,59106852,1.2377,0.926,1240.1075,3747.2,3605.75,58.0,20.84125,40.6524,Buy,5.763225
AAPL,Technology,2021-08-19,148.27,152.25,147.64,150.84,69673994,1.7333,1.8707,146.87,143.98,139.62,51.5,2.58,2.209,Buy,2.0234
NFLX,Entertainment,2021-07-15,423.22,432.52,414.93,428.75,64321341,1.3066,2.4664,439.14,466.66,467.14,31.56,-13.99,16.7519,Sell,0.3857
GOOGL,Technology,2021-09-24,2677.93,2754.57,2664.12,1237.6000000000001,75975031,2.5852,2.5871,1240.1075,2699.59,2739.75,63.93,3.81,33.2211,Sell,5.763225
GOOGL,Technology,2021-11-18,2642.25,2666.22,2640.18,1237.6000000000001,19048736,0.4981,0.4319,1240.1075,2709.77,2702.79,40.61,0.28,47.9441375,Sell,-0.6467
MSFT,Technology,2021-10-19,343.79,349.89,343.56,348.51,41650975,1.3729,2.0139,343.73,340.63,342.23,60.17,3.64,2.4424,Buy,1.9818
JPM,Finance,2021-04-26,150.6,157.95,149.23,157.23,48389263,4.4024,4.70215,152.89,143.81,140.58,66.05,6.14,2.6336,Buy,4.8065
GOOGL,Technology,2021-02-08,3127.22,3140.45,3083.21,1237.6000000000001,26824406,-1.3856,-1.2567,1240.1075,3083.89,3083.89,62.19,20.84125,47.9441375,Buy,-2.0432
NFLX,Entertainment,2021-06-17,482.54,491.87,475.66,477.54,25200054,-1.0362,-0.2632,474.13,469.92,453.44,59.56,-1.33,8.4418,Buy,-0.749
AAPL,Technology,2021-05-04,140.44,141.37,140.12,140.32,49746640,-0.0854,-0.0712,137.69,143.27,147.22,51.9,-3.91,1.8512,Sell,-0.5627
NFLX,Entertainment,2021-11-01,508.13,510.03,505.0,508.0,61875474,-0.0256,-0.355,539.02,569.2,558.3,42.6,-9.66,30.1497,Sell,-0.1418
NFLX,Entertainment,2021-03-23,464.45,478.72,460.42,469.85,60799649,1.1627,2.3817,438.46,426.2,434.25,65.24,1.15,18.6483,Buy,3.1993
JNJ,Healthcare,2021-11-23,115.88,116.26,113.21,113.5,61268105,-2.0538,-2.2731,117.78,117.09,119.78,49.9,0.15,1.8986,Buy,-1.7323
JPM,Finance,2021-10-15,242.96,244.5,238.1,239.51,6471342,-1.42,-1.1107,241.77,235.56,232.45,52.26,4.38,2.6814,Buy,-0.8846
JNJ,Healthcare,2021-05-11,189.59,192.03,188.99,190.38,5465041,0.4167,0.629,186.17,179.74,173.96,60.13,3.95,2.8327,Buy,0.6512
JNJ,Healthcare,2021-03-26,166.17,166.19,164.95,165.13,50885379,-0.6259,-0.6916,166.97,161.12,160.61,62.37,4.97,1.7483,Buy,-0.7355
JPM,Finance,2021-11-30,254.88,256.55,253.15,255.08,46554747,0.0785,0.7226,251.63,246.75,244.15,42.33,5.43,3.6517,Buy,-0.1949
JNJ,Healthcare,2021-08-25,138.93,139.55,136.7,137.28,75786137,-1.1876,-1.4855,143.31,152.44,160.15,45.84,-6.24,4.0707,Sell,-1.0814
JPM,Finance,2021-09-02,232.73,234.13,231.54,232.96,34928925,0.0988,0.241,230.88,224.11,210.38,44.63,3.79,2.7222,Buy,0.4068
NFLX,Entertainment,2021-06-18,477.04,480.1,471.83,475.31,60047232,-0.3627,-0.467,476.57,470.5,453.91,58.79,-1.04,8.3127,Buy,-0.1122
JNJ,Healthcare,2021-01-05,173.37,174.23,171.32,171.98,29071143,-0.8018,-0.9503,171.98,171.98,171.98,68.58,0.0,0.01,Hold,-0.9133
GOOGL,Technology,2021-04-05,2962.98,2978.15,2907.54,1237.6000000000001,74136786,-1.6568,-1.2482,271.57,2992.55,3036.23,41.86,7.48,40.9471,Buy,-2.3053
NFLX,Entertainment,2021-04-29,411.06,426.11,403.99,426.05,37248888,3.6467,3.7881,420.34,436.84,431.64,55.37,-12.07,6.6132,Sell,5.16
GOOGL,Technology,2021-09-13,2711.32,2741.3,2619.13,1237.6000000000001,42303015,-2.1093,-2.526,1240.1075,2723.08,2773.51,40.05,-19.588749999999997,33.7678,Sell,-1.3077
AMZN,E-Commerce,2021-03-15,3138.4,3224.09,3130.33,1237.6000000000001,42661003,2.0902,2.4009,1240.1075,3299.38,3385.11,47.94,-19.588749999999997,45.5549,Sell,5.763225
MSFT,Technology,2021-08-24,347.24,348.8,343.86,345.83,14003051,-0.4061,0.5788,346.68,322.14,306.43,45.0,16.25,3.9423,Buy,-0.3334
AMZN,E-Commerce,2021-09-09,3837.63,3847.82,3740.45,1237.6000000000001,62712395,-2.3647,-2.2238,1240.1075,3888.81,3825.65,47.68,-19.588749999999997,47.9441375,Sell,-1.4315
AMZN,E-Commerce,2021-03-11,3159.05,3187.57,3136.77,1237.6000000000001,59025911,0.1079,0.2984,1240.1075,3318.84,3399.18,41.53,-19.588749999999997,45.6029,Sell,5.763225
MSFT,Technology,2021-08-09,332.52,333.8,330.61,331.54,27379264,-0.2947,0.2025,324.07,299.29,292.55,66.02,16.0,9.5021,Buy,-0.005
GOOGL,Technology,2021-05-04,2681.45,2695.12,2663.62,1237.6000000000001,71956072,0.129,0.402,1240.1075,2801.04,2875.78,35.28,-19.588749999999997,31.5213,Sell,-4.825
MSFT,Technology,2021-01-21,311.41,314.23,308.28,313.1,35684740,0.5427,0.7433,311.04,313.1,313.1,66.48,0.0,7.3528,Sell,0.2685
AAPL,Technology,2021-09-07,143.6,145.33,140.47,140.53,15364627,-2.1379,-2.2604,142.44,145.88,143.42,35.83,-1.21,2.8523,Sell,-2.6983
AMZN,E-Commerce,2021-05-10,3055.82,3093.17,2948.12,1237.6000000000001,14952089,-2.7142,-2.7027,1240.1075,3125.49,3150.96,57.16,-19.588749999999997,47.9441375,Sell,3.6096
AMZN,E-Commerce,2021-07-06,3611.16,3616.2,3554.82,1237.6000000000001,57839975,-0.3719,-0.0236,1240.1075,3409.36,3269.03,64.93,20.84125,47.9441375,Buy,5.763225
JPM,Finance,2021-12-13,249.76,250.32,249.42,249.83,47595222,0.028,0.4342,271.57,249.65,246.06,42.04,0.5,2.854,Sell,0.248
AAPL,Technology,2021-05-03,138.58,140.81,138.25,140.42,68906123,1.3278,1.3716,137.26,143.61,147.41,41.65,-4.63,1.8351,Sell,1.2313
JPM,Finance,2021-01-06,162.32,162.84,155.61,155.81,34005732,-4.0106,-4.3758,155.81,155.81,155.81,69.04,0.0,0.01,Hold,-4.3108
JNJ,Healthcare,2021-12-21,116.24,116.3,111.49,113.16,77132115,-2.6497,-2.7668,116.01,117.04,116.93,37.39,0.19,1.6877,Sell,-2.4384
GOOGL,Technology,2021-10-04,2709.28,2733.78,2689.17,1237.6000000000001,34982252,-0.3706,-0.6346,1240.1075,2677.5,2721.19,48.19,20.84125,26.376,Buy,-2.5096
TSLA,Automotive,2021-12-24,123.71,130.33,111.04,115.38,64148541,-4.3987125,-4.73485,112.87,112.56,107.71,57.34,-1.96,5.7209,Buy,-5.8069749999999996
JPM,Finance,2021-10-01,239.4,244.31,238.65,242.46,76889905,1.2782,0.815,240.99,232.6,228.24,62.69,2.82,6.9319,Buy,1.1835
JNJ,Healthcare,2021-10-11,118.32,119.48,117.12,118.29,31260120,-0.0254,-0.4963,121.49,128.52,135.48,38.88,-4.12,2.3791,Sell,-0.2542
JNJ,Healthcare,2021-09-30,124.28,126.02,124.06,125.1,38215323,0.6598,0.9197,125.15,132.61,140.68,34.57,-5.68,1.2152,Sell,0.3973
AAPL,Technology,2021-03-18,155.19,158.11,154.37,157.58,7102935,1.54,1.24,154.09,154.31,157.05,60.93,-1.08,3.2466,Sell,1.4232
JPM,Finance,2021-05-27,160.01,167.4,155.96,166.39,26409480,3.9873,3.1109,161.11,154.89,150.18,60.68,0.84,6.8586,Buy,4.0373
TSLA,Automotive,2021-06-21,67.91,69.33,57.35,58.74,74461838,-4.3987125,-4.73485,59.28,77.42,88.13,44.77,-11.29,8.5977,Sell,-5.8069749999999996
AMZN,E-Commerce,2021-09-27,4027.78,4037.58,4006.58,1237.6000000000001,40600608,-0.4623,-0.187,1240.1075,3918.88,3909.99,57.46,20.84125,47.9441375,Buy,5.763225
TSLA,Automotive,2021-08-06,127.35,129.22,125.32,125.46,51919562,-1.4841,-1.2282,121.22,115.57,97.49,41.94,2.24,8.268,Buy,-1.7093
AAPL,Technology,2021-11-08,144.14,144.68,143.03,144.58,45743699,0.3053,0.2357,140.79,137.25,138.13,55.13,0.92,3.7286,Buy,0.5097
AAPL,Technology,2021-06-09,133.01,134.08,131.35,133.58,31193459,0.4285,0.0899,132.87,137.35,138.97,53.24,-2.33,1.6678,Sell,0.1804
MSFT,Technology,2021-04-13,306.28,313.36,306.05,313.21,31561228,2.2626,1.9133,313.06,301.69,307.92,49.39,8.45,3.3654,Buy,2.3129
JNJ,Healthcare,2021-08-09,151.63,151.66,148.78,149.5,27406841,-1.4047,-1.6771,153.72,161.08,167.83,45.47,-3.58,3.1976,Sell,-1.4395
JPM,Finance,2021-05-19,146.86,154.96,143.86,154.45,30711270,4.4427875,4.70215,149.95,152.75,146.09,53.66,-1.31,2.9471,Sell,4.8875
AAPL,Technology,2021-09-02,140.54,141.83,139.62,141.4,29627208,0.6119,0.419,144.72,146.1,142.84,31.24,0.59,3.7889,Sell,0.4956
NFLX,Entertainment,2021-04-15,420.25,434.37,411.9,430.14,59769736,2.3534,2.4484,436.4,436.55,431.43,53.44,1.86,12.4789,Sell,1.7514
TSLA,Automotive,2021-04-06,139.85,144.3,126.55,132.57,70813083,-4.3987125,-4.73485,156.06,167.39,167.3,60.14,-7.92,14.4699,Sell,-4.9824
AMZN,E-Commerce,2021-06-28,3420.65,3493.01,3402.12,1237.6000000000001,61747254,1.4947,1.539,1240.1075,3308.33,3217.88,61.15,20.84125,32.5489,Buy,1.9622
JPM,Finance,2021-08-20,225.1,230.08,223.74,229.79,57871938,2.0835,2.2835,224.55,214.16,199.51,66.63,5.96,2.3543,Buy,1.8821
AAPL,Technology,2021-01-27,162.24,162.87,160.83,161.02,52946037,-0.752,-1.6071,161.51,161.02,161.02,51.92,0.55,1.6056,Buy,-0.8187
GOOGL,Technology,2021-08-17,2804.33,2863.43,2804.28,1237.6000000000001,14978944,1.9142,2.2185,1240.1075,2824.46,2751.88,71.19,-19.588749999999997,47.9441375,Sell,5.4579
NFLX,Entertainment,2021-09-21,551.01,569.46,542.32,567.77,77211453,3.0417,3.3399,554.16,543.49,522.91,59.21,4.16,9.246,Buy,4.1525
GOOGL,Technology,2021-02-04,3121.92,3162.41,3108.0,1237.6000000000001,54038695,0.844,0.5657,1240.1075,3148.27,3148.27,50.49,-19.588749999999997,47.9441375,Sell,-2.4711
JPM,Finance,2021-09-23,232.95,236.33,232.52,235.8,78576053,1.2234,1.5285,228.53,229.18,223.77,48.59,-0.67,3.2668,Sell,1.7439
GOOGL,Technology,2021-08-24,2809.8,2844.69,2763.76,1237.6000000000001,33906397,-1.2869,-1.4714,1240.1075,2811.15,2769.06,64.66,4.31,27.5891,Sell,-2.8661
JNJ,Healthcare,2021-08-30,137.67,138.99,137.43,138.42,74848582,0.5448,0.6984,139.03,150.32,157.41,56.62,-6.07,4.3867,Sell,-0.0551
AMZN,E-Commerce,2021-07-27,3872.97,3925.23,3853.72,1237.6000000000001,59154810,0.7039,0.4367,1240.1075,3617.86,3475.1,56.42,20.84125,47.9441375,Buy,3.1694
TSLA,Automotive,2021-07-27,119.56,121.36,115.05,115.25,17244633,-3.6049,-4.73485,125.28,101.31,92.52,37.83,17.99,6.392,Buy,-3.6289
AAPL,Technology,2021-02-15,159.12,159.98,155.31,157.63,35409615,-0.9364,-0.0127,157.05,159.25,157.63,44.1,-1.67,1.5934,Sell,-0.771
MSFT,Technology,2021-03-12,292.76,300.94,291.97,298.54,64666931,1.9743,2.2432,295.87,311.95,309.86,60.54,-11.91,2.6261,Sell,2.1951
TSLA,Automotive,2021-10-08,103.92,118.35,102.84,114.93,70764818,4.4427875,4.70215,110.54,129.83,135.69,59.44,-8.43,8.9384,Sell,5.763225
JNJ,Healthcare,2021-10-12,119.29,119.81,117.12,118.06,40219686,-1.0311,-0.1944,120.57,127.8,134.72,45.42,-4.1,2.6329,Sell,-0.8631
AAPL,Technology,2021-10-28,138.04,139.74,136.84,139.68,42661003,1.1881,1.9264,134.51,136.12,139.24,52.27,-0.37,2.8998,Sell,1.1777
JNJ,Healthcare,2021-06-17,180.35,182.44,178.82,181.41,34256410,0.5877,0.8113,178.67,181.64,181.74,47.45,-3.01,2.1619,Sell,0.786
NFLX,Entertainment,2021-04-21,420.63,432.06,417.16,430.04,63790932,2.2371,2.5198,426.51,437.23,431.81,53.71,-6.01,9.763,Sell,0.2972
JNJ,Healthcare,2021-05-24,181.74,183.15,178.41,179.88,21512077,-1.0234,-0.712,184.81,184.12,177.98,44.71,1.67,3.2907,Buy,-0.6247
GOOGL,Technology,2021-04-02,3000.87,3008.4,2928.7,1237.6000000000001,6058997,-1.6712,-1.8984,1240.1075,2997.94,3038.44,38.72,-2.7,33.7323,Buy,-1.6729
TSLA,Automotive,2021-02-24,165.05,167.01,148.27,150.95,19976796,-4.3987125,-4.73485,168.67,161.76,150.95,43.66,16.67,9.2206,Buy,-5.8069749999999996
NFLX,Entertainment,2021-08-23,546.84,557.29,545.71,554.43,5302887,1.388,2.8837,544.16,505.47,491.78,61.87,20.84125,7.5144,Buy,1.3828
TSLA,Automotive,2021-09-08,150.34,151.95,132.33,139.89,61526028,-4.3987125,-4.73485,147.79,142.94,132.73,34.89,3.84,5.425,Buy,-5.8069749999999996
JPM,Finance,2021-01-18,142.32,143.79,139.77,141.12,67976862,-0.8432,-0.0567,146.06,141.12,141.12,66.2,10.58,7.3566,Buy,-0.4738
NFLX,Entertainment,2021-01-20,476.15,478.75,445.31,447.89,37763919,-4.3987125,-4.73485,474.09,447.89,447.89,30.35,20.84125,20.6431,Buy,-5.8069749999999996
GOOGL,Technology,2021-04-23,2706.23,2710.95,2692.68,1237.6000000000001,42661003,-0.4774,0.0788,1240.1075,2858.15,2941.4,28.42,-19.588749999999997,31.6222,Hold,-1.3277
TSLA,Automotive,2021-06-01,85.94,87.01,82.2,86.15,75642616,0.2444,4.70215,87.16,91.91,112.17,55.44,-1.89,4.3584,Sell,0.662
AAPL,Technology,2021-07-27,146.25,148.93,143.04,144.77,45060735,-1.012,-0.2961,142.12,137.19,136.01,70.25,3.06,2.3854,Hold,-1.1213
NFLX,Entertainment,2021-02-01,434.14,436.35,422.79,429.07,42661003,-1.1678,-1.4561,440.86,429.07,429.07,38.9,20.28,11.6078,Buy,-1.1805
GOOGL,Technology,2021-05-20,2632.74,2634.09,2537.29,1237.6000000000001,52729075,-3.3801,-3.5271,1240.1075,2656.27,2769.45,35.84,-19.588749999999997,34.548,Sell,-2.564
AAPL,Technology,2021-04-28,135.09,135.15,133.89,134.76,33874380,-0.2443,0.0594,271.57,145.3,148.25,27.98,-7.12,1.741,Hold,-0.3898
NFLX,Entertainment,2021-12-13,516.84,535.04,514.64,534.81,44452599,3.4769,3.7922,518.45,521.4,542.1,51.63,-4.9,8.7221,Sell,3.3686
AAPL,Technology,2021-03-10,148.38,152.81,146.98,151.23,34242513,1.9207,1.6536,151.6,155.61,151.23,45.11,0.0,2.3807,Sell,2.3162
GOOGL,Technology,2021-10-19,2778.97,2806.61,2678.24,1237.6000000000001,35914407,-3.3099,-2.7837,1240.1075,2698.47,2710.29,40.06,14.23,36.4825,Buy,-5.4458
AMZN,E-Commerce,2021-05-19,3125.16,3133.47,3007.49,1237.6000000000001,36984800,-2.74,-1.8712,1240.1075,3114.34,3146.23,65.49,0.0,37.613,Sell,4.8074
AAPL,Technology,2021-08-06,151.21,152.86,148.79,149.01,50126656,-1.4549,-1.5266,146.26,140.85,137.18,75.2,3.46,2.8882,Hold,-1.6218
JNJ,Healthcare,2021-10-18,114.77,114.89,112.89,113.31,5113907,-1.2721,-0.6401,116.23,124.81,131.72,33.91,-4.26,2.9539,Sell,-1.3831
MSFT,Technology,2021-06-01,272.05,277.25,271.96,275.61,13933082,1.3086,1.4727,272.32,279.36,290.28,59.94,-3.96,3.9699,Sell,0.9522
NFLX,Entertainment,2021-02-05,433.45,435.65,424.67,428.55,34404409,-1.1305,-0.3303,433.05,428.55,428.55,40.9,-19.588749999999997,6.5797,Buy,-0.7328
NFLX,Entertainment,2021-12-24,538.72,552.3,537.91,545.48,79062633,1.2548,1.2079,521.29,521.87,528.8,60.95,1.4,14.8812,Sell,0.6338
NFLX,Entertainment,2021-02-10,411.31,429.08,406.87,419.15,52990960,1.9061,1.5063,424.93,419.15,419.15,39.9,-19.588749999999997,8.6555,Buy,2.1653
JPM,Finance,2021-12-01,254.93,257.6,254.01,257.16,10487394,0.8747,0.8154,252.15,247.34,244.64,44.54,5.56,3.5795,Buy,0.9804
AMZN,E-Commerce,2021-04-13,3173.98,3232.42,3160.57,1237.6000000000001,67394277,0.403,-0.3689,1240.1075,3174.55,3252.52,46.94,-19.588749999999997,47.721,Sell,0.2742
GOOGL,Technology,2021-12-02,2687.38,2704.24,2685.22,1237.6000000000001,68661474,0.5273,1.002,1240.1075,2693.81,2701.43,51.58,-19.588749999999997,28.6207,Sell,3.5643
JNJ,Healthcare,2021-07-02,169.64,169.95,166.69,167.03,65401921,-1.5386,-1.4863,171.5,177.3,180.69,47.65,-1.19,5.1072,Sell,-1.3217
AAPL,Technology,2021-09-09,141.93,145.97,141.56,145.67,48713752,2.6351,0.9424,142.76,146.03,143.74,39.6,-2.02,2.1128,Sell,2.4631
NFLX,Entertainment,2021-09-08,548.47,556.18,531.94,539.08,39455514,-1.712,-1.3956,532.2,537.32,505.6,65.72,-3.11,9.2783,Sell,-0.3723
JNJ,Healthcare,2021-06-18,181.9,185.15,181.16,183.91,21346707,1.105,1.3781,179.97,181.53,181.94,50.48,-2.2,2.8194,Sell,1.1633
NFLX,Entertainment,2021-11-03,509.29,511.67,489.81,497.01,30923691,-2.4112,-1.9453,519.87,564.74,556.33,46.81,-19.588749999999997,29.2829,Sell,-1.2418
AAPL,Technology,2021-09-08,140.51,145.68,139.56,144.31,68922053,2.7044,2.6898,142.28,145.97,143.55,38.17,-1.73,2.7404,Sell,2.2563
MSFT,Technology,2021-12-06,353.97,355.06,352.36,354.98,61307281,0.2853,0.3591,355.69,353.76,349.72,55.5,2.64,2.3797,Buy,0.7269
NFLX,Entertainment,2021-07-02,483.04,491.28,450.86,463.37,20562498,-4.0721,-4.5267,481.99,475.19,464.43,49.85,4.05,9.3206,Buy,-4.67
AMZN,E-Commerce,2021-08-06,3856.51,3921.81,3854.73,1237.6000000000001,5229732,1.395,1.7015,1240.1075,3731.37,3593.31,57.12,20.84125,32.5822,Buy,-2.5472
JPM,Finance,2021-11-16,250.34,253.84,248.55,253.12,26464530,1.1105,1.2359,247.11,242.5,239.11,45.05,1.93,3.7376,Buy,0.6556
TSLA,Automotive,2021-01-11,200.52,203.52,184.72,187.59,45126728,-4.3987125,-4.73485,198.58,187.59,187.59,31.59,0.0,0.01,Buy,-5.8069749999999996
GOOGL,Technology,2021-04-30,2616.14,2663.2,2614.07,1237.6000000000001,13651836,1.7048,1.5526,1240.1075,2820.16,2891.59,37.36,-19.588749999999997,32.9267,Sell,2.3986
NFLX,Entertainment,2021-12-03,529.61,530.89,516.06,517.47,21602306,-2.2923,-2.2387,516.09,524.64,546.97,52.47,-1.55,8.0715,Sell,-3.3306
AAPL,Technology,2021-03-16,152.18,159.61,150.8,158.56,40970385,4.1924,4.1445,151.82,154.42,156.9,63.11,-1.39,2.6453,Sell,4.3795
AMZN,E-Commerce,2021-11-19,3907.94,4050.29,3890.04,1237.6000000000001,61632079,3.0456,3.5586,1240.1075,3981.59,4004.27,65.2,5.18,47.9441375,Sell,0.8304
JPM,Finance,2021-07-12,185.27,190.21,182.32,186.88,59521535,0.869,1.9142,184.83,174.93,167.39,65.96,6.65,1.7959,Buy,1.2313
GOOGL,Technology,2021-06-24,2579.71,2611.27,2547.59,1237.6000000000001,56573870,-0.6993,-0.7274,1240.1075,2558.78,2594.94,50.0,20.84125,33.6827,Buy,3.0612
NFLX,Entertainment,2021-10-08,584.21,586.32,573.47,582.18,33409929,-0.3475,-0.8971,571.07,553.0,548.29,60.42,9.86,11.263,Buy,-2.1133
MSFT,Technology,2021-05-07,286.53,288.22,279.95,280.29,71154727,-2.1778,-2.4094,286.38,298.55,297.37,39.44,-9.98,2.5837,Sell,-2.541
TSLA,Automotive,2021-04-22,111.02,122.27,110.59,120.98,76714277,4.4427875,4.70215,115.97,148.43,157.77,57.48,-19.588749999999997,8.5116,Sell,5.763225
MSFT,Technology,2021-06-25,290.72,292.98,290.02,291.31,45190825,0.2029,1.1212,282.73,278.88,280.79,63.18,5.17,4.9218,Buy,0.0507
AAPL,Technology,2021-12-08,133.03,134.48,130.13,130.6,30097487,-1.8267,-1.8193,132.43,138.41,137.47,38.01,-4.7,1.5824,Sell,-1.9494
MSFT,Technology,2021-09-24,333.15,340.03,331.56,336.37,15553055,0.9665,1.1183,336.45,341.93,332.55,36.58,-3.67,3.6905,Sell,0.9402
AMZN,E-Commerce,2021-01-28,3445.11,3457.86,3412.89,1237.6000000000001,39603730,0.225,-0.0862,1240.1075,3452.86,3452.86,60.32,20.84125,47.9441375,Buy,-0.9694
AMZN,E-Commerce,2021-08-04,3799.47,3877.74,3764.9,1237.6000000000001,29133715,1.5357,1.3573,1240.1075,3698.99,3567.36,55.01,20.84125,30.6193,Buy,-1.3411
NFLX,Entertainment,2021-07-22,455.34,457.34,447.8,450.13,59614039,-1.1442,-1.3176,441.79,463.49,467.16,43.55,-17.56,12.1526,Sell,-1.1759
JPM,Finance,2021-04-15,152.06,152.58,147.51,148.04,12020643,-2.6437,-2.3483,151.35,138.34,138.73,64.53,10.06,2.3511,Buy,-2.7442
GOOGL,Technology,2021-03-15,2908.15,2940.61,2865.63,1237.6000000000001,43145921,0.5485,0.6367,1240.1075,3079.89,3033.78,37.57,-19.588749999999997,47.9441375,Sell,-3.2092
GOOGL,Technology,2021-09-02,2632.45,2636.16,2597.39,1237.6000000000001,35301231,-0.1979,0.2909,1240.1075,2763.04,2778.79,40.87,-19.588749999999997,47.9441375,Sell,3.503
JNJ,Healthcare,2021-12-20,115.82,116.69,114.65,116.38,60591393,0.4835,0.2325,116.53,117.2,117.03,41.88,0.0,1.4717,Sell,1.0062
AAPL,Technology,2021-07-12,138.99,139.5,138.23,138.6,66893892,-0.2806,0.0794,137.45,133.35,135.48,46.12,2.76,1.3896,Buy,-0.1547
GOOGL,Technology,2021-03-09,2937.63,2959.51,2935.24,1237.6000000000001,17218138,0.6121,0.0213,1240.1075,3090.91,2955.61,40.76,-19.588749999999997,47.9441375,Sell,1.8544
GOOGL,Technology,2021-08-26,2743.03,2762.34,2715.45,1237.6000000000001,10149082,-0.0769,-0.2511,1240.1075,2800.13,2773.3,62.03,3.24,34.6962,Sell,1.8055
TSLA,Automotive,2021-07-14,118.93,131.37,116.44,127.81,66862642,4.4427875,4.70215,112.15,84.04,84.58,39.16,20.84125,9.0764,Buy,5.763225
JNJ,Healthcare,2021-07-26,164.39,164.89,162.3,162.48,16847661,-1.1619,-0.8966,160.33,169.13,173.29,45.43,0.0,2.0742,Sell,-1.1761
JPM,Finance,2021-05-05,155.49,157.99,153.15,153.37,54079208,-1.3634,-0.9046,156.18,150.45,142.69,65.03,2.75,2.8231,Buy,-1.3623
GOOGL,Technology,2021-06-03,2488.56,2553.32,2472.28,1237.6000000000001,39270173,2.2013,1.8738,1240.1075,2574.44,2679.12,34.32,-19.588749999999997,41.0295,Sell,5.763225
TSLA,Automotive,2021-03-04,168.72,174.48,158.8,161.12,58115459,-4.3987125,-4.73485,164.1,162.8,161.12,31.21,-0.35,8.3242,Buy,-3.0619
AMZN,E-Commerce,2021-08-23,3855.21,3888.94,3813.73,1237.6000000000001,78381843,-0.4879,-0.6855,271.57,3864.92,3722.2,52.09,20.84125,47.9441375,Buy,-4.085
JNJ,Healthcare,2021-12-30,117.29,118.01,115.97,116.68,48014440,-0.5201,-0.8919,114.14,116.01,116.79,42.67,-1.2,2.1961,Sell,-0.2724
MSFT,Technology,2021-04-08,315.23,318.33,313.32,316.74,27271905,0.479,0.0822,312.72,300.57,308.72,60.66,8.5,4.1405,Buy,0.9935
AMZN,E-Commerce,2021-03-01,3203.6,3241.13,3140.41,1237.6000000000001,60224043,-1.7181,-1.6118,1240.1075,3427.36,3148.56,37.28,-19.588749999999997,47.9441375,Sell,5.763225
AAPL,Technology,2021-09-13,142.46,143.49,141.34,141.55,64037519,-0.6388,-1.6467,143.22,145.97,144.02,42.55,-2.33,1.5973,Sell,-0.8028
MSFT,Technology,2021-01-14,310.83,311.8,309.42,310.06,52636575,-0.2477,-0.0129,300.42,310.06,310.06,61.75,0.0,8.0231,Sell,-0.5161
TSLA,Automotive,2021-05-20,83.54,88.57,79.59,88.4,57957736,4.4427875,4.4053,84.46,100.91,125.6,54.31,-11.93,5.4413,Sell,5.763225
NFLX,Entertainment,2021-12-06,513.2,519.64,506.89,518.34,59255737,1.0016,0.1681,516.94,522.8,546.33,46.12,-3.8,7.5242,Sell,0.0371
JNJ,Healthcare,2021-02-12,159.81,160.0,159.12,159.58,76157279,-0.1439,0.0251,159.83,163.33,159.58,40.72,-1.14,1.922,Sell,-0.041
JNJ,Healthcare,2021-04-22,181.07,182.92,180.49,181.05,56775743,-0.011,-0.0442,180.34,171.6,166.15,66.52,5.78,2.202,Buy,-0.2657
AMZN,E-Commerce,2021-02-12,3519.21,3563.58,3481.11,1237.6000000000001,75312262,1.0215,1.8154,1240.1075,3509.68,3555.16,48.34,-19.588749999999997,40.4962,Sell,-4.8885
JPM,Finance,2021-01-26,154.62,154.85,148.25,151.53,39534089,-1.9984,-1.5336,146.66,151.53,151.53,43.64,-5.52,4.6311,Sell,-2.3114
JNJ,Healthcare,2021-11-01,120.55,121.92,120.0,120.48,53192454,-0.0581,0.5676,118.38,120.11,125.91,64.89,-2.33,1.6611,Sell,-0.2184
TSLA,Automotive,2021-12-27,116.31,134.77,108.62,130.06,38937897,4.4427875,4.70215,116.23,113.73,108.23,61.73,-1.55,7.8694,Buy,5.763225
JNJ,Healthcare,2021-08-27,134.34,137.53,134.28,137.46,14461794,2.3225,2.2464,140.12,150.98,158.28,57.52,-6.11,4.7317,Sell,2.0574
GOOGL,Technology,2021-02-19,3145.72,3158.6,3143.38,1237.6000000000001,63872740,-0.0432,-0.4379,1240.1075,3053.17,3144.36,64.68,20.84125,41.3205,Buy,5.609
MSFT,Technology,2021-09-16,344.34,344.49,342.93,343.69,51517040,-0.1888,0.1749,340.1,342.42,326.81,52.06,-1.62,4.2953,Sell,-0.478
GOOGL,Technology,2021-10-08,2671.62,2724.49,2649.95,1237.6000000000001,40598123,0.3372,0.8332,1240.1075,2672.74,2711.22,39.35,20.12,21.7005,Buy,-1.9199
NFLX,Entertainment,2021-12-31,565.88,573.93,561.83,569.61,32418082,0.6592,1.2748,555.13,525.33,526.73,52.24,10.72,20.589,Buy,2.0159
NFLX,Entertainment,2021-02-08,425.51,427.69,418.66,421.43,10712584,-0.9588,-1.6614,429.56,421.43,421.43,37.17,-19.588749999999997,7.3044,Buy,-2.8792
AMZN,E-Commerce,2021-06-21,3464.39,3496.1,3429.82,1237.6000000000001,42512478,-0.7903,-0.3231,271.57,3247.78,3196.53,52.42,20.84125,40.1393,Buy,-5.8069749999999996
GOOGL,Technology,2021-06-14,2625.45,2642.29,2622.76,1237.6000000000001,56617417,0.5195,-0.025,1240.1075,2558.61,2623.2,59.46,5.45,47.9441375,Buy,-1.685
AMZN,E-Commerce,2021-01-22,3571.63,3574.63,3504.72,1237.6000000000001,69208176,-1.6525,-0.9972,1240.1075,3512.61,3512.61,52.37,20.84125,37.7124,Buy,-3.7233
MSFT,Technology,2021-09-14,335.95,337.37,334.72,336.23,68003395,0.0833,0.1281,341.39,341.54,324.29,44.3,-2.31,4.3483,Sell,0.2833
AAPL,Technology,2021-05-28,136.73,137.57,133.46,136.02,17501096,-0.5193,-0.8095,138.63,138.45,142.07,58.43,-1.04,2.7031,Buy,-0.5314
AAPL,Technology,2021-06-28,132.55,132.88,130.42,130.91,62817382,-1.2373,-1.4009,132.58,133.65,135.58,45.93,-2.32,3.5181,Sell,-1.132
AMZN,E-Commerce,2021-03-22,3304.35,3328.97,3252.63,1237.6000000000001,13029972,-1.3842,-1.3717,1240.1075,3256.95,3357.83,44.09,-19.588749999999997,47.9441375,Sell,-0.9452
JNJ,Healthcare,2021-10-27,117.35,119.16,117.28,118.81,74395905,1.2441,1.1838,116.83,120.73,127.38,66.63,-3.84,1.694,Sell,1.3265
AMZN,E-Commerce,2021-05-27,3143.44,3256.1,3140.04,1237.6000000000001,20404924,2.8485,2.8491,1240.1075,3098.88,3137.04,58.74,15.0,47.9441375,Buy,1.7417
JNJ,Healthcare,2021-06-22,181.67,181.79,179.83,180.68,62639646,-0.5449,-0.6543,180.8,180.96,182.03,57.84,-0.94,2.3941,Sell,-0.5934
NFLX,Entertainment,2021-04-23,414.55,424.93,413.48,424.77,79098059,2.4653,1.4958,424.87,437.86,432.31,50.42,-10.15,6.9273,Sell,3.0461
GOOGL,Technology,2021-05-13,2574.5,2593.64,2567.36,1237.6000000000001,79274310,0.3861,1.0494,1240.1075,2702.45,2804.05,42.1,-19.588749999999997,47.8002,Sell,0.1769
JPM,Finance,2021-05-24,160.88,163.51,158.95,161.27,8064508,0.2424,-0.4383,154.33,153.7,148.02,57.86,-0.76,5.6527,Buy,-0.206
JPM,Finance,2021-11-11,247.18,247.72,244.46,245.85,54339239,-0.5381,0.057,243.49,241.44,237.88,44.57,0.75,2.4103,Buy,-0.5497
TSLA,Automotive,2021-08-13,145.2,155.58,139.85,150.14,12028457,3.4022,4.70215,134.7,122.87,103.23,51.23,2.72,8.7655,Buy,3.4162
JPM,Finance,,257.47,257.74,251.97,253.43,62077956,-1.5691,-1.4505,252.61,247.94,245.0,43.01,5.35,2.9631,Buy,-1.5685
NFLX,Entertainment,2021-04-02,442.45,443.49,438.93,257.31500000000005,17472052,0.122,0.4444,442.18,431.78,430.48,50.79,12.11,10.2191,Buy,1.3044
MSFT,Technology,2021-06-11,290.38,294.78,287.84,293.29,42299564,1.0021,0.9396,281.88,277.49,286.19,58.66,1.96,7.6713,Buy,0.3471
MSFT,Technology,2021-02-03,327.39,331.58,327.35,330.26,77160502,0.8766,1.7782,321.73,330.26,330.26,73.66,-12.93,6.881,Sell,0.7833
AMZN,E-Commerce,2021-10-11,4032.04,4055.53,3984.54,1237.6000000000001,65723655,-0.8609,-0.6183,1240.1075,3981.29,3951.67,51.74,20.84125,33.8465,Buy,-5.219
AAPL,Technology,2021-10-21,133.36,134.01,130.36,131.76,52647290,-1.1998,-2.0736,136.27,136.81,140.55,51.28,0.39,2.0739,Sell,-1.4083
JPM,Finance,2021-02-24,137.62,138.15,135.5,135.93,9731755,-1.228,-1.4286,141.06,142.72,135.93,48.88,-2.25,2.7212,Sell,-0.6154
MSFT,Technology,2021-02-11,326.32,326.98,321.14,323.52,36406789,-0.8581,-0.7333,326.64,311.85,323.52,53.93,9.56,3.5594,Buy,-0.7688
AAPL,Technology,2021-07-16,140.52,141.67,139.81,141.19,33373241,0.4768,-0.3669,139.72,134.43,135.3,57.91,3.8,1.9074,Buy,0.3079
JPM,Finance,2021-02-17,143.73,144.44,141.75,142.79,114210883,-0.654,-0.098,140.83,144.47,142.79,49.31,0.0,2.9649,Sell,-0.4297
NFLX,Entertainment,2021-09-15,550.62,556.17,549.88,549.92,48023435,-0.1271,0.1804,544.57,541.7,513.5,52.15,-3.64,10.351,Buy,-1.8224
JNJ,Healthcare,2021-11-30,118.72,120.22,117.4,118.62,38206981,-0.0842,0.2959,115.44,117.24,118.71,63.15,-0.45,2.4531,Sell,0.1115
JPM,Finance,2021-09-10,235.47,236.15,227.37,227.59,20239972,-3.3465,-3.2273,230.92,227.61,216.34,28.15,2.29,2.563,Buy,-3.9728
NFLX,Entertainment,2021-11-30,506.43,508.62,502.46,504.7,55880057,-0.3416,-0.8623,512.75,529.83,549.3,49.27,1.15,13.7537,Sell,-2.2508
AMZN,E-Commerce,2021-12-29,4151.96,4154.77,4037.19,1237.6000000000001,15063555,-1.6118,-1.8479,1240.1075,4195.25,4112.32,43.72,-12.42,47.9441375,Sell,5.763225
JPM,Finance,2021-02-05,142.39,143.51,136.24,137.1,59699276,-3.7151,-4.213,142.19,137.1,137.1,37.91,-2.69,4.687,Buy,-3.3353
TSLA,Automotive,2021-09-23,128.8,133.51,127.4,131.36,20555932,1.9876,3.7025,130.04,144.09,136.69,41.33,-12.31,4.3247,Sell,2.6646
JNJ,Healthcare,2021-08-03,156.21,157.61,154.98,156.33,67753531,0.0768,-0.115,157.53,164.26,170.17,49.93,-3.68,3.3052,Sell,0.3294
JNJ,Healthcare,2021-11-09,116.01,118.1,115.08,117.97,32887509,1.6895,1.4272,117.28,118.43,123.39,55.68,0.31,1.4753,Sell,1.2947
AAPL,Technology,2021-01-15,162.42,164.81,160.41,160.51,8685979,-1.176,-0.8463,159.87,160.51,160.51,55.81,0.0,5.7093,Sell,-0.8488
NFLX,Entertainment,2021-05-06,449.2,454.82,449.06,451.1,59147503,0.423,0.5304,431.93,434.08,432.6,63.2,-5.6,12.6575,Sell,-0.8375
NFLX,Entertainment,2021-06-02,462.32,470.57,450.04,459.58,60668255,-0.5927,-1.9333,473.59,453.15,447.31,54.08,15.31,7.6685,Buy,-0.5343
TSLA,Automotive,2021-11-23,90.55,117.3,90.47,257.31500000000005,13223656,4.4427875,4.70215,100.26,101.39,109.69,43.26,-2.19,7.5427,Sell,5.763225
TSLA,Automotive,2021-05-27,87.52,95.71,83.87,87.28,35850505,-0.2742,4.327,89.12,95.34,116.84,55.84,-5.43,5.3795,Sell,0.1419
NFLX,Entertainment,2021-02-04,431.94,444.96,429.92,429.97,6590347,-0.4561,-0.5252,434.13,429.97,429.97,39.47,10.31,7.4614,Buy,0.8091
AMZN,E-Commerce,2021-03-26,3298.3,3320.98,3237.36,1237.6000000000001,34569786,-0.7004,-0.9808,1240.1075,3228.27,3339.55,47.04,20.84125,38.8615,Buy,-1.3969
GOOGL,Technology,2021-03-30,3025.37,3058.13,2991.24,1237.6000000000001,39440917,0.5616,0.7631,1240.1075,3014.98,3034.69,41.3,-19.588749999999997,47.9441375,Sell,-4.352
JPM,Finance,2021-03-23,125.33,128.72,125.09,126.99,53111290,1.3245,1.454,127.57,134.7,138.26,47.65,-5.9,1.6724,Sell,1.3954
AAPL,Technology,2021-01-21,159.54,162.01,159.13,161.73,74599104,1.3727,1.8194,160.62,161.73,161.73,59.06,-2.45,2.4765,Sell,1.2002
NFLX,Entertainment,2021-09-13,544.14,557.72,542.28,548.47,57661521,0.7958,1.0185,537.68,540.21,510.01,63.07,-5.08,8.9376,Sell,1.8081
AAPL,Technology,2021-10-29,140.74,140.92,137.72,137.73,17809104,-2.1387,-1.396,134.96,136.23,138.97,51.94,-0.33,2.9256,Sell,-2.2223
JNJ,Healthcare,2021-11-19,118.44,119.46,117.07,117.44,43597076,-0.8443,-1.3689,118.33,117.31,120.54,49.32,0.56,1.2532,Buy,-0.9744
NFLX,Entertainment,2021-05-18,491.53,497.06,481.99,482.24,20316125,-1.89,-1.2269,462.11,438.25,438.52,66.31,16.44,16.0568,Buy,-2.7822
MSFT,Technology,2021-07-09,282.82,283.97,280.01,283.23,51130768,0.145,0.1308,279.14,281.74,279.6,29.19,0.81,6.3235,Hold,-0.0527
AMZN,E-Commerce,2021-04-26,3125.67,3158.67,3073.69,1237.6000000000001,24523561,-0.8142,-0.8158,1240.1075,3192.93,3195.02,50.49,-2.95,47.9441375,Sell,-0.5285
GOOGL,Technology,2021-12-24,2687.91,2763.45,2659.63,1237.6000000000001,58320041,1.9967,2.4989,1240.1075,2684.08,2696.52,50.86,5.5,21.4165,Buy,5.763225
TSLA,Automotive,2021-04-16,112.91,123.63,109.63,121.59,5319658,4.4427875,4.70215,125.3,157.4,164.15,53.81,-19.588749999999997,9.6956,Sell,5.763225
AAPL,Technology,2021-10-01,137.53,138.3,134.17,135.37,55047718,-1.5706,-1.1104,135.76,140.72,142.94,45.66,-3.52,1.7404,Sell,-1.3115
GOOGL,Technology,2021-02-09,3073.1,3090.27,3062.88,1237.6000000000001,40612416,0.055,-0.2951,1240.1075,3074.79,3074.79,65.12,20.84125,47.9441375,Buy,-2.6617
AMZN,E-Commerce,2021-08-24,3819.44,3855.55,3790.78,1237.6000000000001,39367726,-0.3891,-0.8294,1240.1075,3871.09,3730.16,53.4,20.84125,47.9441375,Buy,1.8622
NFLX,Entertainment,2021-01-14,498.28,501.91,480.0,487.68,27120317,-2.1273,-0.7409,503.31,487.68,487.68,53.9,0.0,14.8565,Buy,-4.2192
NFLX,Entertainment,2021-11-16,535.15,540.31,527.09,539.33,26121768,0.7811,-0.2442,527.78,554.81,555.1,56.4,-19.588749999999997,12.7005,Sell,1.3249
TSLA,Automotive,2021-02-09,192.45,204.08,187.7,201.31,50525645,4.4427875,4.70215,167.07,201.31,201.31,63.17,-13.14,25.5298,Sell,4.3612
AAPL,Technology,2021-08-09,149.44,150.41,144.56,145.22,50089532,-2.8239,-2.5435,146.48,141.32,137.39,67.19,3.22,2.888,Buy,-2.8595
GOOGL,Technology,2021-08-11,2783.04,2785.2,2774.74,1237.6000000000001,37767605,-0.2515,-0.3189,1240.1075,2815.52,2731.32,59.69,-19.588749999999997,39.7178,Sell,2.5199
AMZN,E-Commerce,2021-07-15,3688.53,3734.82,3688.33,1237.6000000000001,70032457,0.5688,0.26,1240.1075,3487.29,3349.44,63.89,20.84125,47.9441375,Buy,1.8891
GOOGL,Technology,2021-11-01,2718.25,2742.2,2681.15,1237.6000000000001,19315887,-1.2471,-1.8275,1240.1075,2705.54,2690.43,45.78,2.98,30.7546,Sell,-1.5282
MSFT,Technology,2021-07-07,277.84,278.01,274.74,277.66,59940143,-0.0648,0.289,280.8,280.79,279.75,35.57,1.28,6.9897,Buy,0.1366
TSLA,Automotive,2021-02-15,181.84,184.4,173.29,175.96,19802203,-3.2336,-4.0985,189.2,167.49,175.96,50.49,8.25,18.9075,Buy,-2.9366
GOOGL,Technology,2021-07-01,2648.2,2725.25,2633.01,1237.6000000000001,43210565,2.382,2.3584,1240.1075,2566.18,2590.02,55.06,20.84125,44.3328,Buy,2.3164
TSLA,Automotive,2021-03-22,159.26,170.53,158.03,167.43,17120673,4.4427875,4.70215,173.45,174.61,166.67,38.08,4.2,8.6241,Sell,5.4301
JNJ,Healthcare,2021-04-02,165.78,168.92,164.48,168.71,70065350,1.7674,2.1185,166.46,162.75,161.34,65.13,2.39,1.4212,Buy,1.5716
JNJ,Healthcare,2021-07-28,161.53,162.46,157.0,157.01,72650477,-2.7982,-2.8464,160.82,167.8,172.18,43.91,-5.45,2.2134,Sell,-2.8323
AMZN,E-Commerce,2021-02-23,3306.81,3340.99,3280.92,1237.6000000000001,54399541,-0.2537,-0.2006,1240.1075,3471.15,3298.42,39.23,-19.588749999999997,47.9441375,Sell,-5.8069749999999996
JNJ,Healthcare,2021-10-05,124.03,125.23,121.51,122.03,51643655,-1.6125,-2.3135,124.33,130.8,138.35,32.35,-5.24,1.3849,Sell,-1.6075
AMZN,E-Commerce,2021-11-10,4071.14,4090.67,4023.98,1237.6000000000001,55533453,-0.901,-0.5225,1240.1075,4010.27,3990.84,53.34,20.84125,38.3437,Buy,2.228
NFLX,Entertainment,2021-01-08,511.95,515.2,508.53,509.13,26319813,-0.5508,-1.6326,509.13,509.13,509.13,63.92,0.0,0.01,Hold,-0.839
TSLA,Automotive,2021-07-20,126.08,138.88,121.19,133.02,57452290,4.4427875,4.70215,127.91,91.65,88.54,35.27,20.84125,12.4909,Buy,5.0389
JPM,Finance,2021-05-28,166.71,167.83,159.97,164.7,67770631,-1.2057,-1.0157,162.58,155.34,150.92,61.38,1.65,6.6001,Buy,-1.4092
AAPL,Technology,2021-07-20,138.58,139.75,136.83,139.23,6973103,0.469,-0.1148,140.11,134.88,135.26,54.37,3.58,1.4319,Buy,0.207
AMZN,E-Commerce,2021-11-12,4025.47,4047.74,3909.76,1237.6000000000001,54031260,-2.2479,-1.8689,1240.1075,4004.55,3994.49,48.97,20.84125,47.9441375,Buy,1.4293
NFLX,Entertainment,2021-01-15,481.81,487.84,462.29,467.29,5349241,-3.0136,-4.181,494.39,467.29,467.29,64.42,0.0,19.0177,Buy,-3.2828
GOOGL,Technology,2021-08-13,2841.8,2861.25,2801.86,1237.6000000000001,59600752,-1.0789,-0.7618,1240.1075,2821.33,2742.09,66.19,-19.588749999999997,47.3587,Sell,-5.8069749999999996
AMZN,E-Commerce,2021-01-25,3515.26,3541.18,3497.5,1237.6000000000001,47768780,-0.3311,-0.2559,1240.1075,3503.62,3503.62,56.44,20.84125,37.493,Buy,-1.541
TSLA,Automotive,2021-05-12,86.52,89.62,72.77,77.51,31003980,-4.3987125,-4.73485,86.33,112.34,136.5,42.47,-15.76,6.9236,Sell,-5.8069749999999996
GOOGL,Technology,2021-02-18,3228.58,3230.95,3134.32,1237.6000000000001,72997827,-2.1802,-1.9598,1240.1075,3046.47,3158.19,62.83,20.84125,41.4011,Buy,-5.8069749999999996
GOOGL,Technology,2021-07-16,2916.83,2930.02,2861.92,1237.6000000000001,42661003,-1.2147,-0.6609,271.57,2703.5,2633.35,63.33,20.84125,47.9441375,Buy,2.8993
AAPL,Technology,2021-05-05,139.5,142.84,137.72,142.31,49068153,2.0143,1.4182,138.46,142.9,147.06,54.39,-3.41,2.3359,Sell,2.4319
JNJ,Healthcare,2021-07-01,169.98,170.71,168.94,169.55,21290727,-0.253,-0.7319,173.33,177.78,181.05,43.1,-0.67,5.2174,Sell,-0.2561
MSFT,Technology,2021-05-18,271.67,279.16,271.46,278.6,58041899,2.5509,3.1164,272.21,289.82,294.01,48.18,-8.23,7.372,Sell,2.9933
AAPL,Technology,2021-07-05,134.89,135.79,132.88,135.63,70677256,0.5486,0.0812,134.75,133.2,135.39,50.49,1.5,1.7917,Buy,0.7195
JPM,Finance,2021-07-30,218.9,224.65,218.64,222.36,24796383,1.5806,1.7899,212.46,191.66,182.14,55.35,12.81,6.0939,Buy,1.6326
MSFT,Technology,2021-07-26,305.68,313.45,305.52,310.92,61730738,1.7142,2.1084,299.69,287.2,283.41,54.79,5.88,9.088,Buy,1.5247
NFLX,Entertainment,2021-09-23,571.84,573.54,554.54,561.19,13693573,-1.8624,-1.5041,558.95,544.9,528.58,55.9,7.48,8.792,Buy,-1.334
JPM,Finance,2021-05-20,156.76,160.47,156.76,160.26,46894216,2.2327,3.7617,151.48,153.11,146.75,56.06,-1.18,4.0171,Sell,1.8153
TSLA,Automotive,2021-10-12,119.41,124.33,118.4,121.42,61060602,1.6833,2.594,112.0,128.2,135.6,59.99,-8.61,5.4841,Sell,3.0349
MSFT,Technology,2021-11-12,353.83,356.21,344.42,344.75,76550892,-2.5662,-2.3731,352.44,348.56,344.76,41.37,3.8,3.3519,Buy,-2.5306
GOOGL,Technology,2021-01-13,2982.99,3015.69,2957.32,1237.6000000000001,60744444,0.6356,0.8215,1240.1075,3001.95,3001.95,45.99,0.0,0.01,Sell,-0.4533
NFLX,Entertainment,2021-10-20,592.9,599.12,582.8,586.21,51182402,-1.1284,-1.215,600.16,570.48,558.26,45.45,18.06,12.1932,Buy,-1.0842
AMZN,E-Commerce,,3529.05,3599.64,3476.24,1237.6000000000001,45402199,0.8175,0.5409,1240.1075,3433.37,3286.89,59.21,20.84125,47.9441375,Buy,-0.1806
JNJ,Healthcare,2021-04-05,168.89,172.8,168.64,172.16,74161118,1.9362,2.0449,167.3,163.5,161.65,67.31,1.88,2.2266,Buy,2.1036
NFLX,Entertainment,2021-08-16,535.4,548.01,531.22,546.67,73269126,2.105,2.922,542.4,489.76,484.22,69.58,20.84125,8.2592,Buy,1.8348
GOOGL,Technology,2021-04-13,2714.81,2750.67,2686.23,1237.6000000000001,22598764,1.2226,1.208,1240.1075,2931.67,3008.23,31.43,0.0,47.9441375,Sell,5.763225
MSFT,Technology,2021-12-09,345.52,347.12,334.35,341.81,27017720,-1.0737,-1.2823,350.71,352.93,350.27,40.9,0.67,5.228,Sell,-1.0476
JNJ,Healthcare,2021-06-28,174.68,174.81,170.82,171.52,35571696,-1.809,-1.8933,178.6,179.36,181.7,46.77,0.5,3.4416,Sell,-1.5626
AMZN,E-Commerce,2021-06-29,3480.02,3564.31,3477.38,1237.6000000000001,75331581,2.0353,2.2775,1240.1075,3323.44,3224.88,61.57,20.84125,46.2625,Buy,5.763225
TSLA,Automotive,2021-12-23,110.88,129.06,101.93,122.93,53372711,4.4427875,4.70215,111.87,111.78,107.65,54.03,-1.87,5.9433,Buy,5.763225
JNJ,Healthcare,2021-03-03,157.47,159.74,156.89,158.92,79433045,0.9208,0.812,154.96,157.71,158.92,34.42,-2.82,3.1147,Sell,0.9702
GOOGL,Technology,2021-04-06,2919.59,2934.52,2907.82,1237.6000000000001,41913289,-0.1668,0.0285,1240.1075,2987.25,3034.32,35.13,13.91,46.8155,Sell,-2.1442
JNJ,Healthcare,2021-11-16,120.23,120.47,117.88,118.81,78086744,-1.1811,-0.5524,117.89,117.45,121.53,50.0,0.56,1.205,Buy,-1.2007
AAPL,Technology,2021-01-19,164.26,164.62,156.73,159.04,61590535,-3.1779,-2.1533,161.47,159.04,159.04,57.65,-1.74,4.1048,Buy,-3.0425
AMZN,E-Commerce,2021-06-10,3417.26,3421.07,3396.13,1237.6000000000001,27379421,-0.2499,0.7865,1240.1075,3154.53,3157.95,44.76,20.84125,47.9441375,Buy,-1.5295
AAPL,Technology,2021-08-30,146.73,146.9,145.04,145.43,26022204,-0.886,-1.1554,148.72,146.01,142.44,36.66,1.74,1.9941,Buy,-0.4424
AAPL,Technology,2021-12-31,144.77,149.53,143.86,147.8,6727302,2.093,2.213,144.35,137.52,138.67,50.49,5.41,2.2497,Buy,2.3436
NFLX,Entertainment,2021-03-02,409.5,427.53,405.01,422.93,47860367,3.2796,2.0707,423.65,429.73,422.93,44.91,-0.97,7.0516,Sell,1.968
JNJ,Healthcare,2021-10-19,115.07,115.82,115.03,115.48,48702645,0.3563,1.9151,115.74,124.14,131.11,52.88,-4.22,2.6412,Sell,0.4212
AMZN,E-Commerce,2021-06-16,3400.27,3455.44,3356.44,1237.6000000000001,14757151,1.1602,0.9847,1240.1075,3206.1,3180.99,53.61,20.84125,47.9441375,Buy,-5.6761
AAPL,Technology,2021-12-29,142.68,144.01,141.68,143.43,46129940,0.5257,0.8224,143.3,137.2,138.08,64.28,4.18,2.0336,Buy,0.2279
AMZN,E-Commerce,2021-03-29,3294.5,3300.03,3204.79,1237.6000000000001,49355005,-2.0061,-1.4286,1240.1075,3217.86,3332.09,46.1,20.84125,36.2726,Buy,-1.7621
AAPL,Technology,2021-07-14,140.64,143.28,137.6,138.82,53814697,-1.2941,-2.1361,138.81,133.86,135.44,48.5,3.57,1.7775,Buy,-1.6463
GOOGL,Technology,2021-03-24,2984.79,2990.06,2983.82,1237.6000000000001,17417260,0.0513,0.5299,1240.1075,3032.51,3031.62,33.1,-19.588749999999997,43.7913,Sell,-4.1263
JNJ,Healthcare,2021-04-26,185.54,186.78,182.27,182.76,40939030,-1.4983,-1.2695,181.51,172.88,167.16,66.66,6.61,1.5872,Buy,-1.3543
JPM,Finance,2021-09-14,229.07,231.24,226.03,230.02,66940291,0.4147,0.384,230.23,227.88,218.15,29.14,1.56,2.206,Buy,-0.0029
JPM,Finance,2021-10-26,242.1,247.8,241.56,245.45,19372526,1.3837,1.0956,240.68,238.0,234.89,59.26,1.37,2.4834,Buy,1.5552
TSLA,Automotive,2021-02-22,173.4,175.84,169.3,169.72,42208005,-2.1223,-3.4585,174.21,163.45,169.72,55.54,20.84125,11.3758,Buy,-1.3366
AAPL,Technology,2021-07-15,138.81,141.87,138.22,141.71,73963460,2.0892,2.0818,139.38,134.13,135.38,53.57,3.86,2.0173,Buy,2.3313
JNJ,Healthcare,2021-09-07,137.52,138.14,135.5,135.55,57223553,-1.4325,-1.8465,137.38,145.47,152.81,50.03,-6.28,1.4222,Sell,-1.7955
TSLA,Automotive,2021-01-14,182.8,185.17,179.11,181.83,79385557,-0.5306,-2.5354,191.14,181.83,181.83,54.49,0.0,8.312,Buy,-0.7867
AAPL,Technology,2021-11-11,144.24,146.49,140.96,141.17,9489628,-2.1284,-1.1761,143.32,138.0,138.25,51.4,2.69,3.1156,Buy,-2.2476
TSLA,Automotive,2021-10-11,117.9,120.73,113.56,118.35,71148922,0.3817,2.9757,110.63,128.97,135.74,58.27,-8.11,6.5504,Sell,0.901
JNJ,Healthcare,2021-04-20,180.7,180.86,179.86,180.01,71227945,-0.3818,-0.4369,179.78,170.62,165.25,61.66,5.14,3.4478,Buy,-0.14
GOOGL,Technology,2021-04-01,3044.31,3052.57,2995.61,1237.6000000000001,74748185,-1.1986,-1.5115,1240.1075,3004.39,3038.58,41.13,-17.53,36.3807,Buy,0.4807
NFLX,Entertainment,2021-05-19,481.86,484.06,462.66,463.84,64564961,-3.7397,-3.8155,464.57,438.97,439.45,57.59,18.06,15.7015,Buy,-3.5771
MSFT,Technology,2021-08-11,339.26,340.95,339.19,340.03,7883505,0.227,0.8752,331.05,302.61,295.05,61.5,16.5,9.4276,Buy,-0.0741
TSLA,Automotive,2021-09-28,133.88,135.9,126.1,127.37,67498892,-4.3987125,-4.73485,130.38,142.07,136.73,47.72,-10.45,3.6305,Sell,-5.1876
AMZN,E-Commerce,2021-03-31,3126.76,3159.09,3112.54,1237.6000000000001,15798841,-0.4148,-0.1834,1240.1075,3201.47,3313.29,45.49,20.84125,47.9441375,Buy,1.9615
AAPL,Technology,2021-09-29,136.12,138.61,136.0,136.11,65308595,-0.0073,1.0393,135.87,141.73,143.24,47.61,-4.25,1.7591,Sell,-0.1397
TSLA,Automotive,2021-03-15,177.17,177.97,168.51,176.24,58655163,-0.5249,0.0795,178.56,173.65,169.06,38.49,-1.41,7.7119,Buy,-0.4157
AMZN,E-Commerce,2021-08-18,3903.6,3912.19,3835.87,1237.6000000000001,9844633,-1.3067,-0.5534,1240.1075,3836.86,3693.31,52.69,20.84125,47.9441375,Buy,-5.3654
GOOGL,Technology,2021-12-07,2688.65,2729.92,2684.56,1237.6000000000001,20042512,1.4498,1.534,1240.1075,2697.13,2701.34,62.14,-9.28,24.8201,Sell,-3.3929
MSFT,Technology,2021-12-28,328.5,330.53,328.34,328.96,72017878,0.14,0.0334,331.41,346.43,348.08,32.69,-9.49,5.5462,Sell,0.0793
MSFT,Technology,2021-12-15,337.29,343.61,336.33,341.53,36025118,1.2571,0.8147,343.7,351.45,350.01,44.91,-3.0,5.9146,Sell,1.3802
AAPL,Technology,2021-01-06,149.39,150.6,147.27,150.12,68407731,0.4887,0.455,150.12,150.12,150.12,38.14,0.0,0.01,Hold,0.6077
NFLX,Entertainment,2021-06-10,460.66,467.3,457.13,460.46,64274679,-0.0434,0.4779,466.0,462.82,450.32,40.26,3.34,6.6796,Buy,-0.2884
GOOGL,Technology,2021-10-18,2768.41,2769.1,2759.71,1237.6000000000001,52811577,-0.1618,-0.8306,1240.1075,2696.27,2712.25,48.05,17.96,35.1618,Buy,-0.7412
AAPL,Technology,2021-01-08,156.13,157.08,152.66,154.76,20026489,-0.8775,-0.5526,154.76,154.76,154.76,50.49,0.0,0.01,Hold,-0.8388
JPM,Finance,2021-11-23,253.61,254.53,249.91,250.2,57214924,-1.3446,-1.3057,254.54,244.99,241.62,50.5,5.15,4.7446,Buy,-1.7002
TSLA,Automotive,2021-02-05,167.96,186.61,166.82,185.3,77488845,4.4427875,4.70215,149.37,185.3,185.3,61.93,-19.588749999999997,18.2953,Sell,5.763225
AAPL,Technology,2021-11-17,141.32,142.67,140.94,142.12,55592031,0.5661,1.0739,142.24,138.75,138.13,48.7,3.41,1.7043,Buy,0.5392
MSFT,Technology,2021-01-28,317.83,322.69,316.94,322.13,40106449,1.3529,1.7724,313.53,322.13,322.13,74.26,-9.79,3.9616,Sell,1.428
TSLA,Automotive,2021-01-29,135.13,141.26,123.8,135.5,20532577,0.2738,1.9794,133.54,135.5,135.5,36.54,10.82,12.1585,Sell,0.6392
AAPL,Technology,2021-12-07,129.14,133.37,129.03,133.02,25740810,3.0045,2.631,132.98,138.62,137.58,39.64,-3.93,2.2002,Sell,2.9109
AMZN,E-Commerce,2021-06-11,3400.35,3403.11,3393.21,1237.6000000000001,5234482,-0.13,-0.3752,1240.1075,3166.44,3163.46,51.05,20.84125,47.9441375,Buy,5.763225
JPM,Finance,2021-03-26,133.13,136.85,131.93,136.66,6158648,2.6515,2.1528,271.57,134.15,137.78,55.11,-3.41,3.6177,Sell,2.9506
NFLX,Entertainment,2021-01-22,457.73,460.62,444.89,450.57,50825503,-1.5642,-1.4005,463.5,450.57,450.57,34.18,20.84125,17.3037,Buy,-0.6166
JNJ,Healthcare,2021-04-15,179.44,180.49,178.32,180.02,46524564,0.3232,0.2004,176.55,168.89,164.07,62.16,3.61,4.2333,Buy,0.1058
AMZN,E-Commerce,2021-03-25,3305.48,3346.82,3267.85,1237.6000000000001,50320538,0.0653,0.0784,1240.1075,3237.6,3344.31,45.56,20.84125,47.9441375,Buy,-2.3643
JPM,Finance,2021-01-21,142.1,146.67,141.63,144.85,14056686,1.9353,1.5422,142.42,144.85,144.85,36.68,2.15,4.5943,Sell,2.4647
MSFT,Technology,2021-12-02,353.4,356.2,349.51,354.16,55499196,0.2151,0.6336,356.46,353.34,348.97,54.07,2.49,2.3553,Buy,0.3614
GOOGL,Technology,2021-01-22,2944.36,2960.81,2942.01,1237.6000000000001,43180035,0.4466,0.3219,1240.1075,2957.51,2957.51,43.21,-1.9,35.0436,Buy,-4.8144
TSLA,Automotive,2021-07-15,129.19,137.84,126.6,136.12,12142370,4.4427875,4.70215,116.22,85.86,85.66,40.1,20.84125,12.125,Buy,5.763225
NFLX,Entertainment,2021-02-23,424.55,424.71,413.88,423.2,10831415,-0.318,-0.6899,427.43,438.53,423.2,51.79,-10.65,10.1549,Sell,-0.2307
GOOGL,Technology,2021-03-17,2867.32,2879.06,2848.18,1237.6000000000001,20377877,-0.3662,-0.2333,1240.1075,3060.25,3032.48,32.0,-19.588749999999997,47.9441375,Sell,-1.4007
TSLA,Automotive,2021-08-26,162.76,163.1,153.61,158.54,29201118,-2.5928,-3.9501,158.48,136.05,120.02,57.42,16.21,4.2634,Buy,-3.4785
JPM,Finance,2021-05-31,163.45,166.36,162.56,165.96,33936124,1.5356,0.765,163.39,155.82,151.73,66.05,2.08,5.7704,Buy,1.9984
GOOGL,Technology,,2852.59,2864.67,2777.03,1237.6000000000001,36072994,-0.7474,-0.9356,1240.1075,2824.65,2756.86,74.23,-19.588749999999997,41.4769,Sell,-2.511
TSLA,Automotive,2021-04-13,128.01,128.05,119.99,123.82,79876962,-3.2732,-2.871,134.42,162.4,167.08,66.29,-14.6,11.3941,Sell,-2.3483
TSLA,Automotive,2021-05-21,88.57,97.59,82.48,93.07,70877057,4.4427875,4.70215,86.69,99.44,123.94,56.28,-11.24,5.2388,Sell,5.1733
MSFT,Technology,2021-12-24,328.49,331.39,327.82,329.39,39594341,0.274,0.2374,335.15,347.42,348.72,33.0,-9.37,5.1519,Sell,0.3477
MSFT,Technology,2021-06-17,279.12,282.63,276.51,277.83,41433827,-0.4622,-0.48,285.19,276.74,283.55,51.69,4.39,6.4202,Buy,-0.5711
AAPL,Technology,2021-11-16,142.18,142.81,139.97,140.61,66307583,-1.1042,-0.5376,142.59,138.49,138.17,51.02,3.11,1.821,Buy,-0.9071
MSFT,Technology,2021-10-08,348.62,349.88,345.3,346.04,15623807,-0.7401,-0.5861,344.74,340.32,339.93,56.11,0.2,4.8275,Buy,-0.1141
NFLX,Entertainment,2021-09-03,523.94,532.89,514.98,519.14,76162195,-0.9161,-0.8953,532.73,533.72,502.52,61.19,0.32,12.1377,Sell,-0.497
MSFT,Technology,2021-09-07,343.53,351.05,343.53,348.79,60389316,1.5312,0.5101,342.41,337.41,318.28,51.02,2.9,5.0246,Buy,1.8155
AAPL,Technology,2021-04-05,153.1,153.75,150.72,152.38,14545005,-0.4703,-0.1834,151.83,152.8,155.04,55.83,0.0,2.1163,Sell,-0.4806
AAPL,Technology,2021-02-04,158.66,160.52,156.98,158.02,8026608,-0.4034,-0.3091,161.06,158.02,158.02,38.24,3.48,2.074,Buy,-0.483
AAPL,Technology,2021-07-22,140.17,144.6,138.61,143.71,69431576,2.5255,3.4257,140.43,135.46,135.45,61.58,3.17,1.6985,Buy,2.5094
TSLA,Automotive,2021-01-21,150.41,153.23,142.45,145.44,40280356,-3.3043,-1.2024,164.73,145.44,145.44,35.88,20.84125,18.1704,Buy,-4.6907
AMZN,E-Commerce,2021-02-10,3479.08,3489.92,3458.45,1237.6000000000001,72856175,-0.2308,0.0874,1240.1075,3471.05,3471.05,48.11,-19.588749999999997,37.8907,Buy,-5.8069749999999996
NFLX,Entertainment,2021-08-27,539.81,544.82,527.9,528.3,55589674,-2.1322,-3.0411,543.43,520.98,497.01,60.15,12.2,8.305,Buy,-1.6909
AAPL,Technology,2021-04-30,137.85,139.24,137.63,138.52,56077340,0.486,0.2315,136.75,144.14,147.68,34.84,-5.54,1.6638,Sell,0.5149
NFLX,Entertainment,2021-09-06,516.34,534.79,507.79,531.51,74437063,2.938,2.3828,530.82,535.03,503.4,63.28,-0.89,11.049,Sell,1.5609
JPM,Finance,2021-02-10,135.77,138.54,135.12,137.95,75722896,1.6057,2.034,140.05,137.95,137.95,42.72,-2.92,2.9939,Buy,1.4394
NFLX,Entertainment,2021-08-03,517.65,532.33,515.86,525.39,5355197,1.4952,1.2312,510.8,471.01,471.86,68.83,18.11,26.2882,Buy,1.7648
JNJ,Healthcare,2021-09-03,137.35,137.77,135.55,135.86,33485626,-1.0848,-0.7669,137.13,147.15,154.15,51.64,-6.3,1.9059,Sell,-1.1272
JNJ,Healthcare,2021-09-24,125.94,128.47,124.63,127.08,19801413,0.9052,0.6415,125.47,135.6,143.48,36.16,-4.77,3.737,Sell,1.0662
NFLX,Entertainment,2021-11-05,530.14,533.53,526.26,527.24,54264363,-0.547,0.5684,513.29,562.45,555.89,54.49,-19.588749999999997,22.9566,Sell,-1.0426
MSFT,Technology,2021-11-16,341.63,345.88,339.69,345.47,68187256,1.124,0.9762,349.59,348.54,344.6,40.6,1.69,4.6856,Buy,0.3962
GOOGL,Technology,2021-05-24,2514.03,2515.88,2502.63,1237.6000000000001,16350137,-0.1543,0.3001,1240.1075,2640.34,2753.11,36.39,-19.588749999999997,46.5743,Sell,-0.1708
JPM,Finance,2021-11-04,240.81,245.7,237.91,244.16,18944711,1.3911,1.7121,241.61,241.05,236.49,49.2,0.33,2.6598,Buy,1.5433
MSFT,Technology,2021-11-30,358.12,358.43,355.42,355.96,29154764,-0.6031,-0.8606,357.25,352.65,348.14,46.41,0.89,1.9496,Buy,-0.7656
AMZN,E-Commerce,2021-12-08,4185.82,4268.69,4163.86,1237.6000000000001,70815585,1.0065,1.1239,1240.1075,4086.76,4050.7,55.33,20.84125,29.2321,Buy,0.6597
AMZN,E-Commerce,2021-12-14,4284.3,4304.14,4260.3,1237.6000000000001,57598858,-0.1015,-0.2824,1240.1075,4119.45,4067.7,53.86,20.84125,41.1421,Buy,5.4149
NFLX,Entertainment,2021-03-08,417.13,417.4,413.17,415.83,71036343,-0.3117,-1.1035,424.27,426.54,415.83,45.67,1.4,6.2637,Sell,0.4231
NFLX,Entertainment,2021-10-11,582.11,606.98,581.52,596.57,68296090,2.4841,2.4717,576.02,554.62,549.84,58.89,9.83,12.9145,Buy,3.3901
MSFT,Technology,2021-07-29,311.61,315.69,311.31,315.55,58149020,1.2644,2.1826,308.13,290.19,285.31,55.51,8.74,9.1042,Buy,1.0251
TSLA,Automotive,2021-07-21,132.59,136.75,120.56,120.95,13310556,-4.3987125,-4.73485,128.62,93.33,89.41,34.74,20.84125,12.021,Buy,-5.8069749999999996
GOOGL,Technology,2021-05-26,2455.05,2475.72,2424.01,1237.6000000000001,11378852,-1.0366,-1.2089,1240.1075,2619.78,2736.48,35.24,-19.588749999999997,47.9441375,Sell,-5.3246
AAPL,Technology,2021-04-20,139.33,142.64,138.44,140.21,16555696,0.6316,0.8052,137.88,148.72,150.83,35.44,-6.3,3.9808,Sell,0.4653
AAPL,Technology,2021-02-09,157.05,159.06,154.17,156.55,32501911,-0.3184,-0.9616,158.56,156.55,156.55,38.58,0.85,2.663,Buy,-0.46
JNJ,Healthcare,2021-09-16,131.15,131.41,125.51,126.55,28542354,-3.5074,-3.3896,133.03,140.33,147.88,39.33,-4.48,3.2567,Sell,-3.4118
TSLA,Automotive,2021-01-06,192.51,194.74,187.6,193.25,62783605,0.3844,-1.669,193.25,193.25,193.25,43.19,0.0,0.01,Hold,0.1143
JNJ,Healthcare,2021-10-21,116.49,116.93,116.09,116.16,35686927,-0.2833,-0.0774,115.18,122.88,129.82,51.36,-4.29,1.813,Sell,-0.5421
AAPL,Technology,2021-03-19,157.47,158.89,153.65,153.85,66424778,-2.2989,-2.3671,154.47,154.24,157.03,55.03,-0.95,3.2547,Buy,-2.7211
TSLA,Automotive,2021-06-14,72.92,78.11,60.49,64.88,12798737,-4.3987125,-4.73485,71.76,82.75,96.04,46.24,-5.89,5.72,Sell,-5.8069749999999996
GOOGL,Technology,2021-03-01,3087.49,3131.33,3083.49,1237.6000000000001,77374652,1.1271,1.3375,1240.1075,3078.02,3122.29,54.28,20.84125,45.3353,Buy,-1.5045
TSLA,Automotive,2021-10-04,110.25,115.39,105.44,108.51,30295224,-1.5782,-2.9254,122.45,136.38,135.85,55.27,-7.89,9.0548,Sell,-2.0719
TSLA,Automotive,2021-05-25,94.35,96.09,86.23,90.06,43371645,-4.3987125,-4.73485,88.98,97.29,120.62,54.92,-6.66,6.1546,Sell,-4.7592
AAPL,Technology,2021-01-12,162.91,165.41,161.72,163.5,20551827,0.3622,0.2821,154.83,163.5,163.5,65.72,0.0,0.01,Sell,0.3675
AMZN,E-Commerce,2021-01-29,3425.01,3459.88,3397.25,1237.6000000000001,26963104,0.722,-0.0904,1240.1075,3449.74,3449.74,62.3,20.84125,47.9441375,Buy,5.2016
MSFT,Technology,2021-01-08,299.61,305.58,291.08,291.61,64833301,-2.6701,-2.4324,291.61,291.61,291.61,38.93,0.0,0.01,Hold,-2.2682
GOOGL,Technology,2021-04-16,2663.37,2714.1,2658.0,257.31500000000005,32081597,0.8801,0.4719,1240.1075,2896.56,2982.56,22.18,-19.588749999999997,47.9441375,Hold,5.22
AAPL,Technology,2021-03-09,148.85,149.44,147.45,148.77,32182803,-0.0537,0.1548,152.14,155.94,148.77,42.31,-2.71,2.4242,Sell,-0.2018
JPM,Finance,2021-04-23,153.11,153.42,149.52,149.59,33638077,-2.299,-2.9141,151.58,142.95,140.34,59.92,6.64,2.2638,Buy,-2.8145
AAPL,Technology,2021-05-31,136.7,137.1,133.65,134.59,78402226,-1.5435,-1.0513,138.52,138.3,141.63,62.33,-1.1,2.3594,Buy,-1.4986
GOOGL,Technology,2021-05-05,2679.75,2683.67,2635.04,1237.6000000000001,78231714,-1.63,-1.8191,1240.1075,2789.37,2866.63,38.52,-19.588749999999997,23.2412,Sell,-0.9758
MSFT,Technology,2021-02-19,316.05,322.28,313.31,321.89,58969965,1.8478,1.9252,318.94,317.08,321.89,32.76,3.08,4.2429,Buy,2.1905
AAPL,Technology,2021-12-01,133.76,135.29,133.23,134.69,69153698,0.6953,0.4999,135.27,138.71,137.87,34.44,-1.67,3.6279,Sell,0.6068
AAPL,Technology,2021-10-27,132.33,137.36,129.69,137.04,64991237,3.5593,3.5515,134.14,136.0,139.47,52.33,-0.49,2.5564,Sell,3.9033
MSFT,Technology,2021-05-21,278.51,283.59,270.94,275.62,66720622,-1.0377,-1.8098,274.35,286.08,292.97,51.15,-7.3,4.834,Sell,-0.7799
NFLX,Entertainment,2021-05-05,424.65,456.88,413.87,448.72,76839068,4.4427875,4.70215,426.6,433.98,432.12,63.88,-7.5,10.2841,Sell,4.5941
NFLX,Entertainment,2021-02-25,421.51,427.77,406.45,427.05,10911570,1.3143,1.1344,429.17,434.21,427.05,49.13,-6.66,8.9301,Sell,1.9844
AMZN,E-Commerce,2021-01-15,3492.7,3545.96,3492.69,1237.6000000000001,34443527,0.5924,0.004,1240.1075,3513.39,3513.39,34.58,0.0,11.7378,Sell,1.1171
MSFT,Technology,2021-03-16,300.23,302.78,291.37,292.09,76831141,-2.7113,-2.9118,296.04,310.07,310.09,53.24,-11.41,2.9998,Sell,-2.1861
JPM,Finance,2021-03-04,131.7,136.11,129.64,135.52,75106383,2.9005,2.1713,136.69,141.61,135.52,44.23,-1.38,3.0454,Sell,2.7758
MSFT,Technology,2021-10-15,343.39,344.88,340.91,343.02,73036523,-0.1077,-0.3631,344.3,340.82,341.8,59.41,3.87,2.1013,Buy,0.1041
JPM,Finance,2021-09-22,226.1,233.36,225.2,232.25,68493246,2.72,3.9382,227.7,228.76,222.94,49.12,-0.58,3.1335,Sell,3.0471
JNJ,Healthcare,2021-02-05,160.85,161.92,160.72,161.51,18986154,0.4103,0.3542,161.83,161.51,161.51,43.11,-4.71,2.6364,Buy,0.5888
TSLA,Automotive,2021-01-04,204.84,205.11,194.71,201.94,75287308,-1.4157,-2.317,201.94,201.94,201.94,38.22,0.0,0.01,Hold,-2.1457
AAPL,Technology,2021-11-23,143.28,143.87,136.81,138.29,57803309,-3.4827,-3.5366,141.22,139.16,138.03,37.67,2.66,1.3099,Buy,-3.9204
TSLA,Automotive,2021-06-22,60.5,64.64,57.5,62.89,56800152,3.9504,4.70215,58.13,76.6,86.91,46.16,-11.9,8.0013,Sell,3.6254
JPM,Finance,2021-06-04,165.88,169.11,163.72,166.67,5869512,0.4762,1.3931,165.45,157.51,154.36,70.9,6.35,1.9889,Hold,0.4683
TSLA,Automotive,2021-01-18,173.64,175.45,154.75,160.64,64612493,-4.3987125,-4.73485,182.55,160.64,160.64,30.45,0.0,12.1467,Buy,-5.8069749999999996
JPM,Finance,2021-06-07,165.88,168.33,163.98,167.35,58662427,0.8862,0.408,165.59,157.85,154.91,69.06,6.48,1.902,Buy,1.1556
TSLA,Automotive,2021-04-26,112.49,118.1,99.31,101.72,79696093,-4.3987125,-4.73485,113.81,143.83,154.87,55.75,-19.588749999999997,7.1375,Sell,-5.8069749999999996
NFLX,Entertainment,2021-02-22,439.41,445.22,422.61,426.14,42389900,-3.02,-3.2226,425.41,440.77,426.14,47.53,-11.67,10.5859,Sell,-2.2808
MSFT,Technology,2021-02-12,324.47,325.77,321.98,323.95,57213806,-0.1603,0.1329,325.74,313.14,323.95,49.03,9.21,3.3853,Buy,0.1836
AAPL,Technology,2021-03-26,156.19,156.62,152.33,153.23,48584306,-1.8951,-1.0653,154.27,153.66,156.22,49.6,1.1,2.3739,Buy,-1.6503
NFLX,Entertainment,2021-05-20,461.98,478.48,452.32,474.55,14557933,2.7209,2.309,468.44,440.17,440.62,59.13,20.09,15.833,Buy,2.0377
AAPL,Technology,2021-05-11,139.46,142.76,137.72,140.77,53099475,0.9393,0.7587,141.95,141.74,146.11,42.36,-0.27,2.9611,Buy,1.1014
TSLA,Automotive,2021-07-22,124.08,132.63,113.42,127.15,27655791,2.4742,4.70215,129.93,95.17,90.24,35.22,20.84125,9.8165,Buy,1.8458
MSFT,Technology,2021-09-27,334.53,337.74,334.35,334.73,44963163,0.0598,-0.4876,335.17,341.56,333.49,38.8,-3.6,3.7398,Sell,-0.0808
JPM,Finance,2021-11-18,257.45,260.51,257.4,259.61,38667230,0.839,0.6904,251.46,243.81,240.14,63.29,3.66,5.8706,Buy,1.1007
GOOGL,Technology,2021-01-28,2985.75,3021.53,2971.98,1237.6000000000001,39876083,0.2666,0.8577,1240.1075,2993.71,2993.71,47.98,-18.55,34.957,Sell,-0.777
MSFT,Technology,2021-10-01,341.61,345.81,339.61,345.77,46786406,1.2178,1.6761,337.47,340.47,336.49,47.88,-2.03,3.9815,Sell,0.6501
GOOGL,Technology,2021-05-19,2633.46,2648.93,2604.61,1237.6000000000001,54083218,0.1249,0.3062,1240.1075,2664.78,2776.61,45.14,-19.588749999999997,31.8066,Sell,-2.9523
MSFT,Technology,2021-10-25,350.64,352.32,344.45,346.22,9683484,-1.2606,-0.9866,344.92,341.42,342.4,57.17,2.88,2.7196,Buy,-1.2489
MSFT,Technology,2021-12-23,328.38,330.11,325.69,328.61,28266335,0.07,-0.737,336.88,347.93,349.0,34.69,-8.95,4.8233,Sell,0.2552
AMZN,E-Commerce,2021-04-01,3103.81,3133.79,3065.85,1237.6000000000001,56337632,-0.2265,-0.5463,1240.1075,3194.53,3304.27,46.93,20.84125,47.9441375,Buy,5.763225
MSFT,Technology,2021-08-17,343.65,345.18,337.38,340.75,8071219,-0.8439,-1.4946,340.3,311.38,300.42,64.53,17.89,6.0266,Buy,-0.8444
NFLX,Entertainment,2021-11-15,534.37,542.2,532.65,540.65,23573737,1.1752,0.6441,526.05,555.78,555.25,51.25,-19.588749999999997,12.5909,Sell,0.922
AAPL,Technology,2021-06-04,133.97,134.69,131.33,132.19,51828241,-1.3287,-1.0702,134.16,137.61,140.02,63.7,-1.46,3.2227,Sell,-1.4605
AAPL,Technology,2021-03-02,154.46,154.82,154.43,154.6,29177536,0.0906,-0.2452,153.11,157.78,154.6,53.54,-2.71,2.6931,Sell,0.7693
AAPL,Technology,2021-06-25,135.57,137.08,131.3,132.77,40067385,-2.0654,-2.3032,132.46,133.7,135.74,44.61,0.0,3.6944,Sell,-2.4326
AAPL,Technology,2021-10-14,138.09,138.52,134.72,135.61,70609004,-1.7959,-1.7675,137.19,138.04,141.48,51.11,-0.47,1.6511,Sell,-1.5861
TSLA,Automotive,2021-02-03,145.22,149.24,144.14,148.92,24239964,2.5479,3.3449,135.29,148.92,148.92,45.1,-9.97,8.2586,Sell,2.1661
AAPL,Technology,2021-04-07,151.64,152.64,145.49,146.88,49895380,-3.139,-3.3493,271.57,152.75,154.53,57.53,-0.79,2.5416,Sell,-3.0461
MSFT,Technology,2021-11-04,354.34,356.34,352.06,355.08,43749960,0.2088,0.1297,353.79,345.82,343.39,46.11,3.62,3.4838,Buy,0.1455
JPM,Finance,2021-08-02,221.12,223.25,218.12,222.89,16290872,0.8005,0.2384,214.48,193.39,183.38,54.68,13.35,6.4175,Buy,0.6937
AAPL,Technology,2021-09-15,139.07,139.74,135.06,136.25,50859844,-2.0278,-1.4324,141.49,145.37,143.98,40.6,-3.23,2.7575,Sell,-2.1923
AAPL,Technology,2021-07-13,138.95,142.18,137.42,141.85,32586782,2.0871,2.3449,138.35,133.69,135.51,50.56,3.13,1.7541,Buy,2.2197
AMZN,E-Commerce,2021-06-14,3399.45,3405.53,3381.88,1237.6000000000001,56581682,-0.1765,-0.073,1240.1075,3178.72,3170.33,56.6,20.84125,47.9441375,Buy,1.2831
AMZN,E-Commerce,2021-01-20,3594.7,3599.09,3577.33,1237.6000000000001,18867950,-0.4131,-0.3785,1240.1075,3579.85,3579.85,50.49,-19.588749999999997,37.3318,Sell,5.763225
AAPL,Technology,2021-07-06,136.93,138.15,134.73,137.69,31551860,0.555,1.5188,135.46,133.15,135.45,53.29,2.16,1.9639,Buy,0.9682
AAPL,Technology,2021-04-23,136.6,137.98,134.21,137.32,10512001,0.5271,0.3288,271.57,147.3,149.65,28.36,-7.27,2.2766,Hold,0.4833
JPM,Finance,2021-04-28,160.97,163.09,156.75,257.31500000000005,47966836,-1.8451,-1.5392,155.13,145.99,141.23,60.74,4.68,3.8,Buy,-1.8365
JPM,Finance,2021-07-21,207.28,209.19,205.65,207.92,66038092,0.3088,1.0792,198.65,182.36,173.85,67.25,8.96,8.3728,Buy,-0.1056
TSLA,Automotive,2021-01-28,125.11,136.71,123.52,132.87,68453235,4.4427875,3.1359,135.21,132.87,132.87,36.54,17.71,15.7212,Buy,5.763225
JPM,Finance,2021-10-11,241.85,242.67,240.58,242.52,50026971,0.277,0.3683,240.21,234.2,231.09,66.77,6.18,2.8811,Buy,0.1012
AMZN,E-Commerce,2021-10-08,4095.47,4122.92,4016.79,1237.6000000000001,39335583,-1.789,-1.7965,1240.1075,3979.06,3948.61,51.59,20.84125,31.5319,Buy,-3.4903
AAPL,Technology,2021-08-20,150.9,152.56,149.51,151.55,47266113,0.4307,0.4707,148.11,144.41,140.03,50.19,2.46,2.5728,Buy,0.4518
AAPL,Technology,2021-12-15,131.75,136.92,130.66,136.61,54076408,3.6888,3.5238,132.5,137.45,137.15,61.4,-3.76,1.9256,Sell,3.5977
GOOGL,Technology,2021-09-17,2693.3,2702.76,2664.87,1237.6000000000001,8768740,-0.033,-0.5786,1240.1075,2717.13,2760.94,57.57,-19.588749999999997,36.2469,Sell,0.4914
NFLX,Entertainment,2021-07-06,459.46,463.23,456.46,458.93,52783339,-0.1154,0.1528,475.62,474.42,466.13,45.49,2.13,11.8231,Buy,-0.0071
AMZN,E-Commerce,2021-04-16,3234.57,3272.9,3167.48,1237.6000000000001,35764319,-1.5541,-1.5849,1240.1075,3187.32,3235.57,53.66,-19.588749999999997,47.9441375,Buy,1.5912
NFLX,Entertainment,2021-02-26,428.79,437.19,420.84,429.61,69026340,0.1912,0.5995,429.35,432.95,429.61,47.84,-4.74,7.2138,Sell,-0.2347
AAPL,Technology,2021-05-18,132.2,138.13,130.04,137.91,7949295,4.3192,4.0438,137.02,138.88,144.58,47.92,1.28,3.976,Sell,4.368
AMZN,E-Commerce,2021-02-02,3454.61,3521.52,3423.95,1237.6000000000001,46460035,0.9318,0.5763,1240.1075,3486.8,3486.8,60.07,20.84125,40.8209,Sell,-2.6603
TSLA,Automotive,2021-10-29,110.31,111.01,99.64,104.27,20711070,-4.3987125,-4.73485,101.67,113.18,125.44,48.9,-7.76,6.4476,Sell,-5.431
JPM,Finance,2021-09-21,225.73,226.24,222.5,223.45,67412526,-1.0101,-1.172,227.26,228.43,222.16,36.08,-0.64,3.0037,Sell,-0.6189
AAPL,Technology,2021-05-25,139.83,141.42,138.21,139.26,75452702,-0.4076,-1.9227,137.83,138.22,143.16,52.83,-0.74,2.7444,Sell,-0.4687
GOOGL,Technology,2021-09-01,2608.34,2624.26,2590.57,1237.6000000000001,66695074,0.4325,0.1663,1240.1075,2770.9,2777.48,45.52,-18.67,47.9441375,Sell,1.5624
AAPL,Technology,2021-04-15,134.59,135.88,133.29,135.34,52497213,0.5572,0.5572,140.61,149.88,151.95,49.59,-4.11,6.5197,Sell,0.3647
JNJ,Healthcare,2021-08-13,150.24,150.56,147.24,149.12,69686098,-0.7455,-0.4406,149.33,158.26,165.51,37.91,-4.99,3.524,Sell,-0.9529
NFLX,Entertainment,2021-02-09,419.72,428.81,405.55,412.93,48117791,-1.6177,-2.0169,426.35,412.93,412.93,42.85,-19.588749999999997,8.3131,Buy,0.8966
NFLX,Entertainment,2021-05-07,452.35,463.7,448.81,457.97,15575251,1.2424,1.5229,438.71,434.65,433.17,60.93,-3.94,15.4087,Buy,1.4469
MSFT,Technology,2021-09-20,336.97,337.93,330.45,335.87,43669374,-0.3264,-0.856,338.92,342.83,328.93,48.66,-1.6,3.9741,Sell,0.0531
AMZN,E-Commerce,2021-07-09,3527.64,3602.48,3509.15,1237.6000000000001,12419932,2.1136,1.2451,1240.1075,3445.95,3298.17,56.23,20.84125,38.9134,Buy,0.829
JNJ,Healthcare,2021-04-12,174.47,178.54,174.09,177.14,40734888,1.5303,1.9511,172.27,166.73,162.96,65.02,1.78,3.2995,Buy,1.4532
JNJ,Healthcare,2021-02-04,161.18,163.53,160.62,160.94,75116181,-0.1489,0.4055,161.31,160.94,160.94,48.26,-1.49,2.8962,Buy,-0.6635
JNJ,Healthcare,2021-03-17,166.92,169.84,166.61,169.08,63587197,1.294,1.7573,166.15,159.46,160.95,62.26,4.23,2.8236,Buy,1.4717
TSLA,Automotive,2021-12-03,127.65,132.12,125.67,128.7,13555814,0.8226,0.8226,123.2,106.97,108.5,50.69,9.43,11.3734,Buy,-0.2359
AMZN,E-Commerce,2021-10-18,3946.93,3981.27,3916.2,1237.6000000000001,9423236,0.7264,0.8938,1240.1075,3998.77,3961.77,37.45,0.0,47.9441375,Sell,-4.0746
GOOGL,Technology,2021-06-29,2650.85,2670.74,2620.31,1237.6000000000001,31773365,-0.4893,0.0406,1240.1075,2560.2,2591.69,52.83,20.84125,31.0694,Buy,-5.723
AAPL,Technology,2021-11-26,133.01,133.9,131.78,132.56,67683371,-0.3383,-1.1484,138.54,138.97,138.0,31.05,0.24,3.3648,Sell,-0.6172
JNJ,Healthcare,2021-03-02,157.72,159.44,156.47,157.64,44457968,-0.0507,0.0825,153.63,157.72,157.64,36.38,-2.77,3.0297,Sell,-0.1351
GOOGL,Technology,2021-01-11,2946.59,2990.36,2923.18,1237.6000000000001,23474104,-0.6248,-0.5181,1240.1075,2928.18,2928.18,64.6,0.0,0.01,Sell,-2.1183
NFLX,Entertainment,2021-01-18,462.42,466.43,459.19,461.65,10966599,-0.1665,-1.207,486.4,461.65,461.65,50.17,20.84125,21.6714,Buy,1.1028
AAPL,Technology,2021-06-15,127.47,127.92,122.4,123.3,77282374,-3.2714,-3.1041,130.27,135.88,137.02,41.14,-3.29,3.2004,Sell,-3.4695
JPM,Finance,2021-10-27,246.09,247.69,243.13,247.1,6869388,0.4104,0.6722,241.44,238.65,235.37,50.97,0.84,3.1136,Buy,0.3864
TSLA,Automotive,2021-08-02,111.32,119.16,100.12,115.72,35937419,3.9526,4.70215,116.19,108.44,94.15,34.49,7.95,8.3052,Buy,3.582
AAPL,Technology,2021-12-16,137.16,139.43,136.37,139.31,75344488,1.5675,1.9764,133.4,137.3,137.14,61.38,-3.18,2.8771,Sell,1.5042
JPM,Finance,2021-03-11,126.35,128.02,125.91,127.19,31163623,0.6648,0.1338,271.57,138.25,142.89,40.4,-3.92,4.5834,Sell,1.0066
AAPL,Technology,2021-05-13,136.72,137.36,136.3,136.5,33966569,-0.1609,-0.1828,271.57,140.6,145.46,41.21,0.85,2.8194,Buy,-0.2324
AAPL,Technology,2021-02-17,159.77,160.28,158.04,158.94,51460088,-0.5195,-0.5133,157.71,159.89,158.94,49.7,-1.94,1.1041,Sell,-0.547
JPM,Finance,2021-04-22,155.36,156.99,152.58,154.08,37396128,-0.8239,-0.728,151.87,142.24,140.16,68.7,7.51,2.1641,Buy,-0.5251
JNJ,Healthcare,2021-02-01,161.07,163.99,160.64,163.09,17344926,1.2541,1.3359,158.83,163.09,163.09,53.03,-3.16,2.4945,Sell,0.8893
GOOGL,Technology,2021-09-21,2714.7,2732.88,2688.43,1237.6000000000001,64660449,-0.5713,-0.4643,1240.1075,2711.16,2752.31,61.93,-19.588749999999997,33.1826,Sell,-3.753
TSLA,Automotive,2021-09-30,116.14,121.13,115.05,117.74,57982070,1.3776,-1.5552,127.84,139.66,136.52,55.03,-7.55,5.8951,Sell,1.5248
NFLX,Entertainment,2021-05-21,476.66,483.58,473.92,478.89,77646121,0.4678,0.9146,473.57,441.08,442.04,52.99,20.74,16.3876,Buy,1.5684
JPM,Finance,2021-08-10,220.41,227.01,219.31,224.84,24763737,2.0099,1.7284,223.73,203.53,190.55,63.68,13.47,4.0734,Buy,1.9878
AAPL,Technology,2021-01-01,149.98,150.34,149.85,150.19,31581217,0.14,0.0,150.19,150.19,150.19,41.05,0.0,0.01,Hold,-0.0456
TSLA,Automotive,2021-01-22,142.56,143.73,141.51,142.06,14181809,-0.3507,-2.324,158.37,142.06,142.06,36.34,20.84125,17.3257,Buy,0.3437
MSFT,Technology,2021-03-23,287.64,301.6,286.54,257.31500000000005,42242983,4.37,4.3955,291.59,303.78,309.4,56.49,-7.47,5.4174,Sell,4.5817
MSFT,Technology,2021-04-01,305.22,309.52,305.13,307.28,17369267,0.6749,-0.2338,305.78,300.57,308.66,44.06,0.92,7.5878,Buy,0.6765
NFLX,Entertainment,2021-03-22,440.93,469.23,438.82,458.92,73439282,4.08,4.1816,429.58,424.3,434.66,65.21,-0.78,13.4366,Buy,4.657
AAPL,Technology,2021-04-27,136.56,138.0,132.46,134.68,71614649,-1.3767,-1.6288,137.55,145.99,148.73,31.36,-7.08,1.7621,Sell,-1.2774
NFLX,Entertainment,2021-06-28,493.42,495.53,487.25,487.78,52955650,-1.143,0.1704,477.65,474.36,459.8,56.62,4.37,6.6475,Buy,-0.9118
TSLA,Automotive,2021-08-05,132.66,135.72,117.75,127.02,27972344,-4.2515,-3.6779,118.83,113.8,96.67,36.87,2.61,8.5666,Buy,-3.6634
JPM,Finance,2021-03-09,128.43,129.16,128.39,128.68,69506169,0.1947,-0.4718,133.8,139.47,128.68,40.06,-2.84,3.6143,Sell,0.239
MSFT,Technology,2021-01-05,287.64,293.04,287.48,292.34,41839590,1.634,1.0858,292.34,292.34,292.34,68.82,0.0,0.01,Hold,0.8395
TSLA,Automotive,2021-12-15,108.82,112.93,107.73,108.4,64242846,-0.386,1.9564,111.64,109.61,107.75,39.91,6.35,7.3561,Buy,-0.094
JNJ,Healthcare,2021-03-22,167.81,168.1,166.26,167.26,77099455,-0.3278,-0.3099,167.13,160.25,160.78,59.3,5.57,1.7509,Buy,0.065
NFLX,Entertainment,2021-06-16,484.73,485.8,474.12,478.8,5533601,-1.2234,-0.7092,473.48,469.04,452.65,53.89,-0.74,9.0759,Buy,-1.9749
JPM,Finance,2021-09-20,227.4,227.82,226.02,226.1,52494099,-0.5717,-0.8333,227.85,228.48,221.46,39.66,-0.08,2.5601,Sell,-0.7236
JPM,Finance,2021-05-06,153.08,155.26,151.44,153.66,7303910,0.3789,0.1891,155.2,151.11,143.02,61.27,2.61,2.8457,Buy,0.2351
GOOGL,Technology,2021-07-21,2812.38,2874.01,2809.86,1237.6000000000001,43520022,1.6239,1.2663,1240.1075,2729.62,2650.66,61.22,20.84125,34.3601,Buy,0.3444
JNJ,Healthcare,2021-05-05,182.6,184.06,182.08,183.37,7199502,0.4217,0.4272,183.87,176.7,171.33,57.65,4.76,1.5269,Buy,0.3194
JPM,Finance,2021-09-30,242.76,244.36,239.05,240.5,57381897,-0.931,-1.1427,239.53,232.18,227.48,62.29,2.05,7.121,Buy,-0.2769
NFLX,Entertainment,2021-09-16,551.66,566.89,549.79,562.87,23336900,2.032,2.3549,546.87,542.2,515.58,58.44,-1.69,11.3423,Buy,2.3998
AAPL,Technology,2021-05-27,137.96,140.41,136.71,137.13,70501409,-0.6016,-1.6214,138.69,138.44,142.42,52.64,-1.02,2.7876,Buy,-0.7121
TSLA,Automotive,2021-08-23,162.85,163.17,152.98,155.65,69448009,-4.3987125,-4.4682,155.48,132.74,113.48,62.02,12.99,10.1854,Buy,-3.4979
NFLX,Entertainment,2021-07-28,504.18,521.32,495.75,516.69,59298748,2.4813,3.2781,476.33,465.24,468.41,55.41,-6.23,27.2935,Buy,2.3183
AMZN,E-Commerce,2021-03-03,3094.28,3097.86,3083.79,1237.6000000000001,31423462,-0.3199,-0.6785,1240.1075,3394.58,3084.38,48.51,-19.588749999999997,47.9441375,Sell,3.2099
MSFT,Technology,2021-10-04,345.23,346.22,340.86,342.0,45493010,-0.9356,-1.0903,338.81,340.41,337.11,49.43,-2.17,4.2827,Sell,-1.2426
AAPL,Technology,2021-03-30,148.85,149.77,147.29,148.16,15265348,-0.4636,-0.5771,152.23,152.99,155.73,53.04,0.88,3.0014,Sell,-0.9982
NFLX,Entertainment,2021-01-01,504.01,519.98,494.54,516.01,10600007,2.3809,0.0,516.01,516.01,516.01,57.73,0.0,0.01,Hold,1.5845
AMZN,E-Commerce,2021-04-08,3195.22,3211.22,3183.44,1237.6000000000001,56207233,0.431,0.9964,1240.1075,3171.83,3269.87,49.22,0.68,47.9441375,Sell,-3.3238
JPM,Finance,2021-10-13,242.27,244.67,241.82,241.97,49427469,-0.1238,0.1324,240.2,234.97,231.7,60.07,5.39,2.6809,Buy,-0.221
MSFT,Technology,2021-11-03,354.29,355.49,350.97,354.62,76035353,0.0931,0.5843,353.59,345.07,343.25,51.91,3.68,4.1672,Buy,-0.5269
AAPL,Technology,2021-11-10,146.73,147.66,142.08,142.85,43951678,-2.6443,-2.2513,142.93,137.86,138.25,54.46,2.21,3.1662,Buy,-2.7038
AAPL,Technology,2021-07-23,143.07,144.7,142.38,143.61,68440274,0.3774,-0.0696,141.11,135.88,135.62,67.67,3.05,1.8707,Buy,0.2423
MSFT,Technology,2021-03-04,291.82,300.14,290.76,296.75,33715466,1.6894,1.3387,301.14,315.9,296.75,43.7,-8.75,9.7617,Sell,2.9424
GOOGL,Technology,2021-06-08,2567.42,2582.22,2561.71,1237.6000000000001,48305698,0.5211,-0.1258,1240.1075,2563.99,2652.26,36.84,-19.588749999999997,47.9441375,Sell,1.4819
JPM,Finance,2021-01-25,151.45,156.99,150.74,153.89,40013484,1.6111,1.8532,145.18,153.89,153.89,38.23,-7.53,4.4246,Sell,1.5026
MSFT,Technology,2021-05-19,278.28,282.32,274.49,275.79,19866510,-0.8948,-1.0086,271.57,288.46,293.66,47.23,-7.94,6.2699,Sell,-1.4967
JNJ,Healthcare,2021-10-07,120.91,121.64,119.67,120.49,38371804,-0.3474,-0.7005,123.19,129.81,136.97,37.85,-4.41,1.9726,Sell,-0.7
JNJ,Healthcare,2021-05-03,184.71,184.81,181.39,181.9,26325142,-1.5213,-1.6704,184.15,175.57,170.05,58.92,5.59,1.9735,Buy,-1.7384
MSFT,Technology,2021-11-19,356.3,360.47,355.46,358.75,10147055,0.6876,0.9909,350.44,349.49,345.51,47.91,1.41,5.1984,Buy,0.603
MSFT,Technology,2021-11-08,352.45,355.1,352.07,352.46,66633143,0.0028,-0.0028,352.83,346.95,343.9,46.69,4.51,2.5262,Buy,-0.7144
JPM,Finance,2021-10-20,238.0,240.2,237.44,239.33,74346360,0.5588,-0.0877,240.85,236.59,233.5,55.07,2.78,1.2615,Buy,0.7832
NFLX,Entertainment,2021-05-31,475.93,475.97,466.82,471.88,32718551,-0.851,-0.1481,476.53,450.52,447.19,52.41,20.84125,7.0423,Buy,0.129
AAPL,Technology,2021-01-14,160.01,162.19,158.73,161.88,38583285,1.1687,1.308,158.39,161.88,161.88,64.87,0.0,5.8403,Sell,1.3405
GOOGL,Technology,2021-09-22,2685.4,2693.31,2624.39,1237.6000000000001,55407015,-1.4005,-1.9043,1240.1075,2706.89,2746.89,59.79,-18.52,29.0826,Sell,-0.7902
TSLA,Automotive,2021-09-20,133.18,134.67,125.5,129.75,32856189,-2.5755,-1.3233,128.39,144.8,136.66,40.66,-9.99,8.4709,Sell,-2.7306
AAPL,Technology,2021-12-24,145.1,145.76,143.93,144.29,13998946,-0.5582,-0.2351,141.66,137.03,137.72,50.49,1.58,4.7684,Buy,-1.049
AMZN,E-Commerce,2021-05-20,3014.8,3036.55,2996.84,1237.6000000000001,76160737,0.3834,-0.4333,1240.1075,3108.25,3143.51,70.29,-19.588749999999997,38.6763,Sell,5.763225
GOOGL,Technology,2021-06-30,2639.53,2665.32,2629.96,1237.6000000000001,42661003,0.3516,0.4143,1240.1075,2560.6,2589.62,49.86,20.84125,32.9135,Buy,3.6187
NFLX,Entertainment,2021-08-06,543.05,549.12,540.06,542.92,6356805,-0.0239,-0.9089,526.51,476.98,475.36,69.52,20.84125,16.5928,Buy,0.0474
AMZN,E-Commerce,2021-06-25,3358.07,3435.88,3356.74,1237.6000000000001,21839060,1.8192,1.6246,1240.1075,3295.95,3214.63,56.75,20.84125,31.9162,Buy,-5.8069749999999996
AMZN,E-Commerce,2021-07-19,3794.91,3841.26,3767.99,1237.6000000000001,65618813,0.8688,1.0437,1240.1075,3523.2,3381.2,63.15,20.84125,47.9441375,Buy,5.3996
JNJ,Healthcare,2021-03-30,164.02,169.63,163.81,168.35,65544209,2.6399,2.465,166.22,161.68,160.75,66.37,3.99,1.7852,Buy,2.7165
GOOGL,Technology,2021-10-07,2704.83,2722.93,2649.1,1237.6000000000001,23255656,-1.7136,-1.788,1240.1075,2671.99,2712.97,39.01,19.44,25.3798,Buy,-5.1064
JNJ,Healthcare,2021-05-26,178.95,181.13,177.96,180.81,53381710,1.0394,1.4817,182.46,184.07,178.45,41.16,0.27,3.689,Sell,0.9706
JNJ,Healthcare,2021-03-25,167.11,167.95,164.88,166.28,7818001,-0.4967,-0.4907,167.54,160.94,160.62,62.19,5.45,1.7444,Buy,-0.5619
MSFT,Technology,2021-06-24,287.21,288.98,285.97,288.08,14772529,0.3029,0.8789,280.99,278.2,280.9,62.23,4.98,5.2812,Buy,0.3467
AMZN,E-Commerce,2021-09-03,3884.79,3916.44,3882.65,1237.6000000000001,10666136,0.3748,0.9342,1240.1075,3895.66,3803.22,51.06,-17.39,39.2895,Sell,-1.4138
GOOGL,Technology,2021-12-03,2702.36,2716.62,2669.35,1237.6000000000001,19705595,-0.5784,-0.5486,1240.1075,2695.65,2700.22,57.82,-19.588749999999997,23.9969,Sell,-2.0116
TSLA,Automotive,2021-11-02,88.96,91.57,87.36,91.42,23980792,2.7653,4.2298,101.13,110.65,122.76,45.85,-7.48,7.8129,Sell,2.7891
AAPL,Technology,2021-02-26,155.2,157.02,149.0,151.99,18255257,-2.0683,-2.689,152.52,158.18,151.99,47.64,-2.97,3.4266,Sell,-2.604
AMZN,E-Commerce,2021-04-30,3111.28,3129.57,3030.76,1237.6000000000001,11939555,-2.3402,-2.2249,1240.1075,3174.76,3176.87,61.07,-0.92,47.9441375,Sell,-4.2425
TSLA,Automotive,2021-10-21,100.78,107.15,88.73,92.62,52492253,-4.3987125,-4.4662,104.36,118.18,131.72,49.49,-8.77,8.6888,Sell,-5.8069749999999996
TSLA,Automotive,2021-01-26,131.24,136.52,119.97,121.76,42661003,-4.3987125,-4.73485,143.25,121.76,121.76,32.91,20.84125,20.622,Buy,-5.8069749999999996
MSFT,Technology,2021-08-10,331.07,337.58,329.99,337.08,70819559,1.8153,1.671,327.33,300.72,293.78,50.49,16.5,9.4709,Buy,2.1703
NFLX,Entertainment,2021-02-18,426.28,437.74,425.88,436.84,11699923,2.4772,1.9844,419.95,445.44,436.84,50.98,-15.44,8.8335,Sell,2.2186
TSLA,Automotive,2021-09-03,152.58,160.83,149.35,155.19,42269194,1.7106,2.6593,150.64,140.1,129.46,44.79,10.12,6.1461,Buy,0.8577
NFLX,Entertainment,2021-12-10,506.32,515.44,506.13,515.27,61026433,1.7677,1.3952,517.67,520.51,542.6,44.37,-6.48,7.363,Sell,1.7136
NFLX,Entertainment,2021-11-12,533.9,538.64,526.71,537.19,74662233,0.6162,2.2148,523.71,556.43,555.06,52.02,-19.588749999999997,11.2465,Sell,1.3682
JNJ,Healthcare,2021-07-22,161.42,161.71,157.79,160.03,12940418,-0.8611,-0.7566,159.2,170.2,174.27,32.76,-6.71,3.2717,Sell,-0.5494
MSFT,Technology,2021-05-24,274.69,282.49,273.75,278.61,50573947,1.4271,1.0848,275.77,285.12,292.53,49.93,-7.32,4.6347,Sell,0.9286
AMZN,E-Commerce,2021-12-15,4274.49,4329.92,4245.23,1237.6000000000001,59630092,0.5067,0.3785,1240.1075,4128.54,4071.85,53.38,20.84125,43.0946,Buy,1.5665
GOOGL,Technology,2021-06-07,2552.27,2585.76,2548.56,1237.6000000000001,35131512,1.2452,0.8733,1240.1075,2567.51,2661.5,31.3,-19.588749999999997,47.9441375,Sell,-0.215
TSLA,Automotive,2021-07-23,130.36,134.55,128.05,128.91,76982613,-1.1123,1.3842,130.09,97.1,91.11,33.03,19.5,6.8959,Buy,-0.8326
JPM,Finance,2021-06-30,181.04,185.64,180.2,185.02,45439633,2.1984,1.7264,174.85,169.15,162.77,57.95,4.01,5.7774,Buy,2.2148
GOOGL,Technology,2021-05-17,2622.8,2629.39,2589.34,1237.6000000000001,10412554,-1.0088,-1.2216,1240.1075,2681.12,2789.27,45.34,-19.588749999999997,40.5016,Sell,-2.8046
AMZN,E-Commerce,2021-09-16,3930.6,3987.87,3920.14,1237.6000000000001,16454253,0.9742,1.3641,1240.1075,3902.86,3861.29,46.34,-15.64,47.9441375,Sell,-5.8069749999999996
AMZN,E-Commerce,2021-01-01,3404.89,3512.84,3377.54,1237.6000000000001,72985182,2.734,0.0,1240.1075,3497.98,3497.98,68.27,0.0,0.01,Hold,-2.3414
TSLA,Automotive,2021-10-27,102.16,112.27,99.51,109.9,28495032,4.4427875,4.70215,99.97,114.88,127.49,51.92,-7.82,6.877,Sell,5.763225
NFLX,Entertainment,2021-03-10,430.67,433.17,416.04,1237.6000000000001,66991113,-3.1277,-2.2836,424.3,425.28,417.2,47.48,0.12,6.6638,Sell,-3.0322
AMZN,E-Commerce,2021-12-21,4270.57,4278.75,4194.51,1237.6000000000001,21669993,-0.4114,-0.7283,1240.1075,4158.41,4090.37,55.27,20.84125,28.1961,Buy,-5.8069749999999996
AMZN,E-Commerce,2021-09-21,4088.03,4107.54,4071.46,1237.6000000000001,8220179,0.4682,0.8699,1240.1075,3914.53,3887.76,45.29,20.84125,47.9441375,Buy,0.8939
JPM,Finance,2021-11-03,241.02,241.15,240.01,240.05,14261820,-0.4025,-0.518,241.8,240.77,236.2,46.94,-0.02,3.1342,Buy,-0.0961
JPM,Finance,2021-05-04,155.43,157.06,150.81,154.77,16664619,-0.4246,0.3241,156.73,149.75,142.34,61.59,3.01,2.7427,Buy,-0.61
JNJ,Healthcare,2021-07-06,167.24,168.98,166.32,168.16,42661003,0.5501,0.484,169.09,176.55,180.02,39.41,-2.61,4.1847,Sell,0.4014
JPM,Finance,2021-06-28,175.22,179.81,173.39,177.64,57238882,1.3811,1.4564,171.81,166.94,161.57,53.89,3.35,3.6781,Buy,1.3596
NFLX,Entertainment,2021-02-03,431.26,436.05,424.08,432.24,43443169,0.2272,0.4625,436.42,432.24,432.24,34.32,11.58,8.873,Buy,-0.5626
NFLX,Entertainment,2021-10-04,562.5,565.34,555.43,560.05,28403699,-0.4356,-0.3594,559.19,548.41,542.8,56.12,10.42,5.7249,Buy,-0.3287
JPM,Finance,2021-05-10,152.09,155.75,151.28,155.27,10386937,2.0909,2.6579,153.99,152.11,143.64,62.5,1.87,2.4716,Buy,2.195
JNJ,Healthcare,2021-08-16,148.65,150.29,145.93,148.42,73411798,-0.1547,-0.4694,148.86,157.63,164.97,38.11,-4.69,3.1495,Sell,-0.072
MSFT,Technology,2021-10-20,347.53,349.42,341.0,341.17,60243833,-1.8301,-2.1061,343.73,340.58,342.25,58.19,3.38,2.6307,Buy,-2.4577
JNJ,Healthcare,2021-03-15,165.95,166.35,163.42,164.29,13738897,-1.0003,-0.5328,164.43,159.1,161.12,62.69,2.91,3.1871,Buy,-0.9847
JNJ,Healthcare,2021-04-16,180.54,181.21,178.02,179.74,44755428,-0.4431,-0.1555,177.65,169.53,164.43,63.91,4.11,3.9669,Buy,-0.5324
MSFT,Technology,2021-09-28,334.19,335.04,330.4,333.3,11327261,-0.2663,-0.4272,334.39,341.31,334.3,43.33,-3.66,3.8941,Sell,-0.5001
AMZN,E-Commerce,2021-05-25,3101.95,3135.48,3073.97,1237.6000000000001,58945389,1.0803,1.3993,1240.1075,3100.02,3138.38,61.98,-16.69,31.1559,Sell,-2.4657
AAPL,Technology,2021-04-22,138.01,139.2,136.26,136.87,13260788,-0.826,-0.6677,137.07,147.81,150.06,50.49,-7.26,2.6379,Sell,-0.614
MSFT,Technology,2021-06-30,293.48,293.72,282.96,283.29,13863904,-3.4721,-3.7705,287.79,280.45,280.85,43.82,3.48,6.417,Buy,-3.3918
AMZN,E-Commerce,2021-02-15,3542.23,3574.25,3533.59,1237.6000000000001,77863228,-0.0446,-0.4081,1240.1075,3509.74,3540.65,48.54,-13.52,41.5005,Buy,-4.8745
NFLX,Entertainment,2021-06-23,465.44,480.02,463.71,478.48,26460014,2.8017,3.3814,476.08,473.22,456.44,56.97,0.78,7.4451,Buy,2.0022
TSLA,Automotive,2021-07-29,112.1,116.43,106.33,109.77,18473406,-2.0785,0.9565,119.36,105.07,93.42,38.81,13.82,9.0884,Buy,-1.1138
JNJ,Healthcare,2021-06-25,177.9,178.0,173.66,174.83,51305222,-1.7257,-1.5209,180.01,179.94,181.89,52.56,0.62,2.3768,Buy,-1.6313
AAPL,Technology,2021-03-23,154.67,155.04,148.99,150.31,52957585,-2.8189,-3.9,154.94,153.98,156.63,45.25,-0.44,2.8024,Buy,-3.0793
AAPL,Technology,2021-07-07,138.72,140.43,137.55,138.81,38996315,0.0649,0.8134,136.59,133.13,135.53,50.49,2.52,2.2381,Buy,-0.0275
MSFT,Technology,2021-05-17,270.93,272.91,269.7,270.18,59312909,-0.2768,-0.2695,272.45,291.0,294.36,38.74,-8.5,7.9592,Sell,-0.0582
AMZN,E-Commerce,2021-07-30,3911.58,3921.19,3808.32,1237.6000000000001,20662691,-1.5464,-1.4872,1240.1075,3660.05,3524.62,52.53,20.84125,37.0617,Buy,-1.2647
JNJ,Healthcare,2021-02-26,153.47,155.59,152.4,154.75,65057244,0.834,0.5654,152.98,158.07,154.75,34.88,-2.35,3.128,Sell,0.5784
AMZN,E-Commerce,2021-02-26,3209.22,3235.43,3154.27,1237.6000000000001,54533946,-0.2829,-0.8019,1240.1075,3442.46,3200.14,35.01,-19.588749999999997,47.9441375,Sell,-5.8069749999999996
NFLX,Entertainment,2021-10-26,573.42,579.63,554.18,556.44,79051517,-2.9612,-3.0187,576.44,573.7,560.26,43.82,12.41,19.6952,Buy,-2.4326
MSFT,Technology,2021-08-27,347.71,349.77,340.39,342.13,61355338,-1.6048,-1.7489,271.57,327.95,310.62,44.09,13.74,3.9372,Buy,-1.657
GOOGL,Technology,2021-12-08,2722.26,2742.66,2696.85,1237.6000000000001,26830815,0.3644,0.1668,1240.1075,2697.44,2701.82,61.36,-4.33,27.7948,Sell,-0.6214
JNJ,Healthcare,2021-07-19,157.72,158.13,156.75,158.02,58948037,0.1902,0.5472,161.39,171.75,175.99,29.15,-7.08,4.3066,Hold,0.0351
GOOGL,Technology,2021-05-03,2660.3,2684.8,2643.15,1237.6000000000001,65331978,0.521,0.5044,1240.1075,2810.56,2883.56,35.13,-19.588749999999997,32.5565,Sell,-0.1912
GOOGL,Technology,2021-06-25,2578.45,2635.3,2572.4,1237.6000000000001,24610418,1.665,2.3309,1240.1075,2558.54,2593.63,56.92,20.84125,32.4406,Buy,0.8684
AMZN,E-Commerce,2021-12-06,4228.63,4261.91,4209.74,1237.6000000000001,70251926,0.2632,0.9063,1240.1075,4071.77,4046.38,67.12,20.84125,40.1552,Buy,-5.8069749999999996
NFLX,Entertainment,2021-04-22,427.76,430.22,418.33,418.51,29776750,-2.1624,-2.6811,424.17,437.29,432.0,57.3,-8.63,10.1352,Sell,-2.3207
AMZN,E-Commerce,2021-06-07,3261.44,3344.91,3207.37,1237.6000000000001,72468013,1.4233,2.3747,1240.1075,3130.44,3142.57,50.69,20.84125,47.9441375,Buy,-3.6547
JNJ,Healthcare,2021-12-14,114.9,116.47,114.06,116.0,39270573,0.9574,0.4155,271.57,117.16,117.26,58.55,0.41,1.4198,Buy,0.7595
GOOGL,Technology,2021-10-28,2720.29,2749.06,2718.66,1237.6000000000001,65919563,0.7845,0.6893,1240.1075,2705.06,2694.07,50.49,5.84,43.1633,Sell,0.7865
JPM,Finance,2021-04-08,150.6,151.05,147.46,149.74,69029593,-0.571,-0.293,148.14,135.81,137.84,71.68,7.95,4.423,Hold,-0.2434
JPM,Finance,2021-03-03,139.12,141.97,131.83,132.64,45875954,-4.3987125,-4.73485,137.03,141.93,132.64,46.71,-1.23,3.305,Sell,-4.2583
NFLX,Entertainment,2021-12-16,505.15,511.31,494.14,503.41,70843726,-0.3445,-0.7472,516.47,521.74,538.24,53.13,-3.42,8.9393,Sell,-0.115
TSLA,Automotive,2021-07-02,110.56,110.9,94.29,94.89,64861053,-4.3987125,-4.73485,89.61,77.37,82.57,39.72,3.57,15.2661,Buy,-5.8069749999999996
AAPL,Technology,2021-08-31,145.75,147.53,142.11,142.32,49187356,-2.3533,-2.1385,147.4,146.11,142.61,34.61,1.47,2.7709,Buy,-2.4351
MSFT,Technology,2021-05-28,268.25,269.77,266.3,268.52,22627973,0.1007,-0.2007,273.62,280.44,291.09,53.55,-5.72,4.3048,Sell,-0.6588
AAPL,Technology,2021-02-24,149.99,151.49,149.04,150.54,77607127,0.3667,0.541,154.03,158.65,150.54,42.68,-3.0,3.4575,Sell,0.296
TSLA,Automotive,2021-09-27,136.63,138.34,128.9,134.28,6145180,-1.72,-2.5898,130.97,143.07,136.85,45.77,-11.33,4.7584,Sell,-0.6927
AAPL,Technology,2021-05-07,144.42,145.89,143.88,145.28,9632593,0.5955,0.3176,141.41,142.3,146.7,52.86,-1.74,3.5501,Sell,0.4305
AAPL,Technology,2021-08-23,152.47,153.45,149.38,150.47,34620635,-1.3117,-0.7126,148.93,144.81,140.5,48.17,2.03,2.6926,Buy,-1.2857
MSFT,Technology,2021-08-16,342.06,346.18,339.86,345.92,37575717,1.1285,0.6635,338.88,309.25,299.32,75.88,17.79,8.2929,Hold,1.1603
AMZN,E-Commerce,2021-05-11,2979.75,3021.01,2943.37,1237.6000000000001,22994244,1.3028,1.5369,1240.1075,3122.12,3149.22,57.67,-19.588749999999997,38.6583,Sell,5.0088
NFLX,Entertainment,2021-10-05,564.86,574.36,556.41,568.48,78055069,0.6409,1.5052,560.53,548.97,544.16,59.45,11.02,5.8085,Buy,0.1844
JNJ,Healthcare,2021-12-13,115.96,116.26,114.7,115.52,49274671,-0.3794,-1.0535,117.96,117.17,117.38,62.24,0.22,1.3562,Buy,-0.752
MSFT,Technology,2021-03-11,293.36,294.17,290.54,291.99,48203135,-0.467,-0.4127,295.06,312.73,309.59,56.07,-12.14,3.596,Sell,-0.9545
MSFT,Technology,2021-06-07,276.38,277.84,270.67,274.49,79067532,-0.6838,0.5974,273.08,277.37,287.84,45.04,-2.66,2.6814,Sell,-1.2209
NFLX,Entertainment,2021-01-28,437.11,447.43,436.62,445.88,18685418,2.0064,2.2449,446.63,445.88,445.88,50.49,13.02,10.9019,Buy,0.7428
NFLX,Entertainment,2021-03-05,433.89,436.37,420.15,420.47,30733616,-3.0929,-2.8803,425.87,427.45,420.47,46.44,2.39,5.609,Sell,-2.0572
GOOGL,Technology,2021-12-16,2697.83,2715.58,2665.65,1237.6000000000001,62753546,-1.0972,-1.2293,1240.1075,2694.97,2700.59,54.4,10.66,26.3101,Buy,0.4123
GOOGL,Technology,2021-12-01,2649.26,2688.65,2648.3,1237.6000000000001,31703274,0.9622,0.8563,1240.1075,2693.79,2700.95,53.03,-19.588749999999997,27.4387,Sell,1.1365
NFLX,Entertainment,2021-10-13,605.74,619.5,602.03,614.22,19819800,1.3999,2.5752,589.01,559.55,553.02,64.69,13.27,17.4773,Buy,1.2596
JPM,Finance,2021-10-29,240.74,241.26,237.55,238.43,65379210,-0.9595,-0.8236,241.44,239.46,235.86,43.7,0.02,3.185,Buy,-0.877
GOOGL,Technology,2021-04-20,2662.76,2713.87,2634.22,1237.6000000000001,45791301,1.675,1.6059,1240.1075,2878.61,2966.82,28.49,-19.588749999999997,47.9441375,Hold,5.763225
JPM,Finance,2021-12-27,242.03,242.18,240.56,241.1,42661003,-0.3842,-1.075,241.95,249.28,246.62,39.7,-3.81,2.87,Sell,0.0176
MSFT,Technology,2021-07-22,300.87,313.14,298.41,310.86,14045703,3.3204,3.3719,294.25,286.06,281.93,63.87,3.68,7.8238,Buy,3.295
AAPL,Technology,2021-02-10,155.24,159.16,155.17,157.04,64273921,1.1595,0.313,158.03,157.04,157.04,33.35,0.03,2.7476,Buy,1.173
MSFT,Technology,2021-09-01,336.94,342.05,336.33,339.6,29826543,0.7895,0.7835,343.08,332.37,313.97,46.94,8.6,5.6598,Buy,0.8887
NFLX,Entertainment,2021-08-26,544.06,549.05,541.27,544.87,66337569,0.1489,-1.0874,546.29,517.95,495.95,65.14,16.85,7.7444,Buy,0.1859
JNJ,Healthcare,2021-09-29,122.62,124.22,121.89,123.96,50195346,1.0928,0.1131,124.96,133.31,141.38,29.86,-5.63,1.2956,Hold,0.8279
AMZN,E-Commerce,2021-08-17,3967.84,3977.04,3848.54,1237.6000000000001,9777652,-2.3643,-2.6914,1240.1075,3826.4,3683.9,52.3,20.84125,47.9441375,Buy,0.7565
JPM,Finance,2021-04-12,152.11,157.15,151.68,154.77,57431126,1.7487,2.7553,150.31,136.81,138.23,80.605,9.85,3.2739,Hold,2.0118
AAPL,Technology,2021-08-26,147.08,151.23,146.21,149.5,23658332,1.6454,2.0896,149.62,145.61,141.79,36.7,1.52,1.7869,Buy,1.7117
NFLX,Entertainment,2021-12-28,553.11,557.43,548.94,554.77,74069105,0.3001,0.3654,534.45,522.79,527.43,57.13,6.4,19.6097,Buy,-0.4029
MSFT,Technology,2021-08-04,321.44,327.66,321.08,327.12,42517343,1.767,3.0072,314.69,295.22,288.83,64.58,14.48,6.1909,Buy,1.5449
MSFT,Technology,2021-10-21,341.03,347.0,339.09,344.23,8142638,0.9383,0.8969,343.56,340.71,342.27,55.59,3.17,2.2851,Buy,0.5621
NFLX,Entertainment,2021-12-20,509.75,515.52,505.34,508.59,47638254,-0.2276,-0.668,515.58,520.79,535.08,51.59,-4.75,9.2847,Sell,-0.8261
AMZN,E-Commerce,2021-07-01,3600.06,3653.43,3545.33,1237.6000000000001,11775937,-0.4555,-0.5111,1240.1075,3360.77,3242.07,62.46,20.84125,47.9441375,Buy,0.1523
GOOGL,Technology,2021-11-19,2652.24,2656.79,2622.49,1237.6000000000001,42661003,-0.9788,-1.097,1240.1075,2707.96,2700.86,42.73,-0.53,47.9441375,Sell,-1.7319
AMZN,E-Commerce,2021-08-27,3893.02,3951.06,3868.32,257.31500000000005,35172190,0.5173,0.6987,1240.1075,3887.49,3757.21,54.82,8.76,47.9441375,Sell,-1.8959
MSFT,Technology,2021-03-17,290.82,295.5,287.49,288.23,28732646,-0.8906,-1.3215,294.48,308.67,309.95,53.4,-10.98,3.6785,Sell,-1.248
AMZN,E-Commerce,2021-12-16,4300.69,4309.74,4265.21,1237.6000000000001,25081705,-0.2483,-0.1429,1240.1075,4135.03,4075.73,55.51,20.84125,42.9561,Buy,-1.8565
TSLA,Automotive,2021-04-02,155.68,157.28,146.88,147.61,18012421,-4.3987125,-4.73485,164.77,169.53,166.79,52.7,-5.26,8.9847,Sell,-4.7196
TSLA,Automotive,2021-11-17,91.99,106.55,90.06,103.55,25898280,4.4427875,4.70215,96.48,103.09,111.75,40.0,-1.68,8.4674,Sell,5.763225
TSLA,Automotive,2021-07-09,104.11,105.62,102.46,103.69,41298325,-0.4034,2.501,103.89,80.16,83.06,39.36,16.18,9.646,Buy,-0.3908
AAPL,Technology,2021-11-25,138.61,139.08,133.36,134.1,37930563,-3.2537,-3.3304,139.91,139.13,138.04,28.03,1.12,2.5064,Buy,-3.3154
TSLA,Automotive,2021-10-22,92.57,96.27,88.64,90.28,48142582,-2.4738,-2.5265,101.21,116.86,130.52,50.04,-8.48,9.9297,Sell,-3.2925
JPM,Finance,2021-12-07,251.21,252.06,248.53,248.91,22118322,-0.9156,-0.6268,252.55,248.62,245.48,36.04,2.02,2.8031,Buy,-1.3643
MSFT,Technology,2021-06-08,274.99,286.26,273.52,285.84,20875694,3.9456,4.1349,275.56,277.23,287.41,52.99,-1.65,4.8716,Sell,3.9406
JPM,Finance,2021-01-29,142.94,144.45,142.05,144.1,51081876,0.8115,0.5372,148.04,144.1,144.1,42.94,1.35,4.3369,Buy,1.1573
JPM,Finance,2021-11-26,249.0,251.93,247.53,251.92,45390023,1.1727,1.1443,252.88,245.85,242.97,48.97,5.2,3.7639,Buy,0.9684
AMZN,E-Commerce,2021-08-02,3880.8,3889.06,3843.99,1237.6000000000001,5555319,-0.9428,-0.1787,1240.1075,3673.62,3539.66,54.31,20.84125,36.1084,Buy,-3.4801
MSFT,Technology,2021-08-20,353.16,354.75,348.28,348.38,58676870,-1.3535,-1.6737,346.26,318.27,304.06,49.37,18.4,6.0656,Buy,-1.2112
MSFT,Technology,2021-02-01,323.03,325.59,321.51,324.82,32856463,0.5541,0.9071,316.79,324.82,324.82,74.94,-10.26,5.5032,Sell,0.9045
AAPL,Technology,2021-06-02,132.36,135.05,131.78,133.72,54061221,1.0275,1.4183,271.57,137.89,140.86,60.02,-1.03,3.1705,Sell,1.4668
JPM,Finance,2021-07-26,203.68,209.25,202.12,207.7,17050467,1.9737,1.6244,204.99,186.02,177.27,49.58,10.64,6.6849,Buy,2.0736
TSLA,Automotive,2021-03-08,168.26,189.36,161.92,181.6,17519006,4.4427875,4.70215,170.12,165.44,181.6,34.26,-3.13,9.0851,Buy,5.763225
MSFT,Technology,2021-06-23,277.76,289.32,276.06,285.57,45941984,2.8118,2.7452,271.57,277.55,281.2,61.3,5.28,5.5582,Buy,3.429
MSFT,Technology,2021-07-02,278.06,278.33,276.46,277.14,79549351,-0.3309,0.1337,286.42,280.37,280.35,40.76,2.16,6.3771,Buy,-0.34
AMZN,E-Commerce,2021-06-01,3308.84,3351.2,3275.0,1237.6000000000001,13353450,1.0983,0.6214,1240.1075,3105.55,3138.92,69.34,20.84125,47.9441375,Buy,-4.8773
AMZN,E-Commerce,2021-08-19,3856.17,3988.89,3854.02,1237.6000000000001,58686536,2.2579,2.353,1240.1075,3849.71,3704.0,56.95,20.84125,47.9441375,Buy,2.8394
MSFT,Technology,2021-01-07,294.29,300.25,291.17,298.88,21298019,1.5597,1.353,298.88,298.88,298.88,37.81,0.0,0.01,Hold,1.4386
NFLX,Entertainment,2021-10-06,575.69,578.38,571.74,575.35,49177158,-0.0591,1.2085,564.09,549.78,545.33,56.77,11.54,6.7767,Buy,0.4326
NFLX,Entertainment,2021-11-26,512.15,514.73,510.25,513.0,16925212,0.166,0.1308,521.01,535.23,551.37,45.06,0.45,13.4455,Sell,-1.6821
JPM,Finance,2021-03-02,137.09,141.77,134.76,140.11,44327070,2.2029,2.9539,138.66,142.26,140.11,52.97,-0.9,2.8052,Sell,2.3028
AMZN,E-Commerce,2021-05-24,3076.82,3110.58,3067.42,1237.6000000000001,9993353,0.4995,1.0054,1240.1075,3101.73,3139.93,64.9,0.0,29.1134,Sell,1.774
JNJ,Healthcare,2021-06-07,177.11,177.32,174.83,175.36,76149986,-0.9881,-1.3224,178.03,183.31,180.35,40.6,-4.08,2.3908,Sell,-1.0053
AMZN,E-Commerce,2021-04-06,3040.29,3149.87,3025.2,1237.6000000000001,27818770,3.1319,2.8012,1240.1075,3174.86,3280.31,50.77,17.39,47.9441375,Sell,5.763225
NFLX,Entertainment,2021-05-25,471.83,472.61,468.96,470.36,10814391,-0.3116,0.0958,475.43,443.34,443.86,44.45,19.91,13.6405,Buy,-1.2954
TSLA,Automotive,2021-10-26,104.68,110.75,95.82,99.73,45946833,-4.3987125,-4.7287,99.15,115.6,128.41,52.73,-7.71,7.1825,Sell,-4.9654
TSLA,Automotive,2021-10-01,112.72,116.66,105.1,111.78,67221273,-0.8339,-4.73485,125.71,137.95,136.18,56.68,-7.41,7.5202,Sell,-0.3859
GOOGL,Technology,2021-09-29,2703.43,2713.64,2701.62,257.31500000000005,49492799,0.169,0.7898,1240.1075,2685.61,2730.45,53.07,16.72,25.5531,Buy,3.4322
GOOGL,Technology,2021-01-06,2887.61,2906.25,2866.2,1237.6000000000001,46995004,0.5292,0.699,1240.1075,2902.89,2902.89,60.45,0.0,0.01,Hold,1.1145
AAPL,Technology,2021-04-16,134.93,135.65,134.36,135.61,46894627,0.504,0.1995,139.0,149.32,151.54,45.76,0.0,6.2901,Sell,0.0039
JNJ,Healthcare,2021-01-15,167.39,167.86,164.66,165.64,19241796,-1.0455,-1.5688,169.39,165.64,165.64,66.61,0.0,2.3485,Buy,-1.1234
GOOGL,Technology,2021-09-15,2660.61,2686.21,2628.22,1237.6000000000001,33781745,-0.9005,-0.6388,1240.1075,2719.25,2767.16,41.64,-19.588749999999997,32.21,Sell,-5.8069749999999996
GOOGL,Technology,2021-07-08,2819.26,2860.13,2811.05,1237.6000000000001,74850536,1.3181,1.0993,1240.1075,2622.94,2603.24,60.12,20.84125,47.9441375,Buy,-0.7769
AAPL,Technology,2021-09-06,142.15,144.8,139.47,143.78,62534308,1.1467,0.6933,143.38,146.02,143.3,35.41,-0.44,3.1821,Sell,1.3232
AMZN,E-Commerce,2021-12-30,4091.08,4131.55,4057.85,1237.6000000000001,17582536,-0.1603,-0.0127,1240.1075,4201.78,4115.98,38.07,-19.588749999999997,47.9441375,Sell,5.763225
JNJ,Healthcare,2021-05-18,188.27,189.77,186.51,186.89,79511324,-0.733,-1.0274,188.3,182.91,176.59,48.33,2.49,1.797,Buy,-0.4833
NFLX,Entertainment,2021-12-23,534.26,539.38,531.93,538.97,39806438,0.8816,1.103,515.82,521.59,530.07,59.09,-0.68,12.6884,Sell,0.7593
JPM,Finance,2021-06-09,169.27,172.14,168.1,170.19,68618712,0.5435,0.7459,166.79,158.54,155.93,57.23,6.64,1.8844,Buy,0.6871
JNJ,Healthcare,2021-03-09,162.8,166.11,162.0,165.5,78782154,1.6585,1.7335,160.3,158.48,165.5,41.15,-1.24,4.1379,Buy,1.4577
TSLA,Automotive,2021-04-14,125.06,127.59,111.64,115.44,46422445,-4.3987125,-4.73485,130.54,160.51,166.42,64.48,-17.35,11.2955,Sell,-5.8069749999999996
AAPL,Technology,2021-03-29,152.62,153.08,147.48,149.02,29460514,-2.3588,-2.7475,153.04,153.38,155.95,50.32,1.02,2.8485,Sell,-2.1863
MSFT,Technology,2021-12-21,338.07,338.37,333.4,335.4,70070590,-0.7898,-0.6634,339.9,349.47,349.53,38.82,-6.52,2.9178,Sell,-1.0361
AMZN,E-Commerce,2021-05-06,3018.81,3085.96,3002.54,1237.6000000000001,45141914,1.2409,1.5244,1240.1075,3141.33,3157.37,62.47,-19.588749999999997,47.9441375,Sell,-2.0214
JPM,Finance,2021-05-07,153.15,154.52,150.59,151.25,64958483,-1.2406,-1.5684,154.24,151.6,143.26,63.71,2.05,2.535,Buy,-1.2168
AAPL,Technology,2021-11-01,137.27,138.9,136.06,136.27,42661003,-0.7285,-1.06,135.61,136.21,138.68,55.49,-0.32,2.6478,Sell,-0.6675
GOOGL,Technology,2021-01-26,3043.86,3044.28,3006.03,1237.6000000000001,18523528,-1.1186,-0.4966,1240.1075,3009.81,3009.81,47.12,-19.588749999999997,39.6233,Sell,-3.129
NFLX,Entertainment,2021-05-04,430.67,430.79,424.49,424.82,45405755,-1.3583,-1.4545,422.32,434.1,431.59,59.17,-8.56,6.9199,Sell,-0.0912
AAPL,Technology,2021-02-22,149.85,155.16,149.46,153.75,47913160,2.6026,1.8144,156.17,159.42,153.75,47.98,-2.67,2.4703,Sell,2.7777
JPM,Finance,,172.48,173.49,171.71,173.27,52652754,0.458,0.3475,170.83,161.27,158.22,49.1,6.06,2.6929,Buy,0.6062
TSLA,Automotive,2021-07-16,138.64,141.72,133.59,137.6,55000078,-0.7501,1.0873,120.04,87.89,86.88,39.75,20.84125,12.8891,Buy,0.23
JNJ,Healthcare,2021-09-08,135.2,136.18,133.46,134.36,64678387,-0.6213,-0.8779,136.8,144.72,152.08,49.23,-6.02,1.6363,Sell,-0.604
JPM,Finance,2021-02-26,136.7,139.59,135.22,139.32,24576106,1.9166,1.523,139.75,142.47,139.32,48.13,-1.55,3.0445,Sell,1.9141
AMZN,E-Commerce,2021-09-30,4078.4,4079.63,4038.06,1237.6000000000001,38790037,-0.6652,-1.3843,1240.1075,3938.02,3925.5,58.91,20.84125,35.6413,Buy,-5.8069749999999996
JPM,Finance,2021-12-06,248.25,252.68,248.1,250.48,42661003,0.8983,0.3847,252.98,248.5,245.37,39.21,3.09,2.6985,Buy,1.0178
TSLA,Automotive,2021-11-01,105.61,113.52,84.71,87.71,60648713,-4.3987125,-4.73485,100.97,111.78,124.08,47.0,-7.37,7.6351,Sell,-5.8069749999999996
AAPL,Technology,2021-09-27,135.41,135.62,131.69,132.8,25412656,-1.9275,-1.6369,135.95,142.55,143.39,51.91,-4.19,1.8482,Sell,-1.5155
AMZN,E-Commerce,2021-07-12,3614.01,3670.29,3597.59,1237.6000000000001,31776311,0.7413,1.0716,1240.1075,3456.5,3310.48,55.64,20.84125,30.3396,Buy,5.0317
GOOGL,Technology,2021-10-01,2717.32,2723.14,2694.61,1237.6000000000001,28526803,-0.0309,0.0133,1240.1075,2681.36,2724.4,50.49,20.84125,26.7496,Buy,-1.0273
NFLX,Entertainment,2021-06-08,477.59,485.68,472.5,472.98,36759122,-0.9653,-1.298,469.12,460.08,449.4,47.75,6.88,8.4495,Buy,0.0623
TSLA,Automotive,2021-08-04,128.3,132.9,127.91,131.87,49468332,2.7825,2.6146,117.15,112.35,95.88,33.36,4.1,8.5772,Buy,2.745
TSLA,Automotive,2021-12-01,120.15,127.78,118.48,124.21,25914885,3.3791,0.8771,120.33,104.53,108.75,51.3,5.87,11.6809,Buy,3.5162
JNJ,Healthcare,2021-09-09,134.71,136.33,132.81,135.87,39784882,0.8611,1.1238,271.57,144.11,151.4,47.41,-5.57,1.4791,Sell,0.8714
JPM,Finance,2021-10-21,238.86,239.58,235.04,235.69,62985430,-1.3271,-1.5209,240.0,236.61,233.74,52.99,2.48,1.9903,Buy,-1.3386
TSLA,Automotive,2021-10-18,115.13,118.65,99.02,104.17,61008834,-4.3987125,-4.73485,112.86,122.7,133.91,54.55,-9.08,5.496,Sell,-5.8069749999999996
JPM,Finance,2021-12-28,241.29,241.91,233.87,234.85,37649840,-2.669,-2.5923,240.65,248.67,246.53,38.37,-4.24,3.0432,Sell,-2.4589
NFLX,Entertainment,2021-05-13,442.9,453.72,441.49,448.93,13885801,1.3615,1.3363,449.12,435.41,434.81,62.43,6.02,10.0046,Buy,0.5092
GOOGL,Technology,2021-08-02,2766.94,2781.8,2697.84,1237.6000000000001,51442604,-1.7438,-1.7761,1240.1075,2782.9,2689.84,35.1,19.88,47.6778,Buy,2.0186
MSFT,Technology,2021-03-18,287.21,288.55,281.51,285.04,35945305,-0.7555,-1.1068,292.85,307.03,309.68,53.98,-10.15,4.7229,Sell,-0.3938
NFLX,Entertainment,2021-10-25,566.54,576.68,564.14,573.76,74985769,1.2744,1.7053,584.0,573.45,560.22,44.68,14.82,16.9127,Buy,2.9548
NFLX,Entertainment,2021-11-04,497.15,528.38,494.23,524.26,28663188,4.4427875,4.70215,515.27,563.51,555.92,56.87,-19.588749999999997,25.6024,Sell,4.2525
AMZN,E-Commerce,2021-03-02,3150.34,3176.13,3072.02,1237.6000000000001,12915411,-1.4249,-1.3692,1240.1075,3411.1,3105.45,43.39,-19.588749999999997,47.9441375,Sell,-4.7345
JNJ,Healthcare,2021-02-25,151.17,155.23,150.83,257.31500000000005,114210883,1.7927,2.2458,153.48,158.44,153.88,35.94,-2.22,3.4797,Sell,2.3068
TSLA,Automotive,2021-05-13,82.68,90.94,78.27,85.43,69229927,3.3261,4.70215,84.75,109.97,134.98,43.71,-15.88,6.9557,Sell,2.6963
AAPL,Technology,2021-06-10,132.21,133.38,130.2,131.68,66412299,-0.4009,-1.4224,132.84,137.13,138.53,37.04,-2.56,1.3437,Sell,-0.2569
GOOGL,Technology,2021-08-09,2767.3,2807.69,2764.27,1237.6000000000001,42445054,1.367,1.5777,1240.1075,2806.38,2719.47,54.73,-19.588749999999997,47.9441375,Sell,3.9458
JNJ,Healthcare,2021-12-28,112.81,116.09,112.59,115.67,79607478,2.5352,2.6262,113.45,116.16,116.75,39.32,-1.14,2.2502,Sell,2.4963
AMZN,E-Commerce,2021-09-20,4026.35,4083.63,4010.2,1237.6000000000001,64614277,1.1276,1.6245,1240.1075,3910.24,3878.0,45.18,14.85,47.9441375,Buy,3.8056
TSLA,Automotive,2021-04-27,104.17,118.99,101.93,111.88,64409672,4.4427875,4.70215,112.42,141.68,153.73,57.91,-19.588749999999997,6.5369,Sell,5.763225
AAPL,Technology,2021-05-06,141.55,147.24,141.53,144.82,26335810,2.3101,1.7638,139.91,142.56,146.83,58.28,-2.68,3.0494,Sell,2.3714
AMZN,E-Commerce,2021-04-02,3092.56,3128.7,3085.03,1237.6000000000001,77049163,0.9044,0.7669,1240.1075,3188.79,3296.42,41.14,20.84125,47.9441375,Sell,3.6506
JPM,Finance,2021-06-22,171.13,171.42,165.27,168.69,62827998,-1.4258,-1.3278,172.19,163.98,159.85,47.0,5.04,2.5113,Buy,-1.3365
JNJ,Healthcare,2021-12-31,116.92,118.19,115.9,116.45,9950819,-0.402,-0.1971,114.63,115.97,116.8,45.48,-1.35,2.2237,Sell,-0.6691
TSLA,Automotive,2021-11-22,99.53,104.19,81.98,90.14,16305889,-4.3987125,-4.73485,97.64,101.76,109.89,42.31,-1.76,6.5387,Sell,-5.8069749999999996
GOOGL,Technology,2021-11-30,2651.99,2673.22,2646.7,1237.6000000000001,7882268,0.0019,-0.1788,1240.1075,2694.7,2700.41,54.04,-19.588749999999997,28.3304,Sell,-5.8069749999999996
MSFT,Technology,2021-11-23,353.32,357.1,350.68,356.44,47753511,0.8831,0.3519,352.4,350.33,346.3,44.91,0.71,5.3127,Buy,0.6345
NFLX,Entertainment,2021-01-29,439.82,443.82,427.18,435.41,46329809,-1.0027,-2.3482,444.85,435.41,435.41,38.73,18.83,10.8532,Buy,-1.3789
AAPL,Technology,2021-01-18,160.96,164.46,157.55,162.54,77959349,0.9816,1.2647,160.86,162.54,162.54,30.38,-5.98,5.022,Sell,1.197
GOOGL,Technology,2021-07-09,2844.59,2873.85,2833.65,1237.6000000000001,57469775,0.3621,-0.0536,1240.1075,2636.74,2607.13,79.89,20.84125,47.9441375,Hold,0.8076
GOOGL,Technology,2021-02-03,3180.66,3188.75,3104.31,1237.6000000000001,18193487,-1.5751,-1.5222,1240.1075,3130.56,3130.56,58.59,-19.588749999999997,47.9441375,Sell,-3.001
MSFT,Technology,2021-02-02,326.44,327.13,324.4,324.49,34169214,-0.5974,-0.1016,319.28,324.49,324.49,75.21,-8.61,5.9856,Sell,-0.4989
MSFT,Technology,2021-07-27,311.07,314.6,304.99,305.56,40451473,-1.7713,-1.7239,301.83,287.94,283.95,53.09,6.85,8.9953,Buy,-1.644
NFLX,Entertainment,2021-07-09,457.0,462.78,440.66,444.19,19804042,-2.8031,-3.2329,462.04,471.88,468.14,41.43,-1.23,15.1937,Sell,-3.1945
JNJ,Healthcare,2021-06-01,182.39,182.57,177.9,178.31,14277345,-2.237,-2.0275,271.57,184.14,179.5,36.59,-1.98,2.4585,Sell,-2.4941
NFLX,Entertainment,2021-07-23,451.42,472.22,450.16,465.77,7643481,3.1789,3.4746,448.55,462.84,466.91,46.15,-17.07,14.4847,Sell,2.2057
TSLA,Automotive,2021-08-25,160.12,172.53,151.74,165.06,42068676,3.0852,4.70215,158.32,135.31,117.92,63.18,15.73,6.5651,Buy,3.2033
JPM,Finance,2021-01-05,165.22,166.55,161.66,162.94,29435507,-1.38,-0.5007,162.94,162.94,162.94,56.46,0.0,0.01,Hold,-1.439
JNJ,Healthcare,2021-12-02,117.55,118.33,115.54,116.39,32244113,-0.9868,-0.5724,115.98,117.27,118.38,64.35,-0.74,1.9474,Sell,-1.151
TSLA,Automotive,2021-08-24,153.25,160.05,151.07,157.55,48594096,2.8059,1.2207,156.54,134.06,115.66,61.32,14.48,9.2945,Buy,2.1635
AMZN,E-Commerce,2021-04-07,3149.16,3184.97,3141.46,1237.6000000000001,72257757,0.8945,1.3338,1240.1075,3172.39,3274.74,53.14,7.85,47.9441375,Sell,-4.7772
NFLX,Entertainment,2021-09-29,554.46,569.32,549.55,566.96,52647750,2.2544,2.3837,561.29,546.55,537.28,51.96,10.86,7.2164,Buy,2.4252
AAPL,Technology,2021-08-12,142.6,145.84,141.57,144.73,52369860,1.4937,1.2806,146.65,142.13,138.06,59.14,2.34,2.6785,Buy,1.6536
AMZN,E-Commerce,2021-06-08,3302.23,3325.47,3298.24,1237.6000000000001,38587509,0.1923,0.0218,1240.1075,3134.95,3146.35,49.19,20.84125,47.9441375,Buy,2.6251
JPM,Finance,2021-09-13,226.73,229.88,225.95,229.14,8140959,1.0629,0.681,230.37,227.81,217.23,29.44,1.91,2.3228,Buy,1.1609
AAPL,Technology,2021-12-28,143.87,144.6,140.71,142.26,66582626,-1.1191,-0.8434,142.59,137.16,137.91,66.06,3.24,2.5449,Buy,-1.2383
GOOGL,Technology,2021-04-15,2756.53,2759.33,2671.85,1237.6000000000001,57803859,-2.9871,-3.0209,1240.1075,2907.3,2991.28,22.0,-19.588749999999997,47.9441375,Hold,0.0097
AMZN,E-Commerce,2021-12-27,4147.77,4210.52,4145.64,1237.6000000000001,32326367,1.1013,1.1255,1240.1075,4180.75,4105.49,44.09,18.64,47.9441375,Buy,5.763225
GOOGL,Technology,2021-12-23,2676.99,2691.2,2664.63,1237.6000000000001,75580831,-0.084,0.1873,1240.1075,2684.19,2697.43,47.85,0.0,12.182,Sell,-0.1862
NFLX,Entertainment,2021-03-03,425.41,441.64,415.99,433.75,65417783,1.9605,2.5583,424.74,429.25,433.75,49.16,1.2,7.3277,Sell,2.2533
AMZN,E-Commerce,2021-11-23,4082.88,4147.31,4064.66,1237.6000000000001,24349595,1.2611,1.1628,1240.1075,3987.92,4010.9,65.27,1.52,47.9441375,Sell,-4.6847
TSLA,Automotive,2021-12-13,119.8,122.7,111.43,115.47,44352022,-3.6144,-2.3014,115.78,109.15,107.75,45.54,9.77,6.6938,Buy,-3.3636
JNJ,Healthcare,2021-06-03,175.89,176.71,174.46,175.75,61485620,-0.0796,-0.2441,179.39,183.8,179.87,42.22,-3.24,2.1504,Sell,0.0648
TSLA,Automotive,2021-12-02,123.99,128.46,120.58,127.65,17937872,2.9519,2.7695,122.8,105.69,108.68,51.31,8.04,12.2555,Buy,3.0788
MSFT,Technology,2021-10-12,342.03,347.96,340.02,345.42,23142902,0.9911,1.2398,344.85,340.74,341.03,58.99,1.96,2.8317,Buy,1.3095
MSFT,Technology,2021-08-12,342.43,344.26,342.01,343.11,42661003,0.1986,0.9058,334.7,304.82,296.48,67.54,17.11,9.9509,Buy,-0.0319
JPM,Finance,2021-10-19,242.26,244.07,237.49,239.54,9524534,-1.1228,-0.9101,241.3,236.31,233.15,51.0,3.3,2.1723,Buy,-1.0892
MSFT,Technology,2021-04-22,287.64,290.49,285.34,290.13,69712341,0.8657,0.2696,295.24,301.74,303.53,31.38,-0.16,9.2809,Sell,0.4929
GOOGL,Technology,2021-12-31,2750.14,2812.72,2742.26,1237.6000000000001,14643836,0.7094,0.7292,1240.1075,2699.43,2701.12,49.49,10.11,32.8581,Buy,-0.2534
AAPL,Technology,2021-02-02,160.79,162.21,158.54,161.98,70154745,0.7401,0.7338,162.55,161.98,161.98,39.75,-0.06,1.5983,Buy,0.5317
GOOGL,Technology,2021-05-14,2568.96,2662.02,2563.23,1237.6000000000001,77236375,2.3157,1.7029,1240.1075,2691.71,2796.44,50.49,-19.588749999999997,45.5888,Sell,0.0551
MSFT,Technology,2021-11-24,357.99,359.91,353.99,358.14,42661003,0.0419,0.4769,354.69,350.86,346.61,46.23,0.81,5.6504,Buy,0.1007
NFLX,Entertainment,2021-01-12,495.33,497.5,488.6,490.35,41707307,-1.0054,-1.4114,512.93,490.35,490.35,41.34,0.0,0.01,Buy,0.0511
JNJ,Healthcare,2021-02-24,151.17,152.42,150.01,150.5,64945543,-0.4432,-0.6535,154.08,158.92,150.5,28.54,-1.83,3.7044,Hold,-0.3515
GOOGL,Technology,2021-04-22,2733.58,2735.18,2681.13,1237.6000000000001,66926010,-1.5507,-2.2079,1240.1075,2865.22,2950.76,32.15,-19.588749999999997,36.7426,Sell,-3.2377
GOOGL,Technology,2021-08-27,2730.93,2734.62,2654.19,1237.6000000000001,41025558,-2.6654,-3.0202,1240.1075,2792.69,2774.34,56.53,1.29,47.9441375,Sell,4.0754
GOOGL,Technology,2021-10-26,2667.11,2724.41,2665.94,1237.6000000000001,41574822,1.2699,1.2092,1240.1075,2701.07,2696.9,42.2,8.1,42.7943,Sell,0.6154
AAPL,Technology,2021-11-02,136.83,139.41,136.49,138.4,49286174,1.1474,1.5631,136.61,136.32,138.44,57.66,-0.45,2.7627,Buy,1.0036
AMZN,E-Commerce,2021-06-30,3536.73,3645.07,3498.14,1237.6000000000001,54531926,1.8475,1.4425,1240.1075,3342.19,3233.61,63.32,20.84125,47.9441375,Buy,4.9406
MSFT,Technology,2021-09-15,335.92,345.46,333.64,343.09,41197841,2.1344,2.0403,340.83,342.07,325.6,51.26,-2.04,4.3078,Sell,2.1745
JNJ,Healthcare,2021-07-07,167.57,167.92,166.68,166.86,21834512,-0.4237,-0.7731,168.42,176.09,179.67,39.73,-3.42,3.3476,Sell,-0.0281
AMZN,E-Commerce,2021-11-17,3911.19,3928.98,3869.9,1237.6000000000001,5123239,-0.2104,-0.1586,1240.1075,3988.34,3997.93,55.82,20.84125,47.9441375,Sell,-1.3204
AMZN,E-Commerce,2021-09-02,3825.78,3868.84,3825.25,1237.6000000000001,55233745,0.9797,0.9844,1240.1075,3895.09,3793.61,50.86,-19.588749999999997,38.5918,Sell,0.1682
AAPL,Technology,2021-05-12,139.95,140.03,135.5,136.75,38389303,-2.2865,-2.8557,141.42,141.18,145.78,35.49,0.3,2.6145,Buy,-2.3385
MSFT,Technology,2021-02-08,322.87,325.36,320.6,324.27,42185312,0.4336,0.1637,326.28,324.27,324.27,55.2,9.83,5.9624,Buy,-0.0684
MSFT,Technology,2021-03-10,295.93,298.44,291.58,293.2,8165731,-0.9225,-1.1063,295.34,313.74,293.2,58.54,-11.9,4.758,Sell,-1.1577
JNJ,Healthcare,2021-09-06,136.94,139.82,136.73,138.1,46683840,0.8471,1.6488,137.66,146.34,153.48,52.27,-6.32,1.4677,Sell,0.7368
NFLX,Entertainment,2021-01-06,524.77,532.6,521.52,529.77,24650064,0.9528,0.9894,529.77,529.77,529.77,44.48,0.0,0.01,Hold,2.2152
TSLA,Automotive,2021-09-02,148.31,157.49,144.6,151.17,75502062,1.9284,0.7733,152.05,139.23,127.8,43.65,11.91,6.7918,Buy,2.6345
JNJ,Healthcare,2021-08-17,147.3,147.95,146.8,147.59,10841928,0.1969,-0.5592,148.22,156.94,164.43,43.13,-4.62,2.5752,Sell,0.3753
AMZN,E-Commerce,2021-10-27,3924.21,4011.2,3921.79,1237.6000000000001,36442105,1.9928,1.1501,1240.1075,4013.9,3959.3,47.84,-19.588749999999997,34.0699,Sell,-0.4884
NFLX,Entertainment,2021-08-04,528.46,533.14,523.72,528.52,26330408,0.0114,0.5957,515.96,472.68,472.72,67.51,20.84125,24.5657,Buy,1.0717
AAPL,Technology,2021-08-04,144.81,148.47,143.88,148.42,56154079,2.4929,3.0122,144.27,139.79,136.64,77.26,2.63,1.68,Hold,2.7855
MSFT,Technology,2021-03-19,285.51,291.47,284.47,287.14,18440342,0.5709,0.7367,291.98,305.81,309.59,52.07,-9.23,5.1367,Sell,0.5309
JNJ,Healthcare,2021-04-21,180.66,182.0,180.43,181.13,77607347,0.2602,0.6222,180.35,171.08,165.72,63.66,5.32,3.0204,Buy,0.0083
NFLX,Entertainment,2021-10-22,580.99,589.3,559.94,564.14,25922977,-2.9002,-2.4991,590.12,572.61,559.68,44.28,16.81,15.835,Buy,-0.8199
AMZN,E-Commerce,2021-01-11,3503.61,3510.61,3480.53,1237.6000000000001,29894706,-0.0665,-0.4645,1240.1075,3501.28,3501.28,31.17,0.0,0.01,Buy,2.951
TSLA,Automotive,2021-03-24,160.41,172.23,152.65,172.14,45683866,4.4427875,4.70215,170.64,172.31,165.9,40.42,3.26,7.693,Sell,5.763225
NFLX,Entertainment,2021-08-20,533.63,544.21,527.82,538.89,64252514,0.9857,0.7271,542.21,501.41,490.22,58.79,20.84125,6.9397,Buy,1.5565
TSLA,Automotive,2021-09-13,127.18,128.13,116.04,121.54,64035652,-4.3987125,-4.73485,140.24,144.84,134.5,29.43,-3.86,9.7931,Hold,-4.4533
MSFT,Technology,2021-08-25,345.92,353.62,344.13,351.74,18867658,1.6825,1.7089,347.51,324.29,307.88,44.93,15.67,3.9257,Buy,1.6569
MSFT,Technology,2021-12-20,341.72,343.36,336.38,337.64,65271041,-1.194,-1.442,341.03,350.17,349.73,37.22,-5.25,3.8465,Sell,-1.2098
JNJ,Healthcare,2021-01-28,157.16,162.72,157.0,161.66,57893879,2.8633,2.3877,157.69,161.66,161.66,47.63,-0.61,3.4888,Sell,2.921
MSFT,Technology,2021-11-01,353.03,353.78,345.53,347.38,76855516,-1.6004,-2.2071,351.97,343.76,343.06,51.76,3.3,4.9859,Buy,-1.5454
GOOGL,Technology,2021-11-15,2717.24,2726.99,2677.04,1237.6000000000001,42572204,-1.2965,-2.2983,1240.1075,2714.79,2702.19,40.65,4.23,34.647,Buy,2.0819
JPM,Finance,2021-03-24,125.46,132.84,125.37,132.4,32650802,4.4427875,4.2602,127.7,134.52,138.05,52.37,-5.23,2.1959,Sell,5.763225
TSLA,Automotive,2021-02-23,170.0,173.86,169.74,169.75,42973086,-0.1471,0.0177,172.24,162.95,169.75,53.61,19.77,9.468,Buy,-0.1747
MSFT,Technology,2021-04-16,302.58,303.37,295.85,296.61,11603545,-1.973,-2.1864,308.0,302.46,306.31,42.31,6.44,5.9907,Buy,-1.6811
AMZN,E-Commerce,2021-01-27,3483.46,3545.22,3449.62,1237.6000000000001,30126573,-0.7929,-0.9072,1240.1075,3455.84,3455.84,59.06,20.84125,45.5975,Buy,-2.9357
GOOGL,Technology,2021-12-20,2675.18,2707.47,2657.15,1237.6000000000001,23338132,1.0867,1.0425,1240.1075,2689.82,2700.24,51.49,15.87,26.7085,Sell,5.763225
TSLA,Automotive,2021-06-07,73.85,77.43,72.93,74.55,56250679,0.9479,-2.7651,80.39,87.54,104.56,42.96,-1.17,4.7048,Sell,0.0757
JPM,Finance,2021-04-21,152.16,158.36,151.23,155.21,48744066,2.0045,2.5436,151.93,141.34,139.9,68.89,8.34,2.1984,Buy,2.0649
JNJ,Healthcare,2021-08-06,152.24,153.69,151.47,152.05,66039266,-0.1248,0.2043,154.36,161.81,168.48,45.48,-3.38,3.3861,Sell,0.0456
JNJ,Healthcare,2021-06-09,175.09,176.44,174.58,174.81,19932267,-0.1599,0.0,176.13,182.61,180.63,50.19,-4.46,2.7169,Sell,-0.3159
MSFT,Technology,2021-05-31,268.54,272.05,266.68,271.61,59883962,1.1432,1.1508,272.33,279.77,290.77,58.27,-4.8,4.1981,Sell,1.2511
AMZN,E-Commerce,2021-01-12,3481.53,3529.95,3457.07,1237.6000000000001,68407934,0.5584,-0.0089,1240.1075,3500.97,3500.97,55.09,0.0,0.01,Buy,-3.9601
AAPL,Technology,2021-06-14,131.3,131.77,126.77,127.25,49639047,-3.0845,-2.8552,131.54,136.44,137.6,38.09,-2.86,1.8458,Sell,-2.5768
NFLX,Entertainment,2021-09-28,548.71,561.24,548.48,553.76,40086359,0.9203,0.605,558.78,545.93,535.07,51.37,9.91,7.2183,Buy,1.1186
TSLA,Automotive,2021-11-03,94.95,109.41,89.29,109.4,49099006,4.4427875,4.70215,101.81,110.07,121.65,51.51,-6.36,8.393,Sell,5.763225
JNJ,Healthcare,2021-03-10,165.73,168.42,165.65,167.3,61987749,0.9473,1.0876,161.7,158.79,167.3,37.0,0.12,4.111,Buy,0.7632
MSFT,Technology,2021-02-23,318.76,320.12,312.3,312.51,20487071,-1.9607,-1.9976,316.64,318.21,312.51,25.66,0.46,4.4171,Hold,-1.8029
AMZN,E-Commerce,2021-03-09,3118.91,3134.79,3091.79,1237.6000000000001,17394640,0.4088,0.582,1240.1075,3338.61,3131.66,49.15,-19.588749999999997,47.9441375,Sell,-1.9875
AAPL,Technology,2021-06-17,128.29,130.3,127.74,130.04,30544638,1.3641,1.1276,129.35,134.93,136.36,53.45,-3.21,2.9972,Sell,1.5176
TSLA,Automotive,2021-07-08,106.71,109.72,93.53,101.16,12814016,-4.3987125,-4.73485,103.54,79.53,82.86,42.93,15.09,12.5607,Buy,-4.7966
JNJ,Healthcare,2021-12-27,113.46,113.5,112.5,112.71,78186111,-0.661,0.2847,113.51,116.27,116.75,32.8,-1.06,2.2692,Sell,-0.6331
TSLA,Automotive,2021-06-09,72.89,74.49,69.78,70.71,46718305,-2.9908,-2.469,77.1,85.09,100.81,48.95,-3.2,5.4866,Sell,-1.6657
GOOGL,Technology,2021-06-02,2482.02,2498.9,2473.62,1237.6000000000001,55983311,0.5858,0.9874,1240.1075,2579.37,2687.51,50.49,-19.588749999999997,41.1011,Sell,-1.9567
GOOGL,Technology,2021-01-12,2927.98,2989.37,2915.22,1237.6000000000001,75932891,1.6909,1.684,1240.1075,2977.49,2977.49,67.5,0.0,0.01,Sell,-0.4127
TSLA,Automotive,2021-07-07,104.96,112.72,103.66,110.86,49684629,4.4427875,3.0202,102.55,79.06,82.63,44.1,12.81,13.0279,Buy,5.0264
AMZN,E-Commerce,2021-08-03,3860.5,3872.96,3801.91,1237.6000000000001,36062931,-1.4076,-0.9898,1240.1075,3684.33,3553.07,52.12,20.84125,30.6173,Buy,1.0137
AMZN,E-Commerce,2021-02-25,3241.62,3259.35,3199.99,1237.6000000000001,61921689,-0.4815,-0.7806,1240.1075,3452.9,3226.01,35.15,-19.588749999999997,47.9441375,Sell,-0.9006
AMZN,E-Commerce,2021-04-28,3158.97,3168.68,3049.3,1237.6000000000001,76477313,-1.9943,-2.4304,1240.1075,3187.67,3185.9,64.61,-0.89,47.9441375,Sell,-4.7436
AAPL,Technology,2021-03-08,152.28,152.9,147.94,148.54,42661003,-2.456,-2.4624,152.6,156.43,148.54,48.39,-2.98,2.2955,Sell,-2.7542
NFLX,Entertainment,2021-04-07,452.54,462.75,437.75,442.28,39303288,-2.2672,-2.5836,445.72,434.82,431.24,55.94,11.77,8.9459,Buy,-1.8675
JNJ,Healthcare,2021-04-06,171.97,172.31,169.09,169.95,25874073,-1.1746,-1.2837,167.99,164.12,161.93,65.73,1.58,2.2954,Buy,-1.1714
AMZN,E-Commerce,2021-10-20,3966.9,3971.8,3929.06,1237.6000000000001,56848387,-0.4729,-0.234,1240.1075,4004.59,3960.34,43.41,-18.55,47.6504,Sell,3.8656
AMZN,E-Commerce,2021-05-12,3033.91,3100.4,3018.1,1237.6000000000001,14231713,2.0647,2.5833,1240.1075,3121.55,3149.47,58.98,-19.588749999999997,38.7434,Sell,3.2178
TSLA,Automotive,2021-12-20,110.18,114.17,103.14,103.31,39550264,-4.3987125,-4.73485,109.86,109.69,107.37,35.86,0.33,4.3656,Buy,-5.8069749999999996
MSFT,Technology,2021-09-03,341.38,347.27,339.26,347.04,31211884,1.658,1.9626,341.63,334.77,316.13,50.49,6.07,4.6766,Buy,1.3401
MSFT,Technology,2021-04-27,289.72,291.58,289.7,289.82,48145756,0.0345,0.8631,289.29,300.89,301.73,34.42,-6.92,6.6842,Sell,-0.3148
AAPL,Technology,2021-01-07,149.8,156.6,149.55,155.62,36207734,3.8852,3.6637,155.62,155.62,155.62,62.14,0.0,0.01,Hold,3.3632
JNJ,Healthcare,,155.33,157.1,155.26,156.51,35997317,0.7597,1.1112,158.62,165.07,170.61,45.81,-4.2,3.2032,Sell,0.8759
JNJ,Healthcare,2021-02-02,162.65,164.65,161.44,164.35,9693043,1.0452,0.7726,160.03,164.35,164.35,55.15,-4.52,2.9709,Sell,0.8025
JNJ,Healthcare,2021-04-29,184.49,184.65,182.6,183.65,23282145,-0.4553,-0.3473,183.47,174.51,168.77,69.71,6.36,2.1624,Buy,-0.4399
GOOGL,Technology,2021-01-05,2813.87,2918.6,2798.16,1237.6000000000001,57679032,2.4475,2.5441,1240.1075,2882.74,2882.74,47.63,0.0,0.01,Hold,0.184
JPM,Finance,2021-09-03,232.22,233.56,230.21,230.97,42893998,-0.5383,-0.8542,230.22,224.99,211.5,44.57,3.98,2.6734,Buy,-0.9137
JNJ,Healthcare,2021-10-14,116.39,117.72,114.06,114.21,68453604,-1.873,-2.2342,118.3,126.36,133.2,30.07,-4.16,3.195,Sell,-2.5268
GOOGL,Technology,2021-09-14,2644.86,2671.84,2608.68,1237.6000000000001,5092690,0.3305,-0.02,271.57,2721.45,2770.93,42.76,-19.588749999999997,33.0225,Sell,-4.9641
AMZN,E-Commerce,2021-11-04,4028.46,4102.46,4024.27,1237.6000000000001,8056885,1.6609,1.7883,1240.1075,4013.61,3979.97,56.57,-16.6,47.9441375,Buy,3.8899
MSFT,Technology,2021-02-17,312.71,315.77,311.58,315.59,21991292,0.921,0.6474,320.73,315.5,315.59,35.32,5.18,5.5753,Buy,0.9442
AMZN,E-Commerce,2021-03-18,3218.85,3241.16,3214.45,1237.6000000000001,76957965,0.3253,0.4679,1240.1075,3274.67,3366.96,38.8,-19.588749999999997,44.3875,Sell,-5.2889
JNJ,Healthcare,2021-08-12,146.85,150.84,144.93,149.78,73674660,1.9952,1.6353,150.18,158.86,166.08,36.99,-5.06,3.5793,Sell,1.8851
GOOGL,Technology,2021-03-03,3128.95,3147.74,3087.26,1237.6000000000001,38670223,-0.9959,-0.609,1240.1075,3089.43,3097.79,54.79,18.2,28.2426,Buy,0.086
NFLX,Entertainment,2021-03-26,451.92,457.24,439.94,440.86,5060990,-2.4473,-1.653,447.69,429.67,432.15,59.66,5.93,15.3815,Buy,-2.309
JPM,Finance,2021-12-09,249.69,251.96,248.02,249.01,79943475,-0.2723,-0.008,251.08,248.97,245.76,34.98,0.91,2.7387,Buy,-0.0491
GOOGL,Technology,2021-03-16,2920.92,2937.21,2857.9,1237.6000000000001,47138874,-1.9658,-2.0724,1240.1075,3069.38,3033.4,35.77,-19.588749999999997,47.9441375,Sell,-2.8516
AAPL,Technology,2021-07-29,140.94,144.44,140.46,257.31500000000005,45372673,1.9512,1.4258,143.09,138.08,136.28,67.42,2.83,2.2503,Buy,2.2592
MSFT,Technology,2021-05-27,271.03,272.79,268.21,269.06,15412172,-0.7269,-0.052,274.66,281.38,291.46,53.94,0.0,4.0532,Sell,-0.3879
MSFT,Technology,2021-08-26,351.8,352.76,346.82,348.22,37163113,-1.0176,-1.0007,348.58,326.23,309.29,43.25,14.77,3.7776,Buy,-0.6669
TSLA,Automotive,2021-03-16,173.46,177.31,169.61,257.31500000000005,66281349,1.7872,0.1816,179.79,174.74,168.66,41.65,0.49,7.6831,Buy,1.9059
AAPL,Technology,,150.38,152.62,149.64,152.51,15151680,1.4164,1.0937,150.93,154.82,156.62,47.85,-1.74,2.063,Sell,1.6766
JPM,Finance,2021-08-11,223.88,224.38,220.82,222.19,15002020,-0.7549,-1.1786,223.63,204.77,191.67,65.29,13.2,2.489,Buy,-0.6803
TSLA,Automotive,2021-10-14,113.78,120.92,97.61,106.21,63111949,-4.3987125,-4.73485,112.38,125.45,134.79,54.15,-9.45,5.0774,Sell,-5.8069749999999996
AMZN,E-Commerce,2021-03-12,3170.12,3188.78,3105.63,1237.6000000000001,7331792,-1.3009,-1.0618,1240.1075,3308.15,3391.8,43.93,-19.588749999999997,37.8491,Sell,-4.8584
NFLX,Entertainment,2021-04-13,438.57,445.28,430.93,434.92,49970278,-0.8323,-0.6079,446.49,437.11,431.68,57.94,5.44,9.9247,Buy,-1.4138
MSFT,Technology,2021-04-12,308.28,310.63,306.62,307.33,20359933,-0.3082,-1.1769,313.15,301.05,308.15,44.64,8.59,3.576,Buy,-0.03
MSFT,Technology,2021-06-22,283.27,283.44,275.35,277.94,45159155,-1.8816,-1.6037,280.64,276.91,281.65,58.23,4.61,5.521,Buy,-1.2426
GOOGL,Technology,2021-10-21,2685.89,2721.77,2658.83,1237.6000000000001,42661003,0.5663,-0.0329,1240.1075,2702.05,2706.18,47.94,7.55,31.7239,Buy,-5.0396
AMZN,E-Commerce,2021-09-22,4105.06,4125.69,4027.88,1237.6000000000001,74385018,-1.0356,-1.0864,1240.1075,3916.66,3895.01,47.78,20.84125,47.9441375,Buy,1.2997
TSLA,Automotive,2021-07-05,99.73,108.3,99.65,102.65,23182134,2.9279,4.70215,92.34,77.57,82.59,43.19,6.96,13.9333,Buy,3.7511
GOOGL,Technology,2021-07-14,2903.35,2924.93,2894.22,1237.6000000000001,20298594,0.5311,0.5124,1240.1075,2680.94,2622.45,64.34,20.84125,47.9441375,Buy,-0.6895
GOOGL,Technology,2021-12-17,2673.93,2676.35,2641.05,1237.6000000000001,63213212,0.0905,0.3043,1240.1075,2692.32,2700.5,53.49,14.07,27.0088,Sell,-1.1788
GOOGL,Technology,2021-03-25,2982.47,3007.06,2934.12,1237.6000000000001,8365739,-0.6599,-0.7879,1240.1075,3027.16,3030.36,36.52,-19.588749999999997,45.4321,Sell,-5.8069749999999996
AAPL,Technology,2021-01-28,160.76,163.96,160.13,162.29,78564857,0.9517,0.7887,161.98,162.29,162.29,47.98,-0.82,1.6186,Sell,0.4032
TSLA,Automotive,2021-08-17,150.82,162.04,145.86,157.37,49877653,4.3429,3.1191,142.92,126.19,106.49,57.25,6.75,10.6776,Buy,4.2689
AAPL,Technology,2021-02-19,154.67,156.96,148.1,151.01,13707327,-2.3663,-2.2336,156.55,159.73,151.01,43.05,-2.57,2.3583,Sell,-2.1594
AMZN,E-Commerce,2021-06-17,3446.28,3482.35,3407.4,1237.6000000000001,67850966,0.1021,0.293,1240.1075,3219.22,3185.81,47.15,20.84125,47.9441375,Buy,-5.8069749999999996
JNJ,Healthcare,2021-07-23,160.59,164.75,160.18,163.95,14841631,2.0923,2.4495,159.78,169.69,173.82,42.89,-6.27,2.4723,Sell,2.1487
AMZN,E-Commerce,2021-03-04,3071.58,3083.29,3010.44,1237.6000000000001,50448287,-1.4615,-1.8704,1240.1075,3377.2,3026.69,23.09,-19.588749999999997,47.9441375,Hold,-2.4746
JNJ,Healthcare,2021-08-24,142.09,143.92,137.64,139.35,38043584,-1.9284,-1.5264,144.9,153.19,161.01,44.2,-6.07,3.1717,Sell,-1.8629
GOOGL,Technology,2021-07-26,2859.86,2874.07,2830.11,1237.6000000000001,69737283,-0.0161,-0.4477,1240.1075,2753.09,2666.37,60.44,20.84125,27.3373,Buy,-0.581
AMZN,E-Commerce,2021-07-13,3643.47,3651.25,3600.05,1237.6000000000001,70728723,-0.6637,-0.5908,1240.1075,3465.63,3322.58,60.93,20.84125,30.1908,Buy,4.5242
TSLA,Automotive,2021-11-29,116.97,136.03,114.96,128.34,79499204,4.4427875,4.70215,112.02,103.03,108.85,46.5,2.47,12.147,Buy,5.763225
JPM,Finance,2021-07-15,194.6,197.58,192.84,194.39,56386113,-0.1079,0.4911,188.42,177.66,169.69,66.18,7.44,3.9302,Buy,-0.1307
JNJ,Healthcare,2021-12-24,111.18,112.63,109.48,112.39,31707772,1.0883,1.4808,114.19,116.49,116.76,41.03,-0.74,2.1968,Sell,1.1889
MSFT,Technology,2021-01-27,311.52,317.06,309.02,316.52,25205923,1.605,1.4617,312.05,316.52,316.52,66.45,-5.77,2.5047,Sell,1.4073
MSFT,Technology,2021-08-06,330.64,335.06,326.64,330.87,17500177,0.0696,-0.6784,321.78,298.04,291.35,67.76,16.37,8.9609,Buy,-0.0231
AAPL,Technology,2021-12-10,132.84,133.29,131.91,132.43,29746601,-0.3086,-0.5781,131.99,138.01,137.34,44.9,-4.93,1.5334,Sell,-0.0452
NFLX,Entertainment,2021-06-07,472.43,479.45,471.01,479.2,17590990,1.433,2.0421,469.06,458.1,448.77,41.44,8.98,8.4821,Buy,0.0891
MSFT,Technology,2021-04-28,290.0,291.22,284.97,286.87,43942709,-1.0793,-1.0179,288.6,300.85,301.16,39.75,-8.12,4.8104,Sell,-1.2856
AMZN,E-Commerce,2021-01-04,3506.29,3539.95,3501.55,1237.6000000000001,74269740,0.9249,1.1647,1240.1075,3538.72,3538.72,56.47,0.0,0.01,Hold,5.5484
JNJ,Healthcare,2021-05-27,180.2,183.08,179.8,181.78,73987959,0.8768,0.5365,181.73,184.12,178.68,38.38,-0.47,3.4721,Sell,0.6284
GOOGL,Technology,2021-11-17,2647.36,2648.62,2613.88,1237.6000000000001,13676950,-0.1273,-0.1265,271.57,2709.87,2703.21,45.25,-0.76,44.5648,Sell,-1.368
AAPL,Technology,2021-08-05,149.25,153.34,148.53,151.32,44001056,1.3869,1.9539,145.21,140.31,136.92,76.48,3.11,2.6876,Hold,1.2408
JPM,Finance,2021-05-17,148.82,151.05,144.65,147.53,27568835,-0.8668,-0.8135,150.81,152.77,145.19,41.68,-0.88,2.5475,Sell,-0.7913
AMZN,E-Commerce,2021-09-08,3897.14,3909.03,3806.82,1237.6000000000001,29449641,-1.6689,-1.7123,1240.1075,3894.23,3822.39,48.01,-19.588749999999997,33.6862,Sell,-4.2454
JPM,Finance,2021-06-18,177.66,178.43,174.0,174.72,59733155,-1.6548,-1.1541,172.6,162.82,159.24,51.4,6.0,2.8217,Buy,-2.0693
AMZN,E-Commerce,2021-04-09,3212.52,3234.26,3111.41,1237.6000000000001,59041990,-1.9284,-1.8205,1240.1075,3170.17,3263.88,48.3,-16.95,47.9441375,Sell,-5.8069749999999996
NFLX,Entertainment,2021-01-11,510.75,511.76,496.6,497.37,25744328,-2.6197,-2.3098,516.6,497.37,497.37,30.0,0.0,0.01,Buy,-2.8517
TSLA,Automotive,2021-05-26,90.24,93.57,82.3,83.66,64671620,-4.3987125,-4.73485,89.93,96.23,118.58,57.86,-6.11,5.4294,Sell,-5.8069749999999996
TSLA,Automotive,2021-08-18,158.59,161.44,153.77,155.63,12128941,-1.8664,-1.1057,145.81,127.68,108.19,62.88,8.63,11.5509,Buy,-1.646
JNJ,Healthcare,2021-04-23,182.63,186.31,182.36,185.11,78198542,1.3579,2.2425,181.12,172.26,166.67,67.29,0.0,1.8809,Buy,1.3267
TSLA,Automotive,2021-03-09,183.08,191.02,181.19,189.6,76399171,3.5613,4.4053,174.29,167.7,189.6,36.49,-4.08,11.3886,Buy,4.3715
TSLA,Automotive,2021-03-03,179.06,181.9,169.09,172.25,63144055,-3.8032,-3.3552,165.34,162.28,172.25,34.4,1.54,8.4283,Buy,-3.4091
AAPL,Technology,2021-01-26,163.55,164.05,163.0,163.65,54384036,0.0611,0.1959,161.73,163.65,163.65,57.18,-1.91,1.6868,Sell,0.0242
AAPL,Technology,2021-06-29,132.4,134.98,130.44,134.57,59856526,1.639,2.7958,133.46,133.53,135.47,51.42,-1.74,2.5402,Sell,1.7229
NFLX,Entertainment,2021-03-01,426.71,430.96,411.67,257.31500000000005,67375049,-2.8966,-3.5521,426.13,431.38,414.35,43.65,-2.91,6.9953,Sell,-2.1989
MSFT,Technology,2021-11-26,355.38,364.69,354.88,360.04,26382168,1.3113,1.1604,357.1,351.82,347.28,43.21,0.19,5.4995,Buy,1.0489
AMZN,E-Commerce,2021-07-22,3848.13,3849.54,3819.04,1237.6000000000001,10321186,-0.4168,-0.6721,1240.1075,3568.85,3426.86,60.88,20.84125,47.9441375,Buy,-0.9911
AMZN,E-Commerce,2021-10-05,4057.13,4120.2,4046.35,1237.6000000000001,34628308,0.9906,1.026,1240.1075,3961.83,3936.55,61.24,20.84125,30.0659,Buy,-5.8069749999999996
AAPL,Technology,2021-12-21,140.05,143.46,138.84,142.34,49456000,1.6351,2.8171,271.57,136.82,137.31,61.76,-1.31,4.1857,Buy,1.9306
AAPL,Technology,2021-09-24,138.54,139.26,134.59,135.01,69229513,-2.548,-3.1909,136.39,143.03,143.52,50.6,-3.84,2.0859,Sell,-2.8449
MSFT,Technology,2021-05-14,269.3,271.09,268.57,270.91,71669111,0.5978,0.83,274.89,292.41,294.94,37.19,-8.83,8.4561,Sell,0.7016
AMZN,E-Commerce,2021-10-21,3926.4,3979.6,3886.5,1237.6000000000001,52199644,-0.6309,-1.178,1240.1075,4009.75,3958.92,43.92,-19.588749999999997,39.0255,Sell,2.2164
TSLA,Automotive,2021-09-07,142.92,151.57,142.89,150.02,76014481,4.4427875,4.1878,148.4,141.9,131.96,39.3,5.59,6.4334,Buy,4.5248
JNJ,Healthcare,2021-01-14,169.1,170.37,168.28,168.28,8690277,-0.4849,-0.5026,170.23,168.28,168.28,57.11,0.0,1.7985,Buy,-0.0668
TSLA,Automotive,2021-04-29,105.86,107.13,88.4,89.53,14362799,-4.3987125,-4.73485,106.8,136.17,150.7,51.09,-19.588749999999997,9.8569,Sell,-5.8069749999999996
AAPL,Technology,2021-09-10,144.5,144.68,143.34,143.92,47747400,-0.4014,-1.2013,143.2,146.07,143.91,38.68,-1.95,1.7342,Sell,-0.3047
GOOGL,Technology,2021-02-26,3121.38,3135.43,3074.36,1237.6000000000001,38028314,-1.2911,-1.6462,1240.1075,3071.02,3081.08,56.88,20.84125,45.7341,Buy,-5.2746
GOOGL,Technology,2021-11-26,2741.53,2744.18,2670.12,1237.6000000000001,68628447,-2.0645,-1.6898,1240.1075,2699.44,2702.46,46.46,-15.08,28.831,Sell,-4.0349
JNJ,Healthcare,2021-09-23,124.35,126.69,123.8,126.27,75499593,1.544,1.9704,126.03,136.34,144.08,42.08,-4.89,4.5026,Sell,1.7381
JNJ,Healthcare,2021-04-08,172.12,172.89,171.43,172.14,68160468,0.0116,0.0698,169.63,165.44,162.43,65.15,1.51,2.8742,Buy,-0.1495
JNJ,Healthcare,2021-01-21,159.88,160.05,155.99,156.81,39157973,-1.9202,-1.526,163.55,156.81,156.81,47.39,9.78,4.6565,Buy,-1.8309
JPM,Finance,2021-12-16,244.99,246.54,243.09,243.56,47280721,-0.5837,-1.0602,247.99,250.11,246.57,38.5,-1.49,1.9615,Sell,-0.3331
GOOGL,Technology,2021-12-27,2729.95,2772.33,2705.37,1237.6000000000001,27642040,0.6363,0.2094,1240.1075,2686.25,2696.18,46.0,0.49,27.5719,Buy,-5.6782
NFLX,Entertainment,2021-05-10,458.47,458.53,443.68,446.62,13129931,-2.5847,-2.4783,441.65,434.57,433.82,50.49,-1.73,15.3909,Buy,-3.1683
MSFT,Technology,2021-02-05,332.83,332.87,319.66,323.74,19378852,-2.7311,-3.2052,325.97,323.74,323.74,60.49,10.4,6.7037,Buy,-3.5273
GOOGL,Technology,2021-10-29,2746.19,2754.4,2725.73,1237.6000000000001,65069447,-0.4322,-0.2666,1240.1075,2706.45,2693.04,45.09,5.04,36.1581,Sell,1.5008
AAPL,Technology,2021-08-10,144.63,145.33,144.49,144.96,46694448,0.2282,-0.179,146.78,141.67,137.66,67.23,2.97,2.8835,Buy,0.3081
MSFT,Technology,2021-10-07,346.74,351.39,344.38,348.08,16974992,0.3865,0.8928,343.79,340.19,339.29,54.68,-0.77,4.901,Buy,0.2659
MSFT,Technology,2021-08-02,315.77,317.4,313.27,313.98,30575931,-0.5669,-0.0859,310.51,292.52,286.79,65.69,11.1,6.7381,Buy,-0.3036
AAPL,Technology,2021-01-25,162.98,163.59,161.85,163.33,45498734,0.2148,0.2086,161.28,163.33,163.33,57.56,-2.33,1.6675,Sell,0.3182
NFLX,Entertainment,2021-11-19,538.72,539.28,525.86,530.19,12077728,-1.5834,-2.0742,537.21,550.57,555.1,60.17,-11.64,10.8842,Sell,-0.0185
MSFT,Technology,2021-02-10,323.13,327.87,319.97,325.91,38245374,0.8603,0.4841,326.78,325.91,325.91,48.5,9.69,3.67,Buy,1.5665
TSLA,Automotive,2021-02-04,148.37,170.38,140.78,163.84,46456119,4.4427875,4.70215,141.3,163.84,163.84,51.8,-19.588749999999997,11.5057,Sell,5.763225
NFLX,Entertainment,2021-11-25,508.17,513.46,507.28,512.33,46171149,0.8186,0.9219,525.74,538.44,552.14,49.28,-1.68,12.8129,Sell,1.396
TSLA,Automotive,2021-07-12,105.92,117.59,105.57,115.97,64935939,4.4427875,4.70215,105.26,81.31,83.49,41.77,17.38,6.359,Buy,5.763225
JPM,Finance,2021-11-24,249.77,251.6,248.37,248.39,7704753,-0.5525,-0.7234,254.3,245.21,242.04,49.43,5.21,4.4397,Buy,-0.4643
AMZN,E-Commerce,2021-11-29,4245.3,4259.81,4225.05,1237.6000000000001,42218080,-0.4365,-0.3003,1240.1075,4020.98,4028.21,65.64,18.13,47.9441375,Buy,4.1228
JNJ,Healthcare,2021-06-23,180.57,181.06,179.54,179.86,16359046,-0.3932,-0.4538,180.87,180.69,182.04,56.6,-0.3,1.7523,Buy,-0.5957
NFLX,Entertainment,2021-10-07,575.29,589.18,572.0,587.45,36553682,2.1137,2.1031,568.9,551.2,546.8,62.76,11.07,10.2017,Buy,2.5877
AMZN,E-Commerce,2021-09-06,3907.63,3921.14,3832.65,1237.6000000000001,36506163,-1.4134,-1.204,1240.1075,3894.63,3810.83,55.4,-19.588749999999997,37.9687,Sell,5.4844
JNJ,Healthcare,2021-12-08,119.97,121.15,118.75,119.55,51687754,-0.3501,-0.3335,118.1,117.43,117.85,58.28,0.0,1.8356,Buy,-0.163
GOOGL,Technology,2021-02-02,3069.41,3179.3,3053.81,1237.6000000000001,52721191,3.5688,4.234,1240.1075,3178.95,3178.95,58.34,0.0,47.9441375,Sell,3.6595
JPM,Finance,2021-04-05,147.71,149.66,147.44,147.92,28074498,0.1422,-0.0608,143.69,134.49,137.67,65.84,3.67,6.8205,Buy,0.2585
AMZN,E-Commerce,2021-01-21,3590.1,3595.45,3518.93,1237.6000000000001,46796378,-1.1729,-0.89,1240.1075,3547.99,3547.99,59.03,-11.53,37.4093,Buy,0.3468
JPM,Finance,2021-11-25,247.48,250.43,246.33,249.07,10972923,0.6425,0.2738,253.73,245.43,242.49,47.83,5.3,4.0523,Buy,0.6498
AAPL,Technology,2021-11-12,140.95,142.47,139.88,141.41,24485380,0.3264,0.17,143.44,138.2,138.22,47.12,3.0,2.8463,Buy,0.3858
AAPL,Technology,2021-02-08,156.71,160.25,155.89,158.07,43652557,0.8678,1.3139,159.74,158.07,158.07,40.93,1.73,2.6473,Buy,0.7408
JNJ,Healthcare,2021-07-13,164.58,164.91,161.46,162.59,47440331,-1.2091,-1.568,166.62,174.12,178.28,25.82,-5.92,2.1517,Hold,-0.9993
GOOGL,Technology,2021-09-06,2612.56,2618.46,2589.5,1237.6000000000001,6726596,0.204,0.0619,1240.1075,2746.46,2778.31,24.9,-19.588749999999997,47.9441375,Hold,-3.1557
NFLX,Entertainment,2021-04-28,413.0,418.86,408.72,410.5,15857736,-0.6053,-0.7831,419.4,436.74,431.86,54.32,-12.33,7.009,Sell,-0.1071
AAPL,Technology,2021-11-18,141.51,142.19,139.56,140.97,35689968,-0.3816,-0.8092,141.5,138.78,138.03,50.98,3.51,1.7606,Buy,-0.8026
AAPL,Technology,2021-02-23,152.7,154.49,149.47,257.31500000000005,47428849,-1.945,-2.6146,155.04,158.96,149.73,47.18,-2.7,3.1583,Sell,-2.1684
JPM,Finance,2021-06-29,178.14,182.54,177.05,181.88,68919482,2.0995,2.3868,172.84,168.14,162.18,56.75,3.49,4.6262,Buy,2.2186
TSLA,Automotive,2021-11-16,95.94,98.33,90.79,93.42,57369688,-2.6266,-1.518,94.73,103.21,112.48,35.22,-3.7,8.9264,Sell,-4.4646
MSFT,Technology,2021-01-04,284.98,292.64,284.72,289.2,45510489,1.4808,1.3954,289.2,289.2,289.2,50.31,0.0,0.01,Hold,2.0043
NFLX,Entertainment,2021-05-12,443.97,450.07,442.15,443.01,41127291,-0.2162,-0.9945,445.67,435.15,434.49,62.56,3.34,10.9779,Buy,-0.7259
GOOGL,Technology,2021-10-20,2704.9,2713.72,2694.13,1237.6000000000001,48012062,-0.1076,0.5582,1240.1075,2701.22,2708.81,41.01,12.6,36.6569,Buy,-1.1721
JNJ,Healthcare,2021-03-12,165.34,166.28,163.93,165.17,44157299,-0.1028,-0.2295,163.73,159.06,161.3,61.98,2.14,3.4827,Buy,-0.0914
JPM,Finance,2021-08-25,234.28,237.07,233.69,235.61,64204183,0.5677,0.4733,229.39,218.66,203.31,63.47,5.4,5.0733,Buy,0.7216
TSLA,Automotive,2021-08-20,158.24,164.0,157.7,162.93,49048248,2.9639,4.70215,153.25,131.42,111.66,68.92,11.3,10.7294,Buy,2.6237
JNJ,Healthcare,2021-11-04,115.42,118.07,113.29,117.28,30168267,1.6115,0.86,118.21,119.31,124.69,60.04,-0.82,1.4794,Sell,1.5913
TSLA,Automotive,2021-06-15,58.24,63.43,47.54,48.69,48479217,-4.3987125,-4.73485,67.76,81.16,94.36,40.67,-7.31,8.5818,Sell,-5.8069749999999996
MSFT,Technology,2021-09-02,338.6,344.92,334.5,340.36,28749371,0.5198,0.2238,342.3,333.35,315.02,47.15,7.34,4.8,Buy,0.6299
MSFT,Technology,2021-06-10,282.71,290.73,280.96,290.56,68709394,2.7767,2.2091,279.5,277.33,286.6,58.86,0.19,6.838,Buy,2.461
NFLX,Entertainment,2021-06-04,458.77,482.52,458.35,469.61,22458876,2.3628,1.6626,470.06,456.09,448.16,40.81,10.44,8.2117,Buy,2.3147
NFLX,Entertainment,2021-11-09,523.29,524.76,508.1,512.04,69997976,-2.1499,-1.8949,513.91,560.11,554.96,56.17,-19.588749999999997,11.9657,Sell,-2.3027
JNJ,Healthcare,2021-01-12,171.0,172.78,168.59,168.71,54697310,-1.3392,-1.2121,171.4,168.71,168.71,33.06,0.0,0.01,Buy,-1.4479
MSFT,Technology,2021-12-27,329.52,330.55,327.59,328.85,50549120,-0.2033,-0.1639,333.36,346.98,348.47,34.67,-9.3,5.3368,Sell,0.3195
JNJ,Healthcare,2021-10-01,125.43,127.14,123.72,124.49,9719032,-0.7494,-0.4876,125.24,131.93,139.89,33.93,-5.85,1.1298,Sell,-0.6266
AMZN,E-Commerce,2021-01-26,3509.05,3529.05,3480.97,1237.6000000000001,114210883,-0.6147,-0.4607,1240.1075,3487.48,3487.48,56.49,20.84125,39.0069,Buy,-4.1335
JPM,Finance,2021-02-23,143.49,143.89,137.13,137.9,34083619,-3.8957,-4.2561,142.41,142.95,137.9,45.27,-2.07,2.3553,Sell,-3.8532
AAPL,Technology,2021-08-13,144.46,146.94,142.57,146.85,28937585,1.6544,1.4648,146.43,142.51,138.36,60.02,2.42,2.5034,Buy,1.6138
JPM,Finance,,187.83,194.66,187.76,193.44,29232956,2.9867,2.6098,186.93,176.66,168.87,68.78,7.33,3.1855,Buy,2.7843
AMZN,E-Commerce,2021-09-01,3898.07,3932.26,3781.59,1237.6000000000001,6631955,-1.8591,-2.0514,1240.1075,3894.05,3783.64,54.76,-19.588749999999997,43.9063,Sell,-0.6055
JPM,Finance,2021-09-07,228.82,232.08,226.39,230.87,11534666,0.8959,1.3121,230.03,226.25,213.49,38.69,3.82,2.4842,Buy,1.6438
MSFT,Technology,2021-07-20,287.42,294.26,287.2,292.7,33056732,1.837,1.7804,288.82,284.83,280.39,41.08,0.95,4.1691,Buy,2.568
AMZN,E-Commerce,2021-02-24,3289.06,3332.3,3219.8,1237.6000000000001,22096287,-1.1453,-1.4258,1240.1075,3462.48,3251.39,36.72,-19.588749999999997,47.9441375,Sell,-3.1916
JPM,Finance,2021-08-18,224.69,225.34,219.2,222.82,23879624,-0.8323,-0.7085,223.49,211.26,197.27,63.69,8.38,1.4237,Buy,-0.8656
JNJ,Healthcare,2021-02-23,151.24,152.62,149.86,151.49,63065252,0.1653,1.2363,155.15,159.54,151.49,25.78,-1.51,3.3159,Hold,0.1485
AMZN,E-Commerce,2021-05-13,3083.69,3091.49,3032.99,1237.6000000000001,34722746,-0.4255,-0.839,1240.1075,3120.67,3150.35,59.66,-19.588749999999997,33.4696,Sell,5.763225
AMZN,E-Commerce,2021-07-02,3571.32,3590.85,3544.96,1237.6000000000001,50689022,-0.5827,-0.925,1240.1075,3377.07,3250.57,58.11,20.84125,47.9441375,Buy,-0.4739
AAPL,Technology,2021-08-03,144.64,146.52,143.44,144.08,53370330,-0.3872,-0.2354,143.81,139.34,136.46,75.32,2.41,1.7269,Hold,-0.5084
JNJ,Healthcare,2021-10-26,117.31,119.63,116.91,117.42,13386050,0.0938,-0.5084,116.05,121.13,127.94,67.79,-4.07,1.4433,Sell,-0.0608
JNJ,Healthcare,2021-07-21,159.54,161.34,159.33,161.25,34321859,1.0718,1.1416,159.57,170.78,174.84,30.79,-6.79,3.8327,Sell,0.9926
GOOGL,Technology,2021-12-15,2682.38,2718.09,2669.9,1237.6000000000001,52587897,0.7106,1.0228,1240.1075,2696.75,2700.39,52.45,6.83,24.0913,Buy,1.6709
MSFT,Technology,2021-05-10,280.63,284.7,279.89,280.25,56493573,-0.1354,-0.0143,285.68,297.76,296.99,44.08,-9.51,3.2446,Sell,-0.5242
MSFT,Technology,2021-10-18,343.56,345.34,341.42,341.63,20790890,-0.5618,-0.4052,343.38,340.64,342.0,59.47,3.89,2.1448,Buy,-0.3304
JNJ,Healthcare,2021-01-26,156.82,157.2,154.48,155.55,58544967,-0.8098,-0.7466,158.57,155.55,155.55,33.58,7.16,5.0174,Buy,-0.7145
NFLX,Entertainment,2021-07-16,432.47,437.79,431.25,437.52,72912362,1.1677,2.0455,435.18,465.59,466.73,39.16,-17.15,15.752,Sell,3.232
NFLX,Entertainment,2021-07-14,429.39,436.52,410.12,418.43,44533837,-2.5525,-1.687,443.45,467.77,467.58,33.42,-10.05,19.489,Sell,-3.1393
JNJ,Healthcare,2021-05-21,183.53,183.75,179.8,181.17,30533571,-1.2859,-1.0379,185.99,184.03,177.66,41.43,0.0,2.6799,Buy,-1.2058
TSLA,Automotive,2021-04-01,161.13,162.22,150.86,156.6,79279276,-2.8114,-3.2079,168.27,170.47,166.68,48.46,-2.43,7.2923,Sell,-2.7192
JNJ,Healthcare,2021-07-09,168.42,169.77,167.53,168.29,52804157,-0.0772,0.2263,167.88,175.21,179.02,29.6,-4.85,1.4975,Hold,-0.1405
JPM,Finance,2021-07-02,183.39,183.41,181.1,182.72,16008096,-0.3653,-0.3273,179.49,170.61,164.02,60.2,4.21,6.6995,Buy,-0.4479
MSFT,Technology,2021-05-20,274.8,282.98,273.56,280.7,30433382,2.147,1.7803,273.03,287.26,293.43,49.2,-7.35,5.2027,Sell,2.3682
AAPL,Technology,2021-03-17,157.4,159.53,155.09,155.65,32199186,-1.1118,-1.8353,152.83,154.33,157.01,56.19,-1.3,2.8333,Sell,-1.0625
GOOGL,Technology,2021-07-20,2840.8,2863.27,2808.2,257.31500000000005,22449115,-0.6509,-0.9799,1240.1075,2720.42,2644.65,63.37,20.84125,37.5587,Buy,-2.7871
MSFT,Technology,2021-06-04,272.94,273.47,272.07,272.86,35816791,-0.0293,0.3752,272.31,277.8,288.44,52.78,-2.68,3.2374,Sell,-0.3442
AAPL,Technology,2021-10-19,138.4,139.03,134.7,137.12,44616353,-0.9249,-1.6708,137.35,137.6,140.98,51.83,0.65,1.5458,Sell,-0.5912
JNJ,Healthcare,2021-12-15,116.7,117.91,115.54,117.46,24076313,0.6512,1.2586,117.72,117.2,117.19,56.88,0.36,1.412,Buy,0.7349
JPM,Finance,2021-06-14,171.17,172.47,168.0,168.27,49974513,-1.6942,-1.3369,169.13,160.01,157.32,54.84,6.37,2.5205,Buy,-1.3122
MSFT,Technology,2021-04-21,288.75,289.7,286.42,289.35,74693669,0.2078,0.5456,298.53,301.8,304.19,40.16,1.9,9.9146,Sell,0.6619
JNJ,Healthcare,2021-06-10,173.92,177.62,173.81,177.43,16696933,2.0182,1.4988,176.01,182.4,180.87,53.31,-4.3,2.3634,Sell,2.2199
AAPL,Technology,2021-01-13,163.02,163.29,159.29,159.79,5503739,-1.9814,-2.2691,156.61,159.79,159.79,60.66,0.0,0.01,Sell,-1.8932
AMZN,E-Commerce,2021-11-22,4034.5,4108.86,4034.39,1237.6000000000001,78080719,1.2976,1.4872,1240.1075,3984.58,4007.81,62.26,-1.16,47.9441375,Sell,-2.6374
JNJ,Healthcare,2021-08-23,144.22,144.8,140.1,141.51,37053609,-1.8791,-2.2383,146.29,153.97,161.79,45.37,-5.73,2.2721,Sell,-1.7431
MSFT,Technology,2021-01-25,309.61,318.24,308.5,313.11,63709800,1.1305,1.9537,311.05,313.11,313.11,62.62,-5.9,3.0033,Sell,0.8981
GOOGL,Technology,2021-09-27,2740.45,2760.83,2652.66,1.0,25435907,-2.5324,-2.7705,1240.1075,2695.43,2736.17,61.65,7.78,32.1273,Sell,-4.8662
JPM,Finance,2021-06-03,166.07,166.52,163.85,164.38,12773632,-1.0176,-1.101,164.69,156.94,153.76,72.29,5.7,1.9228,Hold,-0.5792
AAPL,Technology,2021-12-22,142.66,142.84,140.93,257.31500000000005,68200771,0.035,0.2599,138.75,136.82,137.4,59.21,-0.3,4.356,Buy,-0.5253
NFLX,Entertainment,2021-02-02,425.05,434.45,418.8,430.25,75242695,1.2234,0.275,437.96,430.25,430.25,39.05,16.02,8.6465,Buy,2.1223
AMZN,E-Commerce,2021-06-09,3318.58,3395.19,3278.36,1237.6000000000001,26275950,1.9147,2.2227,1240.1075,3144.49,3151.71,45.16,20.84125,47.9441375,Buy,5.6282
JNJ,Healthcare,2021-05-14,187.47,188.59,186.52,186.55,71891457,-0.4907,-0.8609,188.31,181.79,175.64,50.43,2.85,2.7936,Buy,-0.5559
AMZN,E-Commerce,2021-05-18,3111.53,3130.76,3061.79,1237.6000000000001,9298941,-0.4512,-0.1003,1240.1075,3118.93,3148.5,64.44,-19.588749999999997,39.8672,Sell,0.5698
JPM,Finance,2021-02-11,137.27,142.53,135.33,141.07,36998609,2.7683,2.2617,139.59,146.79,141.07,38.69,-3.23,2.8866,Sell,2.9367
JNJ,Healthcare,2021-12-10,119.48,119.74,116.45,116.75,62723741,-2.2849,-1.709,118.08,117.34,117.57,58.59,0.14,1.1305,Buy,-2.1816
TSLA,Automotive,2021-05-24,93.91,97.68,92.42,96.7,18619069,2.9709,3.9003,88.3,98.42,122.35,57.27,-9.09,6.0819,Sell,4.2038
GOOGL,Technology,2021-04-29,2663.66,2671.96,2618.28,1237.6000000000001,32235092,-1.6368,-2.2187,1240.1075,2829.24,2901.26,34.35,-19.588749999999997,32.2019,Sell,-5.6939
JNJ,Healthcare,2021-03-29,165.45,165.9,163.17,164.3,36423057,-0.6951,-0.5026,166.13,161.33,160.6,61.57,4.44,1.7468,Buy,-0.6895
JPM,Finance,2021-11-08,240.97,244.18,239.52,243.61,24493222,1.0956,0.8153,241.29,241.17,237.05,48.38,1.09,2.6303,Buy,0.9644
GOOGL,Technology,2021-01-04,2811.81,2830.29,2810.25,1237.6000000000001,67123810,-0.021,0.19,1240.1075,2811.22,2811.22,64.43,0.0,0.01,Hold,5.7284
JPM,Finance,2021-04-07,151.47,151.96,149.59,150.18,33099890,-0.8517,-0.4771,147.18,135.4,137.71,71.68,0.0,5.4304,Hold,-0.8496
NFLX,Entertainment,2021-01-25,446.38,447.98,439.13,443.05,43833929,-0.746,-1.669,457.12,443.05,443.05,37.68,20.84125,17.1222,Buy,-0.7386
NFLX,Entertainment,2021-07-07,453.54,481.42,449.94,465.21,21424089,2.5731,1.3684,472.39,473.73,467.22,43.25,1.24,12.3126,Sell,3.2997
AAPL,Technology,2021-07-30,143.96,144.43,141.01,142.86,42661003,-0.7641,-0.5776,143.64,138.56,136.31,71.82,2.89,2.2355,Hold,-0.5154
GOOGL,Technology,2021-10-25,2642.11,2702.6,2626.87,1237.6000000000001,63626918,1.0068,1.4136,1240.1075,2699.49,2700.04,42.65,5.99,42.7853,Buy,1.8363
JPM,Finance,2021-11-29,252.39,253.31,252.23,253.25,62250931,0.3407,0.5279,251.97,246.23,243.51,42.89,5.32,3.6212,Buy,0.3548
TSLA,Automotive,2021-06-16,49.12,52.66,43.72,51.93,62109273,4.4427875,4.70215,64.53,79.74,92.6,39.97,-8.41,9.9494,Sell,5.763225
AMZN,E-Commerce,2021-05-05,3017.78,3049.77,2992.46,1237.6000000000001,63972423,-0.2452,-0.1214,1240.1075,3149.71,3160.76,63.84,-19.588749999999997,47.9441375,Sell,2.769
JNJ,Healthcare,2021-12-09,120.67,120.77,117.72,118.78,57170690,-1.5663,-0.6441,118.13,117.44,117.73,60.42,-0.21,1.6846,Buy,-1.6084
TSLA,Automotive,2021-02-10,199.99,205.37,193.25,200.35,51878168,0.18,-0.4769,176.4,200.35,200.35,63.9,-7.29,26.7193,Sell,0.4134
AMZN,E-Commerce,2021-07-23,3829.28,3885.65,3827.31,1237.6000000000001,48735819,1.3846,1.3103,1240.1075,3585.07,3443.39,61.0,20.84125,47.9441375,Buy,5.763225
GOOGL,Technology,2021-11-16,2659.73,2677.94,2627.06,1237.6000000000001,71173243,-0.4658,-1.2927,1240.1075,2711.97,2702.72,41.25,-0.33,38.8832,Buy,-4.9705
JNJ,Healthcare,2021-01-25,155.62,156.72,155.27,156.72,73253462,0.7069,0.5002,160.01,156.72,156.72,34.4,7.18,5.0613,Buy,0.9721
JNJ,Healthcare,2021-10-20,115.3,116.26,114.78,116.25,38411644,0.8239,0.6668,115.45,123.53,130.49,50.28,-4.37,2.2323,Sell,0.6416
MSFT,Technology,2021-06-29,295.02,296.53,291.05,294.39,34836371,-0.2135,0.1463,287.67,280.2,280.97,52.28,4.23,6.6464,Buy,0.8054
AAPL,Technology,2021-07-26,144.35,146.29,142.78,145.2,13218625,0.5888,1.1072,141.61,136.48,135.87,66.98,3.06,2.154,Buy,0.5799
JNJ,Healthcare,2021-03-31,168.39,169.42,167.17,167.24,57475237,-0.6829,-0.6593,166.21,161.97,160.91,67.71,3.63,1.6573,Buy,-1.1577
NFLX,Entertainment,2021-04-01,431.32,447.26,427.96,441.03,66463658,2.2512,2.1234,443.48,431.69,430.64,55.53,11.42,10.3581,Buy,3.164
GOOGL,Technology,2021-07-19,2893.77,2902.41,2835.75,1237.6000000000001,10820820,-1.5043,-1.0814,1240.1075,2712.37,2639.11,62.69,20.84125,44.4413,Buy,-2.1991
AMZN,E-Commerce,2021-08-30,3924.36,3950.63,3880.35,1237.6000000000001,53940618,0.1511,0.4378,1240.1075,3890.9,3767.07,53.7,3.37,40.5462,Sell,-0.9959
JNJ,Healthcare,2021-12-03,116.29,119.48,116.22,117.31,79331725,0.8771,0.7904,116.63,117.33,118.18,59.28,-0.92,1.9374,Sell,1.045
TSLA,Automotive,2021-07-13,115.26,120.45,112.39,117.96,45840888,2.3425,1.716,108.56,82.37,83.92,36.99,19.53,6.7446,Buy,2.5117
JPM,Finance,,254.07,258.8,252.84,257.83,63294972,1.4799,1.8608,249.14,243.26,239.65,61.08,2.81,4.7763,Buy,1.7467
NFLX,Entertainment,2021-04-06,464.61,465.56,452.46,454.01,33307720,-2.2815,-2.7045,446.68,434.16,431.12,58.78,13.91,9.044,Buy,-2.1491
GOOGL,Technology,2021-10-12,2739.75,2746.81,2716.42,1237.6000000000001,15961957,-0.715,0.1075,1240.1075,2678.74,2711.54,36.45,13.34,20.3878,Buy,-3.2993
NFLX,Entertainment,2021-03-04,433.78,443.3,432.6,432.94,14699026,-0.1936,-0.1867,426.13,428.45,432.94,48.57,2.07,6.9205,Sell,0.5825
AAPL,Technology,2021-09-20,134.52,138.31,134.3,136.79,64734065,1.6875,1.6648,138.17,144.1,143.84,46.5,-3.62,3.7686,Sell,1.4685
MSFT,Technology,2021-05-26,273.13,275.19,268.58,269.2,44330924,-1.4389,-1.6298,276.03,282.52,291.78,49.16,-7.39,4.103,Sell,-1.4495
MSFT,Technology,2021-09-10,340.92,344.78,337.67,338.98,42661003,-0.569,-0.3352,343.58,340.19,321.97,51.69,-0.42,4.0971,Buy,-0.7164
TSLA,Automotive,2021-05-03,95.17,102.24,92.27,94.76,51399233,-0.4308,1.1313,101.3,131.59,147.56,43.43,-18.51,9.3539,Sell,-0.3443
AAPL,Technology,2021-07-21,138.03,139.17,137.59,138.95,45660926,0.6665,-0.2011,140.16,135.05,135.3,56.94,3.25,1.4252,Buy,0.7967
TSLA,Automotive,2021-11-18,106.95,115.12,105.02,257.31500000000005,12822129,3.2819,4.70215,97.76,103.23,111.14,38.25,-0.03,7.8474,Sell,3.8695
NFLX,Entertainment,2021-11-18,545.19,553.6,538.81,541.42,51721409,-0.6915,-0.8588,535.43,552.3,555.35,65.86,-17.74,10.9478,Sell,-0.3329
AMZN,E-Commerce,2021-10-06,4127.2,4134.16,4072.14,1237.6000000000001,43968528,-0.9396,-0.2172,1240.1075,3968.43,3941.46,62.83,20.84125,31.2655,Buy,-1.2003
AAPL,Technology,2021-10-05,137.38,138.63,133.39,135.05,50483351,-1.696,-2.2581,135.59,139.8,142.6,47.85,-2.56,1.8589,Sell,-1.6198
JPM,Finance,2021-04-06,149.49,151.22,148.9,150.9,38653051,0.9432,2.0146,145.73,134.92,137.65,70.05,5.01,6.0184,Hold,0.6224
AMZN,E-Commerce,2021-05-21,3017.51,3063.72,2973.79,1237.6000000000001,13042676,1.4548,1.1582,1240.1075,3105.28,3142.16,67.81,-19.588749999999997,38.7494,Sell,3.7192
JNJ,Healthcare,2021-02-17,159.56,159.64,157.47,257.31500000000005,40097516,-0.7959,0.1392,158.82,161.9,158.29,28.88,-0.74,1.3685,Hold,-1.0854
GOOGL,Technology,2021-01-27,2997.07,3029.07,2965.47,257.31500000000005,13288725,-0.9616,-1.3808,271.57,2968.25,2968.25,48.45,5.56,38.52,Buy,-0.9536
GOOGL,Technology,2021-02-16,3108.87,3168.35,3058.29,1237.6000000000001,10045481,1.8721,1.9419,1240.1075,3027.68,3167.07,67.98,20.84125,28.6086,Buy,5.763225
JNJ,Healthcare,2021-10-04,123.69,125.37,122.24,124.92,35933775,0.9944,0.3454,125.05,131.38,139.14,36.82,-5.5,1.1148,Sell,1.1823
GOOGL,Technology,2021-07-15,2918.62,2931.41,2882.42,1237.6000000000001,63465218,-0.6184,-0.6236,1240.1075,2692.84,2628.06,62.53,20.84125,47.9441375,Buy,0.9629
AAPL,Technology,2021-06-22,132.05,135.38,130.72,134.06,67180020,1.5222,2.141,128.98,133.86,135.79,57.73,-3.3,3.0269,Sell,1.7217
MSFT,Technology,2021-08-18,341.56,347.76,341.35,347.74,14536331,1.8093,2.0514,342.61,313.72,301.69,64.67,18.39,5.7032,Buy,2.4614
AAPL,Technology,2021-10-12,135.86,137.87,134.7,137.34,34739623,1.0894,0.6006,137.13,138.32,142.0,49.32,-1.42,1.5762,Sell,1.3238
NFLX,Entertainment,2021-08-10,538.53,556.88,526.81,548.75,35101369,1.8978,1.8978,535.86,480.64,478.29,72.68,20.84125,14.043,Hold,1.8537
AMZN,E-Commerce,2021-03-16,3213.2,3215.12,3185.88,1237.6000000000001,71408419,-0.0146,0.2725,1240.1075,3290.25,3379.22,45.96,-19.588749999999997,47.9441375,Sell,2.1354
AAPL,Technology,2021-12-13,132.42,133.65,129.16,129.71,31107087,-2.0465,-2.0539,131.54,137.79,137.17,48.01,-4.74,1.6456,Sell,-2.1421
NFLX,Entertainment,2021-07-08,462.29,466.21,456.01,459.03,11402839,-0.7052,-1.3284,468.01,472.82,467.88,41.46,0.95,13.2892,Sell,-0.2077
JPM,Finance,2021-08-24,233.56,234.84,230.38,234.5,14737694,0.4025,0.2394,227.89,217.26,202.06,66.29,5.34,4.5196,Buy,0.9574
JNJ,Healthcare,2021-06-15,179.07,179.09,177.86,178.43,74830755,-0.3574,-0.5185,177.07,181.99,181.4,47.75,-3.75,1.6773,Sell,-0.3783
TSLA,Automotive,2021-10-19,101.03,111.28,90.57,105.62,77629571,4.4427875,1.392,111.53,121.22,133.31,52.77,-8.97,5.6401,Sell,4.7293
JPM,Finance,2021-07-19,200.49,202.37,197.41,201.63,22095412,0.5686,1.3624,192.45,179.87,171.57,66.55,7.9,6.1178,Buy,0.572
JNJ,Healthcare,2021-12-07,118.56,120.74,117.62,119.95,33157263,1.1724,1.7819,117.92,117.41,117.94,57.0,-0.72,2.1348,Buy,1.2881
MSFT,Technology,2021-06-03,275.44,275.63,270.59,271.84,41756502,-1.307,-1.7387,271.78,278.33,289.15,58.09,-2.9,3.3497,Sell,-1.0677
JPM,Finance,2021-05-14,151.77,153.59,148.08,148.74,61080842,-1.9964,-2.9556,151.69,152.79,144.83,43.64,-0.21,2.2122,Sell,-1.6248
NFLX,Entertainment,2021-06-21,473.93,477.92,473.76,477.36,17470143,0.7237,0.4313,478.98,471.53,454.71,54.36,0.29,8.2297,Buy,0.6387
GOOGL,Technology,2021-06-23,2582.3,2606.6,2563.82,1237.6000000000001,71458729,-0.072,0.4273,1240.1075,2559.54,2597.19,50.87,20.84125,29.7456,Buy,0.5246
JNJ,Healthcare,2021-06-24,179.81,181.3,176.22,177.53,12605238,-1.268,-1.2955,180.74,180.33,181.99,53.4,0.3,1.7366,Buy,-1.4776
JPM,Finance,2021-09-29,244.08,244.94,241.2,243.28,79611299,-0.3278,-0.0329,237.09,231.65,226.85,53.29,1.37,7.3388,Buy,-0.0609
AMZN,E-Commerce,2021-04-12,3128.8,3200.43,3108.12,1237.6000000000001,19996220,2.2299,1.5235,1240.1075,3171.84,3258.52,46.96,-19.588749999999997,45.909,Sell,-2.5905
JPM,Finance,2021-02-03,145.7,147.86,141.43,141.96,25271450,-2.5669,-1.6148,144.87,141.96,141.96,48.94,3.71,4.1463,Buy,-2.6349
AAPL,Technology,2021-11-04,141.79,144.51,141.45,143.67,42661003,1.3259,2.169,139.06,136.55,138.21,59.2,-0.32,3.5475,Buy,1.6023
TSLA,Automotive,2021-06-17,53.56,54.05,50.84,53.73,21332111,0.3174,3.4662,61.85,78.79,90.93,36.65,-10.2,9.8026,Sell,0.2893
AAPL,Technology,2021-01-04,149.58,151.02,147.06,147.33,22324504,-1.5042,-1.9043,147.33,147.33,147.33,62.09,0.0,0.01,Hold,-1.4186
AAPL,Technology,2021-06-08,131.81,133.54,131.19,133.46,68096832,1.2518,1.3672,133.01,137.39,139.38,58.34,-1.89,2.3632,Sell,0.9618
TSLA,Automotive,2021-09-06,155.7,161.11,142.4,143.99,77840262,-4.3987125,-4.73485,148.57,140.74,130.84,40.72,7.99,6.6691,Buy,-5.8069749999999996
MSFT,Technology,2021-03-26,303.83,312.06,301.43,308.45,23979149,1.5206,1.5674,296.2,301.78,309.09,51.31,-4.2,7.9097,Sell,1.1099
AMZN,E-Commerce,2021-08-25,3791.59,3925.61,3744.93,1237.6000000000001,49607871,2.6092,2.2589,1240.1075,3877.45,3739.18,52.93,20.84125,47.9441375,Sell,5.763225
JPM,Finance,2021-04-27,157.98,160.71,156.01,160.47,64899890,1.5761,2.0607,154.23,144.91,140.93,64.12,5.6,3.5485,Buy,1.7673
JPM,Finance,2021-04-09,149.88,151.98,149.46,150.62,69979915,0.4937,0.5877,148.94,136.19,137.97,80.605,8.89,3.4571,Hold,0.7997
JNJ,Healthcare,2021-06-08,175.26,176.18,174.58,174.81,25755634,-0.2568,-0.3136,177.16,182.93,180.48,46.67,-4.34,2.6616,Sell,-0.3339
NFLX,Entertainment,2021-05-28,482.35,483.52,470.17,472.58,11492627,-2.0255,-2.7953,476.92,449.21,446.93,45.54,20.84125,7.8337,Buy,-2.692
NFLX,Entertainment,2021-05-27,491.51,498.92,482.65,486.17,21566538,-1.0864,0.0453,475.67,447.41,446.29,46.64,20.84125,7.6774,Buy,-0.329
JNJ,Healthcare,2021-01-06,171.54,172.21,168.7,171.53,23366905,-0.0058,-0.2617,171.53,171.53,171.53,38.35,0.0,0.01,Hold,-0.1322
NFLX,Entertainment,2021-11-17,541.79,548.38,530.33,546.11,70046596,0.7974,1.2571,531.23,553.83,555.24,62.52,-19.588749999999997,10.5037,Sell,0.5605
MSFT,Technology,2021-12-14,342.51,344.48,337.83,338.77,53444585,-1.0919,-0.9531,345.62,351.89,350.07,44.49,-2.11,5.7971,Sell,-1.2409
JNJ,Healthcare,2021-09-10,136.32,136.63,134.78,136.12,8502429,-0.1467,0.184,136.11,143.49,150.79,45.63,-5.07,1.4865,Sell,-0.098
GOOGL,Technology,2021-09-10,2667.6,2775.93,2656.42,1237.6000000000001,10286554,2.0734,1.7423,1240.1075,2725.23,2775.98,43.0,-19.588749999999997,33.4197,Sell,5.4725
NFLX,Entertainment,2021-10-29,516.09,519.03,502.4,509.81,34751820,-1.2168,-1.9276,549.1,570.58,559.23,36.44,-2.57,27.1288,Sell,-1.055
JNJ,Healthcare,2021-02-08,161.54,161.97,158.88,159.0,34065892,-1.5724,-1.5541,161.45,159.0,159.0,46.87,-4.12,2.406,Buy,-1.9017
MSFT,Technology,2021-05-11,280.11,281.68,269.59,270.53,44295037,-3.4201,-3.4683,283.12,296.52,296.52,37.35,-9.43,5.4667,Sell,-3.4597
JPM,Finance,2021-07-29,213.7,220.51,211.16,218.45,16983382,2.2227,2.9405,210.39,190.07,180.94,55.11,12.38,5.458,Buy,2.2212
MSFT,Technology,2021-10-26,346.94,355.78,346.26,353.63,58428012,1.9283,2.1403,346.44,342.0,342.66,57.71,2.84,3.8436,Buy,2.0237
JNJ,Healthcare,2021-11-22,116.96,117.39,116.04,116.14,14749836,-0.7011,-1.1069,118.19,117.24,120.14,56.44,0.39,1.2793,Buy,-0.6259
JPM,Finance,2021-04-02,146.04,148.38,143.68,148.01,17099128,1.3489,1.9493,141.67,134.36,137.79,52.63,2.38,7.5248,Buy,1.1143
JPM,Finance,2021-07-01,184.4,184.51,183.29,183.32,68781330,-0.5857,-0.9188,176.94,169.92,163.36,57.5,4.06,6.3276,Buy,-0.7109
NFLX,Entertainment,2021-05-11,446.43,457.37,444.52,447.46,17200591,0.2307,0.1881,443.97,434.78,434.31,58.33,0.9,14.1889,Buy,0.6037
JNJ,Healthcare,2021-02-03,164.19,164.46,160.0,160.29,18384772,-2.3753,-2.4703,160.54,160.29,160.29,50.34,-0.87,2.9883,Buy,-2.7426
TSLA,Automotive,2021-07-19,137.54,137.69,123.35,126.89,38993860,-4.3987125,-4.73485,123.72,89.64,87.63,35.54,20.84125,12.3934,Buy,-5.8069749999999996
JNJ,Healthcare,2021-10-25,116.16,118.18,115.49,118.02,54082205,1.6012,2.0228,115.56,121.6,128.54,67.57,-4.21,1.5281,Sell,1.9584
MSFT,Technology,2021-10-27,352.19,355.47,350.21,354.17,14039131,0.5622,0.1527,348.23,342.37,342.79,55.7,3.23,4.4493,Buy,0.1928
JNJ,Healthcare,2021-01-22,156.25,157.15,155.35,155.94,68989400,-0.1984,-0.5548,161.66,155.94,155.94,36.39,9.35,5.1786,Buy,-0.0986
JNJ,Healthcare,2021-07-16,159.59,159.75,156.33,157.16,56387190,-1.5227,-0.9329,162.81,172.32,176.62,28.71,-6.94,4.0726,Hold,-1.6004
JPM,Finance,2021-07-08,188.93,189.91,182.3,184.19,75003209,-2.5089,-2.1047,184.56,173.61,166.18,61.05,5.28,3.5607,Buy,-2.3337
GOOGL,Technology,2021-03-22,2935.59,2971.34,2934.93,1237.6000000000001,40762078,0.8993,0.9764,1240.1075,3040.55,3032.07,37.63,-19.588749999999997,36.5217,Sell,4.061
TSLA,Automotive,2021-06-28,75.09,76.29,74.14,74.86,69026532,-0.3063,3.7561,71.23,76.12,83.64,44.15,-8.29,11.5592,Sell,-0.0386
NFLX,Entertainment,2021-07-01,484.34,485.84,482.64,485.34,27630283,0.2065,-0.1317,484.15,475.71,463.66,57.23,4.46,7.8583,Buy,1.0627
NFLX,Entertainment,2021-09-02,535.03,537.32,519.19,257.31500000000005,29538586,-2.0933,-1.6356,537.26,531.95,501.88,61.71,2.94,10.2727,Buy,-2.4659
TSLA,Automotive,2021-09-21,131.95,135.01,123.48,125.4,48912967,-4.3987125,-3.3526,127.74,144.47,136.81,40.62,-11.43,6.5088,Sell,-4.1614
NFLX,Entertainment,2021-04-20,434.93,439.04,412.34,419.47,36159483,-3.5546,-3.0329,427.59,436.8,431.59,53.23,-2.77,10.2799,Sell,-3.4572
MSFT,Technology,2021-12-01,354.02,354.03,348.48,351.93,70930249,-0.5904,-1.1321,356.78,353.0,348.54,48.77,1.77,2.2666,Buy,-0.2637
JPM,Finance,2021-10-12,242.41,242.94,241.24,241.65,32276140,-0.3135,-0.3587,240.1,234.65,231.36,63.88,5.84,2.7767,Buy,-0.7497
AMZN,E-Commerce,2021-09-23,4051.26,4101.84,4027.92,1237.6000000000001,70423227,-0.057,-0.3348,1240.1075,3919.2,3901.8,52.36,20.84125,47.9441375,Buy,-5.8069749999999996
TSLA,Automotive,2021-05-28,88.67,91.73,77.22,84.61,72291718,-4.3987125,-3.0591,89.11,94.1,115.37,54.32,-3.44,5.4168,Sell,-4.9714
TSLA,Automotive,2021-06-04,78.1,81.18,75.05,76.67,40155070,-1.831,-4.73485,82.21,88.44,106.72,49.81,0.0,5.6245,Sell,-1.465
NFLX,Entertainment,2021-01-04,517.39,522.57,514.78,521.73,9121018,0.8388,1.1085,521.73,521.73,521.73,60.2,0.0,0.01,Hold,0.931
NFLX,Entertainment,2021-05-14,451.73,480.05,445.94,478.28,67366262,4.4427875,4.70215,453.34,436.59,435.97,68.88,10.14,13.7012,Buy,5.763225
NFLX,Entertainment,2021-05-26,471.06,492.58,467.26,485.95,39146845,3.161,3.3145,475.11,445.54,445.03,48.7,20.62,11.0331,Buy,3.8334
MSFT,Technology,2021-10-14,343.53,344.59,341.89,344.27,12192663,0.2154,0.6402,344.58,340.95,341.55,58.89,3.68,2.0919,Buy,-0.1397
MSFT,Technology,2021-10-22,345.12,350.5,344.03,349.67,42661003,1.3184,1.5803,344.64,341.07,342.39,57.6,3.33,2.84,Buy,1.141
NFLX,Entertainment,2021-09-27,554.96,560.38,548.14,550.43,45482565,-0.8163,-1.556,558.49,545.96,533.05,52.05,8.99,7.6098,Buy,-2.358
NFLX,Entertainment,2021-04-05,443.03,470.15,437.96,466.63,17707458,4.4427875,4.70215,444.8,433.13,430.96,57.79,14.31,11.2789,Buy,5.763225
NFLX,Entertainment,2021-11-11,513.39,530.44,511.67,525.55,27780275,2.3686,1.5046,517.97,557.25,554.7,51.09,-19.588749999999997,9.3644,Sell,1.2232
JPM,Finance,2021-05-18,147.05,147.85,144.9,146.07,22206695,-0.6664,-0.9896,150.07,152.61,145.54,42.85,-1.33,2.8358,Sell,-0.5713
NFLX,Entertainment,2021-03-11,415.27,418.54,412.62,416.48,53701369,0.2914,-0.1726,271.57,424.3,446.85,52.48,0.17,6.9457,Sell,-0.6184
JPM,Finance,2021-12-24,243.43,244.2,241.75,243.72,68162010,0.1191,0.5944,242.3,249.58,246.63,41.4,-3.78,3.3564,Sell,0.2035
JNJ,Healthcare,2021-12-22,114.02,114.13,111.81,113.07,10829952,-0.8332,-0.0795,115.66,116.84,116.86,38.84,0.01,1.7196,Sell,-0.7146
JPM,Finance,2021-04-20,151.86,152.31,150.71,151.36,13238418,-0.3293,-0.1846,151.87,140.4,139.55,63.84,8.81,1.9352,Buy,-0.7545
MSFT,Technology,2021-01-12,295.38,304.15,295.2,303.03,57101391,2.5899,2.9349,294.91,303.03,303.03,63.92,0.0,0.01,Sell,2.1936
AMZN,E-Commerce,2021-01-19,3598.93,3608.62,3587.95,1237.6000000000001,6819447,-0.1523,-0.2216,1240.1075,3593.45,3593.45,30.32,-19.588749999999997,34.4086,Sell,-4.5823
TSLA,Automotive,2021-06-23,63.61,82.19,61.74,80.41,63531073,4.4427875,4.70215,60.35,76.69,86.21,56.54,-10.93,9.4479,Sell,5.763225
AMZN,E-Commerce,2021-11-18,3925.95,3942.59,3874.13,1237.6000000000001,37524978,-0.9519,-0.3684,1240.1075,3981.44,4000.76,55.83,8.4,47.9441375,Sell,5.763225
JNJ,Healthcare,2021-07-29,157.3,157.44,152.97,153.99,26900682,-2.1043,-1.9234,160.05,166.89,171.6,47.3,-5.18,2.8409,Sell,-1.7705
JNJ,Healthcare,2021-10-29,117.56,121.22,116.82,119.8,12490328,1.9054,1.1312,117.76,120.24,126.33,68.93,-3.1,1.8266,Sell,1.7846
TSLA,Automotive,2021-02-18,172.68,176.68,169.38,174.32,38406368,0.9497,1.7808,180.18,164.93,174.32,62.05,18.28,10.8408,Buy,0.8011
TSLA,Automotive,2021-08-12,126.94,141.17,126.75,140.04,75300591,4.4427875,4.70215,132.09,121.03,101.76,50.15,1.15,8.6501,Buy,5.763225
TSLA,Automotive,2021-03-19,173.45,179.21,157.88,158.25,14942411,-4.3987125,-4.73485,174.4,175.4,167.08,37.99,3.06,8.2184,Sell,-5.8069749999999996
JPM,Finance,2021-12-22,242.64,244.48,236.55,238.23,27454734,-1.8175,-1.7527,243.69,249.85,246.55,23.32,-3.98,3.7352,Hold,-1.9875
MSFT,Technology,2021-04-02,307.2,315.53,305.95,313.85,22268636,2.1647,2.1381,307.58,300.31,308.79,47.39,2.84,6.6981,Buy,1.9615
MSFT,Technology,2021-11-09,351.71,359.18,349.85,356.45,33759127,1.3477,1.132,353.0,347.72,344.29,51.91,4.52,2.6766,Buy,1.5979
JPM,Finance,2021-08-09,221.09,222.11,219.66,221.02,46476874,-0.0317,-0.0362,223.37,202.1,189.33,62.38,13.31,4.6564,Buy,0.0146
JNJ,Healthcare,2021-02-19,157.24,158.21,152.1,153.26,69272662,-2.5312,-2.5745,157.72,160.82,153.26,23.78,-0.87,1.9471,Hold,-2.5102
MSFT,Technology,2021-07-15,287.63,290.78,287.25,290.09,44364262,0.8553,0.9781,284.96,283.58,279.6,27.36,-1.88,4.6086,Buy,0.1803
TSLA,Automotive,2021-01-05,202.26,204.95,195.67,196.53,50107521,-2.833,-2.679,196.53,196.53,196.53,40.57,0.0,0.01,Hold,-2.4972
MSFT,Technology,2021-01-22,312.92,315.55,305.19,307.11,52440700,-1.8567,-1.9131,310.61,307.11,307.11,60.75,-1.08,5.396,Buy,-1.6198
TSLA,Automotive,2021-01-27,121.13,130.26,114.74,128.83,22068415,4.4427875,4.70215,138.71,128.83,128.83,30.25,20.84125,18.8502,Buy,5.5468
MSFT,Technology,2021-07-30,315.68,318.3,313.39,314.25,69969648,-0.453,-0.412,310.06,291.46,286.08,60.21,9.98,8.6844,Buy,-0.5031
JPM,Finance,2021-06-08,168.62,169.4,167.03,168.93,21231041,0.1838,0.9441,166.19,158.13,155.42,62.92,6.49,1.9935,Buy,0.2134
TSLA,Automotive,2021-11-15,92.35,94.94,91.94,94.86,41854234,2.7179,3.1423,97.48,103.68,113.61,33.74,-3.75,9.0912,Sell,2.8062
AAPL,Technology,2021-11-19,140.75,142.84,140.32,141.8,65400360,0.746,0.5888,141.35,138.9,137.99,49.99,3.37,1.6759,Buy,0.5637
NFLX,Entertainment,2021-06-25,477.08,491.05,473.23,486.95,51043126,2.0688,2.5482,476.19,474.38,458.7,60.35,2.43,5.8362,Buy,1.8276
GOOGL,Technology,2021-11-10,2700.93,2750.81,2678.5,1237.6000000000001,79972361,1.1803,0.8529,1240.1075,2712.89,2695.65,39.02,7.78,32.1411,Buy,-4.3871
JPM,Finance,2021-09-27,238.94,243.33,238.85,242.18,62309938,1.356,1.1866,232.45,230.34,225.39,49.02,-0.43,5.8445,Buy,1.2327
JNJ,Healthcare,2021-05-17,188.18,188.9,186.93,188.83,71473463,0.3454,1.2222,188.37,182.35,176.17,48.09,2.7,2.3687,Buy,-0.031
AAPL,Technology,2021-05-14,136.37,136.53,134.91,134.96,17937307,-1.034,-1.1282,139.83,140.01,145.12,39.15,1.25,3.2447,Sell,-0.6184
AMZN,E-Commerce,2021-11-30,4215.61,4303.0,4194.09,1237.6000000000001,42661003,1.7637,1.495,1240.1075,4032.06,4031.87,65.51,20.84125,47.9441375,Buy,5.763225
TSLA,Automotive,2021-03-01,158.66,173.15,157.62,169.24,42661003,4.4427875,4.70215,164.63,160.75,169.24,30.57,6.15,7.6334,Buy,5.763225
MSFT,Technology,2021-11-05,353.62,356.3,352.18,352.47,46734309,-0.3252,-0.735,353.55,346.35,343.59,44.79,4.09,3.3463,Buy,-0.473
TSLA,Automotive,,116.47,117.08,109.48,112.62,41649694,-3.3056,-1.4612,104.27,108.66,119.99,54.34,-3.93,8.5048,Sell,-3.2848
AMZN,E-Commerce,2021-04-23,3171.41,3208.3,3088.14,1237.6000000000001,38242533,-1.4407,-1.1023,1240.1075,3196.39,3203.83,62.29,-1.72,47.011,Buy,-3.1128
JPM,Finance,2021-02-16,145.66,147.44,142.84,142.93,5201301,-1.8742,-1.6717,140.53,144.9,142.93,44.72,-2.48,2.9158,Sell,-2.1179
JPM,Finance,2021-07-28,214.41,216.09,212.1,212.21,18552441,-1.0261,-0.553,208.57,188.68,179.77,59.68,11.95,5.5792,Buy,-0.8909
NFLX,Entertainment,2021-09-09,542.08,558.26,535.51,535.91,54662280,-1.1382,-0.588,532.67,538.05,506.61,70.47,-4.7,8.6594,Sell,-1.5641
AMZN,E-Commerce,2021-06-02,3342.77,3420.26,3325.91,1237.6000000000001,32628743,1.6806,1.6074,1240.1075,3113.33,3140.8,70.83,20.84125,47.9441375,Hold,-3.1828
JNJ,Healthcare,2021-03-18,169.94,171.53,167.69,170.18,53173609,0.1412,0.6506,166.82,159.76,160.89,62.56,4.78,2.691,Buy,0.1525
AMZN,E-Commerce,2021-12-24,4143.06,4150.41,4141.52,1237.6000000000001,48824699,0.0898,0.481,1240.1075,4172.41,4101.14,40.87,20.84125,47.9441375,Buy,-1.0968
AAPL,Technology,2021-10-18,137.74,139.66,137.49,1.0,49621818,1.2415,1.5289,137.51,137.71,141.13,51.78,0.0,1.7032,Sell,1.1923
GOOGL,Technology,2021-07-05,2750.4,2784.03,2715.94,1237.6000000000001,28324038,0.9919,0.6979,1240.1075,2583.63,2593.68,54.49,20.84125,47.9441375,Buy,2.3008
AMZN,E-Commerce,2021-01-18,3521.29,3621.35,3512.77,1237.6000000000001,63113469,2.2759,2.5058,1240.1075,3601.43,3601.43,45.19,-19.588749999999997,27.8513,Sell,1.7694
AMZN,E-Commerce,2021-05-04,3016.64,3021.3,2977.72,1237.6000000000001,13196784,-0.0862,-0.3656,1240.1075,3159.53,3165.58,61.02,-14.79,47.9441375,Sell,3.4425
GOOGL,Technology,2021-07-12,2856.47,2949.4,2841.78,1237.6000000000001,20694228,2.8791,2.936,1240.1075,2652.47,2612.42,76.18,20.84125,47.9441375,Hold,3.8557
TSLA,Automotive,2021-12-09,114.47,115.13,106.91,110.84,79603484,-3.1711,-2.8486,118.38,107.76,107.48,48.03,10.47,7.2226,Buy,-4.2734
JNJ,Healthcare,2021-11-02,119.58,120.22,115.4,116.38,53932813,-2.676,-3.4031,118.48,119.86,125.45,55.93,-1.76,1.5622,Sell,-2.5658
MSFT,Technology,2021-10-05,341.59,346.58,340.44,346.19,52099985,1.3466,1.2251,340.21,340.42,337.92,46.59,-1.9,5.0257,Sell,1.2161
AMZN,E-Commerce,2021-12-10,4233.07,4372.48,4202.1,1237.6000000000001,17884649,1.9537,1.9944,1240.1075,4104.69,4059.32,49.13,20.84125,38.5818,Buy,-1.0544
JPM,Finance,2021-11-15,247.94,250.14,246.31,250.03,37853962,0.8429,0.7901,245.47,241.91,238.67,43.08,1.12,2.9464,Buy,0.9386
TSLA,Automotive,2021-06-18,57.5,71.05,53.21,66.05,55689399,4.4427875,4.70215,61.18,78.45,89.5,45.78,-10.42,9.1034,Sell,5.763225
NFLX,Entertainment,2021-09-10,539.46,545.06,535.5,542.94,29989185,0.6451,1.3118,534.16,539.22,508.2,67.35,-5.17,8.8503,Sell,0.9141
JNJ,Healthcare,2021-07-15,160.4,161.49,158.24,158.64,67728498,-1.0973,-0.7756,164.19,173.01,177.22,26.82,-6.58,3.3842,Hold,-1.4046
TSLA,Automotive,2021-05-07,82.57,88.16,74.82,76.25,53912986,-4.3987125,-4.73485,89.66,120.96,141.8,42.22,-15.5,9.8565,Sell,-5.8069749999999996
JPM,Finance,2021-10-04,242.11,242.77,239.5,241.27,17087483,-0.3469,-0.4908,241.77,232.84,228.92,66.02,3.61,6.0067,Buy,-0.2009
AMZN,E-Commerce,2021-09-07,3862.34,3928.99,3856.46,1237.6000000000001,24197202,0.9455,1.206,1240.1075,3894.59,3817.79,53.64,-19.588749999999997,29.5698,Sell,5.763225
JPM,Finance,2021-01-07,157.16,159.06,155.55,156.79,6309492,-0.2354,0.629,271.57,156.79,156.79,63.79,0.0,0.01,Hold,-0.0745
JNJ,Healthcare,2021-09-15,132.25,132.93,130.22,130.99,9182705,-0.9527,-0.2893,134.32,141.17,148.71,49.2,-4.19,2.1629,Sell,-0.7531
TSLA,Automotive,2021-10-13,121.72,123.34,106.6,112.36,37833526,-4.3987125,-4.73485,112.55,126.95,135.21,57.04,-8.98,5.0686,Sell,-5.8069749999999996
JNJ,Healthcare,2021-04-07,170.49,173.07,169.01,172.02,55310181,0.8974,1.218,169.09,164.84,162.22,67.21,1.43,2.6665,Buy,0.9665
TSLA,Automotive,2021-08-16,152.4,154.96,146.71,152.61,9620981,0.1378,1.6451,138.36,124.53,104.79,54.3,4.41,8.9399,Buy,0.4516
AAPL,Technology,2021-05-19,137.7,139.86,135.29,136.43,79364142,-0.9223,-1.0732,136.55,138.54,144.28,46.95,1.01,3.9001,Sell,-1.2444
AMZN,E-Commerce,2021-02-01,3428.83,3485.83,3401.33,1237.6000000000001,42580909,1.108,0.4951,1240.1075,3466.82,3466.82,58.24,20.84125,47.9441375,Buy,5.763225
JPM,Finance,2021-09-17,227.2,229.0,226.43,228.0,44570995,0.3521,0.5779,229.14,228.31,220.68,37.36,0.66,2.3954,Buy,0.6859
JPM,Finance,2021-02-15,140.69,146.67,139.24,145.36,12017633,3.3194,3.4664,139.7,145.57,145.36,43.08,-2.62,3.0503,Sell,2.9672
GOOGL,Technology,2021-07-23,2853.64,2909.79,2837.57,1237.6000000000001,23862260,0.6525,0.3182,1240.1075,2745.74,2661.11,56.22,20.84125,33.1308,Buy,-5.8069749999999996
GOOGL,Technology,2021-12-06,2683.13,2701.17,2679.6,1237.6000000000001,48203225,0.1226,-0.0115,1240.1075,2696.24,2700.52,63.27,-16.05,21.0248,Sell,-0.6681
MSFT,Technology,,323.96,327.56,323.19,324.34,5937745,0.1173,0.0216,326.63,324.34,324.34,49.09,9.92,4.5697,Buy,-0.764
MSFT,Technology,2021-01-19,310.78,313.96,309.41,311.79,30040119,0.325,-0.342,307.26,311.79,311.79,35.57,-10.31,7.673,Sell,0.1066
AMZN,E-Commerce,2021-07-26,3888.2,3901.65,3848.63,1237.6000000000001,43823743,-0.1268,0.025,1240.1075,3601.39,3459.05,53.16,20.84125,47.9441375,Buy,-3.1977
TSLA,Automotive,2021-12-28,130.49,133.18,115.41,125.24,74581208,-4.0233,-3.706,118.29,114.79,108.62,62.96,-2.31,8.1867,Buy,-4.2893
JNJ,Healthcare,2021-02-22,153.33,154.18,149.01,149.64,51361201,-2.4066,-2.362,156.31,160.11,149.64,21.92,-1.21,3.1697,Hold,-2.5339
AAPL,Technology,2021-10-08,141.06,141.6,138.07,138.27,20481919,-1.9779,-1.2004,136.9,138.79,142.29,52.35,-1.86,2.028,Sell,-1.5176
JPM,Finance,2021-11-19,259.48,260.02,255.1,257.47,56079177,-0.7746,-0.8243,253.14,244.34,240.73,60.83,4.52,5.8372,Buy,-0.9422
GOOGL,Technology,2021-06-15,2633.99,2661.58,2616.87,1237.6000000000001,9025180,0.5292,0.335,1240.1075,2557.38,2617.86,64.95,19.4,45.3872,Buy,-3.9697
GOOGL,Technology,2021-08-10,2791.44,2811.86,2776.46,1237.6000000000001,61039268,-0.2336,-0.7205,1240.1075,2811.28,2725.73,53.64,-19.588749999999997,47.9441375,Sell,1.4604
JPM,Finance,2021-07-06,184.18,186.56,181.86,183.96,27568368,-0.1194,-0.3089,182.72,172.12,165.04,63.28,4.17,6.4625,Buy,-0.465
GOOGL,Technology,2021-07-02,2712.45,2788.53,2698.92,1237.6000000000001,50302496,1.6951,1.739,1240.1075,2574.71,2591.33,53.4,20.84125,47.9441375,Buy,3.0803
NFLX,Entertainment,2021-11-02,508.99,511.36,506.09,506.87,40052587,-0.4165,-0.2224,530.84,567.17,557.4,39.21,-16.52,29.7633,Sell,-0.9863
MSFT,Technology,2021-06-16,284.02,287.89,276.45,279.17,36158986,-1.7076,-1.4995,286.33,277.05,284.33,52.62,4.65,7.1121,Buy,-1.4174
NFLX,Entertainment,2021-09-24,560.4,568.58,552.78,559.13,75556092,-0.2266,-0.3671,560.26,545.83,531.01,57.34,8.22,7.8022,Buy,1.0114
JNJ,Healthcare,2021-10-08,119.1,119.48,118.67,118.88,55617103,-0.1847,-1.3362,122.46,129.19,136.25,39.02,-4.12,2.1818,Sell,-0.2338
MSFT,Technology,2021-06-02,276.1,279.68,273.31,276.65,60292641,0.1992,0.3773,272.04,278.94,289.78,58.78,-2.91,4.0203,Sell,0.1172
NFLX,Entertainment,2021-03-30,449.7,452.95,440.97,441.23,8880231,-1.8835,-1.7305,451.47,431.43,431.28,59.65,10.51,13.1391,Buy,-1.4384
AAPL,Technology,2021-04-01,154.12,154.4,151.55,153.66,59662980,-0.2985,-0.013,152.32,152.79,155.47,58.52,0.32,2.5038,Sell,-0.3772
JNJ,Healthcare,2021-11-26,115.34,115.85,113.61,113.79,45381501,-1.3439,-1.0177,115.38,116.97,118.93,58.66,-0.6,2.5813,Sell,-0.8909
MSFT,Technology,2021-07-12,284.59,288.76,284.32,285.72,74649576,0.3971,0.8791,280.42,282.21,279.52,27.41,0.13,5.2266,Hold,0.6877
GOOGL,Technology,2021-11-22,2642.84,2648.86,2633.71,1237.6000000000001,6995853,0.0761,0.7071,1240.1075,2705.55,2700.67,39.65,-1.47,46.2834,Sell,1.8997
GOOGL,Technology,2021-06-16,2652.92,2658.57,2598.74,1237.6000000000001,57869432,-0.8312,-0.6443,1240.1075,2557.2,2613.65,76.9,20.84125,34.7509,Hold,-0.3497
TSLA,Automotive,2021-12-06,126.18,130.78,112.54,115.04,14002464,-4.3987125,-4.73485,123.48,107.32,108.11,44.02,9.39,6.4838,Buy,-5.8069749999999996
AMZN,E-Commerce,2021-01-13,3477.58,3521.87,3457.16,1237.6000000000001,25989590,0.9809,0.3062,1240.1075,3511.69,3511.69,39.0,0.0,0.01,Buy,-5.8069749999999996
MSFT,Technology,2021-02-16,319.82,324.37,313.15,313.56,29083090,-1.9574,-1.4768,321.97,314.81,313.56,39.68,6.43,5.4237,Buy,-1.7296
AMZN,E-Commerce,2021-05-14,3088.59,3102.98,2995.96,1237.6000000000001,55137343,-1.0623,-0.4817,1240.1075,3118.51,3149.45,60.51,-19.588749999999997,34.0048,Sell,-4.5844
GOOGL,Technology,2021-04-19,2686.8,2711.78,2657.96,1237.6000000000001,63094125,-0.8274,-0.8277,1240.1075,2886.88,2974.17,21.41,-19.588749999999997,47.9441375,Hold,0.4431
AMZN,E-Commerce,2021-11-24,4140.17,4180.46,4128.09,1237.6000000000001,27913462,0.7191,0.8603,1240.1075,3994.08,4015.99,62.96,7.56,47.9441375,Buy,2.5487
MSFT,Technology,2021-11-22,357.04,362.63,355.16,355.19,38015738,-0.5181,-0.9923,350.73,349.96,345.9,45.78,0.94,5.3136,Buy,-0.3446
GOOGL,Technology,2021-09-30,2714.01,2731.38,2706.5,1237.6000000000001,48899366,0.0777,0.2999,1240.1075,2683.67,2727.51,49.29,20.84125,26.0729,Buy,-0.3741
AMZN,E-Commerce,2021-02-16,3542.73,3548.3,3378.36,1237.6000000000001,66319638,-3.8338,-3.7773,1240.1075,3506.4,3406.91,38.69,-13.46,47.9441375,Sell,-5.8069749999999996
AMZN,E-Commerce,2021-10-26,3941.65,4000.61,3923.55,1237.6000000000001,30329955,0.3869,0.2242,1240.1075,4011.0,3956.3,42.76,-19.588749999999997,31.3766,Sell,-3.0429
JNJ,Healthcare,2021-08-05,156.09,157.93,150.01,151.74,58508596,-2.7869,-2.1663,155.07,162.57,169.06,46.82,-3.29,3.7982,Sell,-2.9164
AAPL,Technology,2021-10-11,137.68,138.61,134.56,136.52,11960033,-0.8425,-1.2656,136.84,138.49,142.14,51.99,-1.86,1.6841,Sell,-1.076
AAPL,Technology,2021-08-16,145.95,148.89,145.11,147.2,77150515,0.8565,0.2383,145.84,142.89,138.67,54.37,2.37,2.445,Buy,0.4612
JPM,Finance,2021-01-20,140.25,142.93,140.06,142.65,45268142,1.7112,0.8198,143.13,142.65,142.65,35.56,5.86,5.7659,Buy,1.7355
TSLA,Automotive,2021-09-10,134.67,135.56,129.06,129.98,40682075,-3.4826,-4.73485,144.47,144.64,134.13,28.01,-0.93,6.7941,Hold,-5.1514
NFLX,Entertainment,2021-10-01,558.63,565.03,557.9,562.07,46719446,0.6158,0.0249,559.35,548.22,541.44,50.49,11.88,6.7537,Buy,2.3806
MSFT,Technology,2021-04-30,284.97,290.54,284.65,288.47,72179347,1.2282,1.1749,288.1,300.89,299.88,43.46,-10.86,1.7741,Sell,2.0114
AMZN,E-Commerce,2021-12-01,4304.31,4324.09,4207.37,1237.6000000000001,75954221,-2.1973,-1.8702,1240.1075,4040.78,4034.81,58.74,20.84125,47.9441375,Buy,1.591
JPM,Finance,2021-01-28,147.46,147.64,141.58,143.33,15159908,-2.8008,-2.8008,147.83,143.33,143.33,50.49,2.02,4.5557,Buy,-2.9531
JNJ,Healthcare,2021-06-30,169.18,171.21,168.53,170.8,9455319,0.9576,0.9337,174.92,178.23,181.28,50.49,-0.37,4.9634,Sell,0.8289
AAPL,Technology,2021-02-18,159.04,160.99,154.03,154.46,7167220,-2.8798,-2.8187,157.41,159.85,154.46,42.3,-2.37,1.4377,Sell,-2.7618
TSLA,Automotive,2021-12-22,117.02,118.04,110.69,113.68,35538275,-2.8542,-3.2181,109.5,110.63,107.32,48.75,-2.37,4.7748,Sell,-2.9564
NFLX,Entertainment,2021-09-01,532.65,540.58,524.22,532.54,53676425,-0.0207,-0.0056,541.24,529.49,500.9,61.39,5.79,8.9067,Buy,-0.881
NFLX,Entertainment,2021-04-30,427.5,437.57,427.03,431.25,67279285,0.8772,1.2205,420.51,436.53,431.46,54.74,-10.47,7.1602,Sell,1.3098
NFLX,Entertainment,2021-03-24,468.06,468.57,450.55,452.13,36449878,-3.4034,-3.7714,442.46,427.3,433.47,57.09,3.1,18.9939,Buy,-2.9501
JNJ,Healthcare,2021-10-28,117.83,119.24,117.3,118.46,60589729,0.5347,-0.2946,117.26,120.46,126.83,70.17,-3.6,1.7397,Sell,0.4713
AAPL,Technology,2021-12-06,132.74,134.39,127.7,129.61,11721681,-2.358,-1.9888,132.92,138.6,137.62,34.01,-3.33,2.5886,Sell,-1.9389
JNJ,Healthcare,2021-11-25,111.91,115.31,110.33,114.96,61683735,2.7254,1.942,271.57,116.98,119.19,53.88,-0.25,2.4115,Sell,2.8772
TSLA,Automotive,2021-04-21,106.45,109.46,100.78,105.95,59094529,-0.4697,-4.0482,116.37,150.2,159.09,50.49,-19.588749999999997,9.9953,Sell,1.0104
MSFT,Technology,2021-12-22,333.56,333.76,327.37,331.05,22064263,-0.7525,-1.297,338.33,348.75,349.31,36.16,-7.95,3.6816,Sell,-0.7127
JNJ,Healthcare,2021-12-06,116.73,117.87,114.84,117.85,21105155,0.9595,0.4603,117.04,117.32,118.02,54.81,-0.94,2.0262,Sell,0.7712
TSLA,Automotive,2021-06-24,79.5,84.71,75.9,83.51,74592669,4.4427875,3.8552,65.32,76.63,85.6,54.27,-9.96,11.0333,Sell,5.763225
NFLX,Entertainment,2021-11-10,512.57,518.35,511.93,517.76,66888134,1.0125,1.1171,515.3,558.47,554.67,51.71,-19.588749999999997,8.8669,Sell,2.4874
MSFT,Technology,2021-11-10,357.14,358.24,349.48,352.73,42752423,-1.2348,-1.0436,353.77,348.16,344.55,51.69,4.81,2.6912,Buy,-1.4553
JNJ,Healthcare,2021-04-13,177.62,181.87,176.95,181.09,39678750,1.9536,2.2299,174.04,167.51,163.3,67.08,2.39,4.4262,Buy,1.5592
TSLA,Automotive,2021-02-26,158.21,160.93,158.09,160.41,7185085,1.3906,2.4853,165.35,160.46,160.41,31.8,8.68,8.1095,Buy,1.2929
AAPL,Technology,2021-09-23,137.39,142.89,137.16,139.46,65161281,1.5067,1.2414,136.57,143.43,143.64,51.32,-3.67,2.7948,Sell,1.6862
JPM,Finance,2021-12-03,253.2,256.64,248.59,249.52,42661003,-1.4534,-1.5428,252.78,248.25,245.2,42.19,0.0,2.6978,Buy,-1.1855
AMZN,E-Commerce,2021-09-28,4018.62,4086.91,4012.99,1237.6000000000001,42975709,1.6483,1.8882,1240.1075,3925.9,3916.11,60.25,20.84125,47.9441375,Buy,5.763225
JNJ,Healthcare,2021-11-05,116.74,117.45,113.66,116.29,8863885,-0.3855,-0.8441,117.85,118.95,124.26,59.09,-0.47,1.3985,Sell,-0.4327
MSFT,Technology,2021-02-24,311.9,315.28,308.8,312.34,18865180,0.1411,-0.0544,315.8,318.28,312.34,24.85,-0.55,4.1591,Hold,0.2808
GOOGL,Technology,2021-10-27,2696.26,2724.95,2677.53,1237.6000000000001,7848864,0.9866,0.8101,1240.1075,2703.94,2694.73,43.26,7.66,42.9148,Sell,4.1834
TSLA,Automotive,2021-11-12,87.49,96.34,85.69,91.97,22983443,4.4427875,3.8622,100.25,104.13,114.59,37.49,-3.24,9.7075,Sell,5.763225
AAPL,Technology,2021-02-01,163.74,165.26,160.13,160.8,5204118,-1.7955,-2.4153,162.69,160.8,160.8,38.21,0.99,1.8512,Buy,-2.0081
GOOGL,Technology,2021-10-06,2729.29,2744.28,2706.54,1237.6000000000001,66758852,-0.8211,-0.9137,1240.1075,2674.74,2715.84,42.71,20.84125,22.3741,Buy,-5.8069749999999996
MSFT,Technology,2021-07-16,288.47,290.56,287.18,290.52,61745189,0.7106,0.1482,286.8,284.17,279.8,25.03,-1.26,4.7068,Buy,0.4545
AMZN,E-Commerce,2021-08-31,3936.87,3945.05,3876.36,1237.6000000000001,45017356,-0.7912,-0.6251,1240.1075,3895.13,3775.49,57.93,-9.89,41.2375,Sell,-4.8822
MSFT,Technology,2021-08-30,340.64,341.35,335.82,337.08,57481105,-1.0451,-1.476,345.32,329.6,311.71,42.86,11.99,4.9237,Buy,-0.626
TSLA,Automotive,2021-12-14,116.96,118.27,104.69,106.32,47139189,-4.3987125,-4.73485,112.59,109.65,107.72,50.49,8.28,7.405,Buy,-5.8069749999999996
JPM,Finance,2021-06-17,173.22,177.4,173.0,176.76,46995241,2.0436,2.0142,271.57,162.04,158.76,50.75,6.11,2.9252,Buy,2.0053
AAPL,Technology,2021-07-02,135.86,135.87,133.29,135.52,8306061,-0.2503,-0.616,134.79,133.41,135.42,55.41,1.03,2.0524,Buy,-0.2263
NFLX,Entertainment,2021-09-07,533.91,553.0,527.33,546.71,15515539,2.3974,2.8598,533.45,536.58,504.54,63.75,-1.3,10.4419,Sell,2.9456
GOOGL,Technology,2021-04-08,2839.38,2845.67,2795.82,1237.6000000000001,14054677,-1.4214,-1.4815,1240.1075,2967.72,3027.89,28.02,11.64,47.9441375,Hold,1.2693
MSFT,Technology,2021-09-30,338.96,341.67,338.63,340.07,50316731,0.3275,0.1974,335.46,340.56,335.66,44.27,-2.34,2.7242,Sell,0.2859
GOOGL,Technology,2021-10-15,2753.27,2799.92,2738.4,1237.6000000000001,10581592,1.228,1.7933,1240.1075,2691.4,2713.07,47.35,15.55,32.7591,Buy,1.5704
JPM,Finance,2021-04-13,154.2,155.27,153.37,154.53,15882098,0.214,-0.1551,151.24,137.29,138.44,80.605,10.37,3.1579,Hold,0.1058
MSFT,Technology,2021-03-15,298.77,300.97,297.9,300.85,53712146,0.6962,0.7738,296.46,311.15,310.09,59.69,-11.65,2.8214,Sell,0.8317
MSFT,Technology,2021-05-03,289.98,290.81,288.94,289.62,7608883,-0.1241,0.3987,288.03,300.96,299.29,33.78,-11.27,1.4924,Sell,-0.5005
MSFT,Technology,2021-12-17,341.69,344.54,340.33,342.58,42173890,0.2605,0.3603,341.63,350.67,349.8,38.88,-4.15,4.9148,Sell,0.8873
AMZN,E-Commerce,2021-04-20,3283.67,3318.45,3199.16,1237.6000000000001,114210883,-2.5234,-3.2684,1240.1075,3196.14,3225.15,55.84,-17.0,41.4118,Buy,3.4559
